LOCATION,TIME,PM25
AUS,1990,7.602
AUS,1995,7.496
AUS,2000,7.366
AUS,2005,6.91
AUS,2010,6.787
AUS,2011,6.712
AUS,2012,7.001
AUS,2013,6.965
AUS,2014,6.877
AUS,2015,6.848
AUS,2016,6.822
AUS,2017,6.673
AUS,2018,6.741
AUS,2019,6.749
AUT,1990,21.558
AUT,1995,20.368
AUT,2000,17.429
AUT,2005,16.554
AUT,2010,15.872
AUT,2011,16.252
AUT,2012,14.63
AUT,2013,14.622
AUT,2014,12.913
AUT,2015,13.453
AUT,2016,12.391
AUT,2017,12.023
AUT,2018,12.385
AUT,2019,12.225
BEL,1990,21.014
BEL,1995,19.684
BEL,2000,17.751
BEL,2005,15.901
BEL,2010,16.982
BEL,2011,16.243
BEL,2012,15.201
BEL,2013,14.305
BEL,2014,12.908
BEL,2015,13.265
BEL,2016,12.437
BEL,2017,12.891
BEL,2018,12.82
BEL,2019,12.726
CAN,1990,10.076
CAN,1995,9.731
CAN,2000,9.204
CAN,2005,9.02
CAN,2010,7.902
CAN,2011,7.349
CAN,2012,7.611
CAN,2013,7.282
CAN,2014,7.498
CAN,2015,7.283
CAN,2016,6.207
CAN,2017,7.278
CAN,2018,7.073
CAN,2019,7.09
CZE,1990,26.573
CZE,1995,25.409
CZE,2000,21.636
CZE,2005,21.158
CZE,2010,20.619
CZE,2011,20.929
CZE,2012,19.194
CZE,2013,18.865
CZE,2014,18.334
CZE,2015,17.808
CZE,2016,16.886
CZE,2017,16.919
CZE,2018,17.166
CZE,2019,16.965
DNK,1990,16.065
DNK,1995,14.339
DNK,2000,14.558
DNK,2005,13.083
DNK,2010,13.351
DNK,2011,13.617
DNK,2012,10.866
DNK,2013,10.488
DNK,2014,11.056
DNK,2015,10.185
DNK,2016,9.302
DNK,2017,10.288
DNK,2018,9.873
DNK,2019,9.785
FIN,1990,8.806
FIN,1995,8.079
FIN,2000,7.646
FIN,2005,7.206
FIN,2010,7.353
FIN,2011,7.17
FIN,2012,6.484
FIN,2013,6.099
FIN,2014,6.49
FIN,2015,5.719
FIN,2016,5.68
FIN,2017,5.334
FIN,2018,5.675
FIN,2019,5.638
FRA,1990,18.15
FRA,1995,16.877
FRA,2000,15.939
FRA,2005,14.768
FRA,2010,14.861
FRA,2011,14.78
FRA,2012,13.529
FRA,2013,13.448
FRA,2014,11.509
FRA,2015,12.232
FRA,2016,11.439
FRA,2017,11.387
FRA,2018,11.492
FRA,2019,11.367
DEU,1990,20.769
DEU,1995,18.865
DEU,2000,16.606
DEU,2005,15.24
DEU,2010,16.254
DEU,2011,15.741
DEU,2012,13.952
DEU,2013,13.716
DEU,2014,12.374
DEU,2015,12.858
DEU,2016,11.899
DEU,2017,12.007
DEU,2018,12.048
DEU,2019,11.928
GRC,1990,19.611
GRC,1995,19.263
GRC,2000,20.779
GRC,2005,19.238
GRC,2010,19.152
GRC,2011,19.81
GRC,2012,17.438
GRC,2013,16.77
GRC,2014,15.799
GRC,2015,16.155
GRC,2016,14.54
GRC,2017,14.511
GRC,2018,14.586
GRC,2019,14.32
HUN,1990,25.466
HUN,1995,25.025
HUN,2000,21.5
HUN,2005,20.405
HUN,2010,20.212
HUN,2011,20.937
HUN,2012,18.586
HUN,2013,17.641
HUN,2014,17.676
HUN,2015,17.688
HUN,2016,15.855
HUN,2017,16.698
HUN,2018,16.743
HUN,2019,16.596
ISL,1990,7.713
ISL,1995,7.322
ISL,2000,7.711
ISL,2005,7.475
ISL,2010,7.343
ISL,2011,7.57
ISL,2012,6.903
ISL,2013,6.792
ISL,2014,6.624
ISL,2015,6.504
ISL,2016,6.096
ISL,2017,6.376
ISL,2018,6.363
ISL,2019,6.374
IRL,1990,12.395
IRL,1995,11.586
IRL,2000,11.011
IRL,2005,10.459
IRL,2010,9.881
IRL,2011,10.056
IRL,2012,9.145
IRL,2013,8.78
IRL,2014,8.513
IRL,2015,8.376
IRL,2016,7.833
IRL,2017,7.657
IRL,2018,7.91
IRL,2019,7.848
ITA,1990,25.912
ITA,1995,24.331
ITA,2000,23.864
ITA,2005,21.213
ITA,2010,20.088
ITA,2011,21.195
ITA,2012,18.635
ITA,2013,17.911
ITA,2014,16.909
ITA,2015,17.81
ITA,2016,15.557
ITA,2017,15.875
ITA,2018,16.033
ITA,2019,15.848
JPN,1990,13.392
JPN,1995,12.999
JPN,2000,12.984
JPN,2005,12.22
JPN,2010,11.717
JPN,2011,12.885
JPN,2012,13.317
JPN,2013,13.575
JPN,2014,13.924
JPN,2015,13.601
JPN,2016,13.544
JPN,2017,13.761
JPN,2018,13.658
JPN,2019,13.647
KOR,1990,25.145
KOR,1995,24.394
KOR,2000,24.251
KOR,2005,23.574
KOR,2010,22.903
KOR,2011,25.516
KOR,2012,25.842
KOR,2013,27.57
KOR,2014,28.209
KOR,2015,27.004
KOR,2016,27.828
KOR,2017,26.901
KOR,2018,27.448
KOR,2019,27.447
LUX,1990,16.168
LUX,1995,14.949
LUX,2000,13.148
LUX,2005,12.561
LUX,2010,13.202
LUX,2011,12.862
LUX,2012,11.515
LUX,2013,11.921
LUX,2014,10.16
LUX,2015,10.628
LUX,2016,9.933
LUX,2017,9.855
LUX,2018,10.154
LUX,2019,10.089
MEX,1990,33.591
MEX,1995,32.71
MEX,2000,30.248
MEX,2005,23.122
MEX,2010,21.484
MEX,2011,24.59
MEX,2012,22.704
MEX,2013,23.508
MEX,2014,21.961
MEX,2015,22.042
MEX,2016,21.213
MEX,2017,20.365
MEX,2018,20.361
MEX,2019,20.108
NLD,1990,19.78
NLD,1995,18.409
NLD,2000,16.793
NLD,2005,15.3
NLD,2010,15.71
NLD,2011,15.51
NLD,2012,13.819
NLD,2013,12.734
NLD,2014,12.192
NLD,2015,12.651
NLD,2016,11.523
NLD,2017,12.423
NLD,2018,12.073
NLD,2019,12.033
NZL,1990,6.821
NZL,1995,6.766
NZL,2000,6.757
NZL,2005,6.354
NZL,2010,6.294
NZL,2011,6.105
NZL,2012,6.228
NZL,2013,6.257
NZL,2014,6.049
NZL,2015,6.004
NZL,2016,6.078
NZL,2017,5.984
NZL,2018,6.035
NZL,2019,6.05
NOR,1990,11.282
NOR,1995,10.175
NOR,2000,10.138
NOR,2005,8.229
NOR,2010,8.174
NOR,2011,9.14
NOR,2012,7.62
NOR,2013,7.345
NOR,2014,7.497
NOR,2015,7.066
NOR,2016,6.639
NOR,2017,6.689
NOR,2018,6.726
NOR,2019,6.668
POL,1990,33.484
POL,1995,32.434
POL,2000,27.979
POL,2005,26.998
POL,2010,27.365
POL,2011,27.158
POL,2012,24.682
POL,2013,23.776
POL,2014,24.017
POL,2015,22.865
POL,2016,21.916
POL,2017,22.89
POL,2018,22.865
POL,2019,22.766
PRT,1990,11.255
PRT,1995,10.894
PRT,2000,11.581
PRT,2005,10.778
PRT,2010,9.773
PRT,2011,10.45
PRT,2012,9.14
PRT,2013,8.828
PRT,2014,8.658
PRT,2015,8.804
PRT,2016,7.828
PRT,2017,8.396
PRT,2018,8.216
PRT,2019,8.176
SVK,1990,27.531
SVK,1995,27.038
SVK,2000,22.937
SVK,2005,22.393
SVK,2010,21.662
SVK,2011,22.805
SVK,2012,20.519
SVK,2013,19.813
SVK,2014,19.487
SVK,2015,19.284
SVK,2016,18.03
SVK,2017,18.41
SVK,2018,18.659
SVK,2019,18.526
ESP,1990,13.996
ESP,1995,12.759
ESP,2000,14.039
ESP,2005,12.668
ESP,2010,11.795
ESP,2011,12.742
ESP,2012,11.463
ESP,2013,10.628
ESP,2014,10.09
ESP,2015,10.819
ESP,2016,9.82
ESP,2017,10.022
ESP,2018,10.033
ESP,2019,9.993
SWE,1990,9.543
SWE,1995,8.6
SWE,2000,8.564
SWE,2005,7.394
SWE,2010,7.558
SWE,2011,7.615
SWE,2012,6.285
SWE,2013,6.281
SWE,2014,6.558
SWE,2015,5.965
SWE,2016,5.531
SWE,2017,5.781
SWE,2018,5.767
SWE,2019,5.721
CHE,1990,18.277
CHE,1995,16.984
CHE,2000,15.073
CHE,2005,13.239
CHE,2010,13.328
CHE,2011,13.989
CHE,2012,12.882
CHE,2013,12.64
CHE,2014,10.748
CHE,2015,11.739
CHE,2016,10.733
CHE,2017,9.986
CHE,2018,10.291
CHE,2019,10.044
GBR,1990,17.021
GBR,1995,16.001
GBR,2000,14.764
GBR,2005,13.24
GBR,2010,12.388
GBR,2011,12.951
GBR,2012,11.389
GBR,2013,11.367
GBR,2014,10.828
GBR,2015,10.323
GBR,2016,10.153
GBR,2017,10.287
GBR,2018,10.104
GBR,2019,10.022
USA,1990,13.191
USA,1995,12.73
USA,2000,11.959
USA,2005,10.942
USA,2010,9.231
USA,2011,9.272
USA,2012,8.882
USA,2013,8.655
USA,2014,8.445
USA,2015,8.178
USA,2016,7.391
USA,2017,7.758
USA,2018,7.788
USA,2019,7.676
G7M,1990,15.897
G7M,1995,15.06
G7M,2000,14.126
G7M,2005,12.96
G7M,2010,11.957
G7M,2011,12.217
G7M,2012,11.498
G7M,2013,11.337
G7M,2014,10.877
G7M,2015,10.842
G7M,2016,10.082
G7M,2017,10.369
G7M,2018,10.365
G7M,2019,10.271
AFG,1990,49.345
AFG,1995,48.589
AFG,2000,52.234
AFG,2005,46.604
AFG,2010,52.496
AFG,2011,57.1
AFG,2012,55.466
AFG,2013,59.623
AFG,2014,62.722
AFG,2015,61.412
AFG,2016,57.966
AFG,2017,54.031
AFG,2018,53.432
AFG,2019,52.998
ALB,1990,24.515
ALB,1995,23.833
ALB,2000,24.176
ALB,2005,21.985
ALB,2010,21.557
ALB,2011,23.314
ALB,2012,21.456
ALB,2013,19.939
ALB,2014,19.817
ALB,2015,19.425
ALB,2016,17.691
ALB,2017,18.869
ALB,2018,18.66
ALB,2019,18.46
DZA,1990,29.82
DZA,1995,31.741
DZA,2000,35.611
DZA,2005,34.118
DZA,2010,32.14
DZA,2011,31.689
DZA,2012,32.7
DZA,2013,30.513
DZA,2014,32.01
DZA,2015,33.601
DZA,2016,32.901
DZA,2017,32.665
DZA,2018,32.761
DZA,2019,32.916
AGO,1990,29.884
AGO,1995,28.372
AGO,2000,28.148
AGO,2005,28.515
AGO,2010,28.961
AGO,2011,29.054
AGO,2012,29.279
AGO,2013,29.513
AGO,2014,28.475
AGO,2015,29.276
AGO,2016,29.265
AGO,2017,28.052
AGO,2018,28.317
AGO,2019,28.022
ARG,1990,16.008
ARG,1995,15.854
ARG,2000,14.471
ARG,2005,13.612
ARG,2010,14.054
ARG,2011,14.527
ARG,2012,13.685
ARG,2013,15.069
ARG,2014,14.115
ARG,2015,14.937
ARG,2016,14.452
ARG,2017,13.952
ARG,2018,13.973
ARG,2019,13.847
ARM,1990,33.08
ARM,1995,32.711
ARM,2000,31.619
ARM,2005,32.419
ARM,2010,36.201
ARM,2011,40.795
ARM,2012,41.393
ARM,2013,39.195
ARM,2014,38.755
ARM,2015,38.118
ARM,2016,34.872
ARM,2017,35.557
ARM,2018,34.639
ARM,2019,34.241
AZE,1990,23.023
AZE,1995,26.519
AZE,2000,25.158
AZE,2005,23.783
AZE,2010,25.842
AZE,2011,27.727
AZE,2012,29.593
AZE,2013,29.048
AZE,2014,28.289
AZE,2015,26.816
AZE,2016,25.058
AZE,2017,25.803
AZE,2018,25.884
AZE,2019,26.269
BHR,1990,55.271
BHR,1995,52.826
BHR,2000,62.38
BHR,2005,65.851
BHR,2010,63.267
BHR,2011,64.829
BHR,2012,67.43
BHR,2013,63.572
BHR,2014,58.959
BHR,2015,65.714
BHR,2016,61.124
BHR,2017,61.12
BHR,2018,59.88
BHR,2019,58.662
BGD,1990,52.987
BGD,1995,51.704
BGD,2000,53.802
BGD,2005,55.149
BGD,2010,56.488
BGD,2011,60.639
BGD,2012,69.004
BGD,2013,66.479
BGD,2014,73.372
BGD,2015,69.081
BGD,2016,67.908
BGD,2017,62.824
BGD,2018,63.39
BGD,2019,63.545
BLR,1990,25.509
BLR,1995,23.361
BLR,2000,22.062
BLR,2005,21.15
BLR,2010,22.464
BLR,2011,19.86
BLR,2012,19.164
BLR,2013,20.061
BLR,2014,20.489
BLR,2015,18.733
BLR,2016,16.906
BLR,2017,16.59
BLR,2018,16.666
BLR,2019,16.572
BEN,1990,45.405
BEN,1995,41.207
BEN,2000,47.29
BEN,2005,41.224
BEN,2010,41.207
BEN,2011,41.556
BEN,2012,43.131
BEN,2013,38.98
BEN,2014,39.025
BEN,2015,48.557
BEN,2016,46.11
BEN,2017,44.611
BEN,2018,45.719
BEN,2019,46.237
BTN,1990,36.626
BTN,1995,35.298
BTN,2000,36.997
BTN,2005,40.163
BTN,2010,39.66
BTN,2011,37.995
BTN,2012,44.212
BTN,2013,42.638
BTN,2014,48.562
BTN,2015,44.497
BTN,2016,43.646
BTN,2017,40.249
BTN,2018,40.473
BTN,2019,40.374
BOL,1990,51.517
BOL,1995,44.34
BOL,2000,30.718
BOL,2005,28.0
BOL,2010,31.867
BOL,2011,28.845
BOL,2012,28.677
BOL,2013,26.97
BOL,2014,28.543
BOL,2015,29.543
BOL,2016,28.391
BOL,2017,27.937
BOL,2018,27.717
BOL,2019,27.488
BIH,1990,43.034
BIH,1995,42.471
BIH,2000,39.23
BIH,2005,37.022
BIH,2010,35.465
BIH,2011,39.361
BIH,2012,35.516
BIH,2013,33.936
BIH,2014,32.558
BIH,2015,33.857
BIH,2016,29.593
BIH,2017,30.775
BIH,2018,30.781
BIH,2019,30.287
BWA,1990,24.283
BWA,1995,24.027
BWA,2000,24.315
BWA,2005,24.74
BWA,2010,26.597
BWA,2011,27.003
BWA,2012,27.059
BWA,2013,26.103
BWA,2014,25.672
BWA,2015,26.6
BWA,2016,25.651
BWA,2017,25.393
BWA,2018,25.475
BWA,2019,25.329
BRA,1990,14.806
BRA,1995,14.656
BRA,2000,14.573
BRA,2005,14.581
BRA,2010,14.057
BRA,2011,14.673
BRA,2012,13.768
BRA,2013,13.138
BRA,2014,12.988
BRA,2015,11.688
BRA,2016,11.42
BRA,2017,11.669
BRA,2018,11.634
BRA,2019,11.666
BRN,1990,7.798
BRN,1995,6.716
BRN,2000,6.457
BRN,2005,6.716
BRN,2010,6.403
BRN,2011,7.356
BRN,2012,7.625
BRN,2013,7.64
BRN,2014,7.772
BRN,2015,7.952
BRN,2016,7.68
BRN,2017,7.38
BRN,2018,7.72
BRN,2019,7.72
BGR,1990,28.772
BGR,1995,27.381
BGR,2000,26.722
BGR,2005,24.48
BGR,2010,23.417
BGR,2011,26.332
BGR,2012,23.273
BGR,2013,21.803
BGR,2014,22.244
BGR,2015,20.864
BGR,2016,19.951
BGR,2017,20.223
BGR,2018,20.213
BGR,2019,19.927
BFA,1990,51.922
BFA,1995,49.417
BFA,2000,54.914
BFA,2005,54.951
BFA,2010,53.993
BFA,2011,51.248
BFA,2012,54.194
BFA,2013,47.353
BFA,2014,48.429
BFA,2015,60.279
BFA,2016,56.265
BFA,2017,53.549
BFA,2018,53.665
BFA,2019,53.685
BDI,1990,34.496
BDI,1995,34.783
BDI,2000,36.186
BDI,2005,33.671
BDI,2010,33.231
BDI,2011,35.354
BDI,2012,37.159
BDI,2013,35.116
BDI,2014,34.964
BDI,2015,35.837
BDI,2016,35.549
BDI,2017,32.893
BDI,2018,33.811
BDI,2019,33.324
KHM,1990,28.388
KHM,1995,26.848
KHM,2000,27.493
KHM,2005,29.45
KHM,2010,29.002
KHM,2011,24.821
KHM,2012,25.025
KHM,2013,28.137
KHM,2014,24.314
KHM,2015,24.118
KHM,2016,24.889
KHM,2017,22.085
KHM,2018,22.339
KHM,2019,22.136
CMR,1990,67.543
CMR,1995,60.167
CMR,2000,69.061
CMR,2005,62.542
CMR,2010,60.636
CMR,2011,60.062
CMR,2012,62.559
CMR,2013,57.965
CMR,2014,57.778
CMR,2015,71.141
CMR,2016,66.837
CMR,2017,63.753
CMR,2018,65.457
CMR,2019,66.154
CAF,1990,45.819
CAF,1995,45.064
CAF,2000,45.652
CAF,2005,42.077
CAF,2010,44.33
CAF,2011,47.259
CAF,2012,47.628
CAF,2013,45.188
CAF,2014,42.844
CAF,2015,48.644
CAF,2016,46.04
CAF,2017,44.878
CAF,2018,46.622
CAF,2019,46.897
TCD,1990,59.562
TCD,1995,55.116
TCD,2000,60.285
TCD,2005,59.442
TCD,2010,57.804
TCD,2011,58.929
TCD,2012,60.051
TCD,2013,55.868
TCD,2014,53.489
TCD,2015,64.14
TCD,2016,59.853
TCD,2017,59.552
TCD,2018,59.321
TCD,2019,59.426
CHL,1990,23.58
CHL,1995,23.458
CHL,2000,22.98
CHL,2005,21.952
CHL,2010,21.935
CHL,2011,23.314
CHL,2012,22.287
CHL,2013,23.856
CHL,2014,23.203
CHL,2015,24.495
CHL,2016,24.729
CHL,2017,22.81
CHL,2018,23.639
CHL,2019,23.683
CHN,1990,49.597
CHN,1995,49.884
CHN,2000,50.822
CHN,2005,51.653
CHN,2010,53.243
CHN,2011,58.413
CHN,2012,58.916
CHN,2013,63.321
CHN,2014,60.319
CHN,2015,56.262
CHN,2016,51.644
CHN,2017,49.983
CHN,2018,49.333
CHN,2019,47.729
COL,1990,30.188
COL,1995,28.977
COL,2000,29.02
COL,2005,23.967
COL,2010,25.657
COL,2011,26.626
COL,2012,23.988
COL,2013,24.85
COL,2014,24.424
COL,2015,23.456
COL,2016,23.254
COL,2017,22.566
COL,2018,22.639
COL,2019,22.525
COG,1990,41.088
COG,1995,39.983
COG,2000,39.454
COG,2005,37.729
COG,2010,38.918
COG,2011,39.496
COG,2012,40.019
COG,2013,41.834
COG,2014,38.83
COG,2015,42.221
COG,2016,40.827
COG,2017,38.642
COG,2018,39.683
COG,2019,39.25
CRI,1990,16.838
CRI,1995,16.209
CRI,2000,17.974
CRI,2005,18.188
CRI,2010,18.152
CRI,2011,19.612
CRI,2012,18.908
CRI,2013,19.218
CRI,2014,18.307
CRI,2015,18.582
CRI,2016,17.925
CRI,2017,17.462
CRI,2018,17.542
CRI,2019,17.436
CIV,1990,57.821
CIV,1995,48.649
CIV,2000,60.17
CIV,2005,57.055
CIV,2010,51.076
CIV,2011,56.814
CIV,2012,57.038
CIV,2013,49.044
CIV,2014,48.23
CIV,2015,63.771
CIV,2016,61.666
CIV,2017,55.332
CIV,2018,55.897
CIV,2019,55.925
HRV,1990,25.372
HRV,1995,24.95
HRV,2000,23.347
HRV,2005,22.797
HRV,2010,20.824
HRV,2011,22.821
HRV,2012,20.227
HRV,2013,19.698
HRV,2014,19.266
HRV,2015,19.639
HRV,2016,17.484
HRV,2017,18.077
HRV,2018,18.375
HRV,2019,18.227
CUB,1990,20.232
CUB,1995,19.799
CUB,2000,21.007
CUB,2005,19.311
CUB,2010,18.271
CUB,2011,19.138
CUB,2012,19.282
CUB,2013,19.425
CUB,2014,19.808
CUB,2015,20.309
CUB,2016,19.599
CUB,2017,18.606
CUB,2018,18.451
CUB,2019,17.955
CYP,1990,15.935
CYP,1995,17.091
CYP,2000,18.802
CYP,2005,18.267
CYP,2010,19.129
CYP,2011,18.825
CYP,2012,17.084
CYP,2013,16.562
CYP,2014,16.665
CYP,2015,17.407
CYP,2016,14.624
CYP,2017,15.356
CYP,2018,15.814
CYP,2019,15.793
PRK,1990,41.821
PRK,1995,40.201
PRK,2000,41.298
PRK,2005,41.445
PRK,2010,39.387
PRK,2011,45.33
PRK,2012,46.176
PRK,2013,50.611
PRK,2014,50.002
PRK,2015,47.968
PRK,2016,43.521
PRK,2017,43.514
PRK,2018,45.142
PRK,2019,45.183
COD,1990,40.225
COD,1995,40.027
COD,2000,39.75
COD,2005,36.256
COD,2010,35.726
COD,2011,36.868
COD,2012,38.952
COD,2013,38.17
COD,2014,36.745
COD,2015,40.429
COD,2016,38.143
COD,2017,35.846
COD,2018,36.823
COD,2019,36.273
DOM,1990,16.54
DOM,1995,16.246
DOM,2000,18.413
DOM,2005,17.881
DOM,2010,17.14
DOM,2011,16.544
DOM,2012,17.368
DOM,2013,17.234
DOM,2014,17.827
DOM,2015,18.628
DOM,2016,18.179
DOM,2017,18.153
DOM,2018,18.151
DOM,2019,18.145
ECU,1990,21.908
ECU,1995,19.098
ECU,2000,19.393
ECU,2005,20.331
ECU,2010,22.062
ECU,2011,20.294
ECU,2012,21.651
ECU,2013,20.755
ECU,2014,21.547
ECU,2015,21.736
ECU,2016,21.445
ECU,2017,19.899
ECU,2018,20.716
ECU,2019,20.606
EGY,1990,66.247
EGY,1995,74.226
EGY,2000,69.847
EGY,2005,69.681
EGY,2010,78.488
EGY,2011,69.739
EGY,2012,69.653
EGY,2013,74.715
EGY,2014,72.013
EGY,2015,73.106
EGY,2016,66.714
EGY,2017,66.953
EGY,2018,68.489
EGY,2019,67.915
SLV,1990,30.247
SLV,1995,28.991
SLV,2000,30.197
SLV,2005,24.876
SLV,2010,24.312
SLV,2011,28.711
SLV,2012,25.465
SLV,2013,26.966
SLV,2014,24.486
SLV,2015,25.614
SLV,2016,23.549
SLV,2017,23.152
SLV,2018,22.778
SLV,2019,22.349
GNQ,1990,49.627
GNQ,1995,41.802
GNQ,2000,49.185
GNQ,2005,42.169
GNQ,2010,41.573
GNQ,2011,43.113
GNQ,2012,41.348
GNQ,2013,40.72
GNQ,2014,40.67
GNQ,2015,50.104
GNQ,2016,48.368
GNQ,2017,44.578
GNQ,2018,46.603
GNQ,2019,47.034
ERI,1990,44.637
ERI,1995,41.173
ERI,2000,45.064
ERI,2005,42.513
ERI,2010,43.616
ERI,2011,43.96
ERI,2012,45.161
ERI,2013,45.487
ERI,2014,39.917
ERI,2015,43.648
ERI,2016,41.969
ERI,2017,44.349
ERI,2018,44.135
ERI,2019,44.779
EST,1990,8.029
EST,1995,7.527
EST,2000,8.499
EST,2005,8.375
EST,2010,8.65
EST,2011,7.788
EST,2012,7.524
EST,2013,7.587
EST,2014,8.177
EST,2015,6.617
EST,2016,6.57
EST,2017,5.726
EST,2018,6.042
EST,2019,5.95
ETH,1990,29.638
ETH,1995,27.005
ETH,2000,30.878
ETH,2005,31.51
ETH,2010,34.01
ETH,2011,34.917
ETH,2012,35.579
ETH,2013,35.381
ETH,2014,33.021
ETH,2015,34.448
ETH,2016,33.662
ETH,2017,33.971
ETH,2018,33.899
ETH,2019,33.833
FJI,1990,8.074
FJI,1995,8.14
FJI,2000,10.871
FJI,2005,10.957
FJI,2010,10.827
FJI,2011,10.879
FJI,2012,10.888
FJI,2013,11.021
FJI,2014,10.628
FJI,2015,10.505
FJI,2016,10.959
FJI,2017,10.936
FJI,2018,10.854
FJI,2019,10.859
GAB,1990,36.499
GAB,1995,34.933
GAB,2000,37.852
GAB,2005,35.147
GAB,2010,36.036
GAB,2011,36.739
GAB,2012,35.476
GAB,2013,37.691
GAB,2014,34.521
GAB,2015,40.574
GAB,2016,39.695
GAB,2017,35.768
GAB,2018,37.549
GAB,2019,37.438
GMB,1990,59.321
GMB,1995,59.042
GMB,2000,59.499
GMB,2005,55.453
GMB,2010,54.867
GMB,2011,56.98
GMB,2012,62.185
GMB,2013,51.639
GMB,2014,53.686
GMB,2015,61.846
GMB,2016,57.608
GMB,2017,61.527
GMB,2018,58.125
GMB,2019,58.214
GEO,1990,18.571
GEO,1995,18.79
GEO,2000,17.744
GEO,2005,16.843
GEO,2010,18.536
GEO,2011,20.59
GEO,2012,20.889
GEO,2013,20.258
GEO,2014,19.993
GEO,2015,19.021
GEO,2016,18.199
GEO,2017,18.501
GEO,2018,18.241
GEO,2019,18.247
GHA,1990,58.941
GHA,1995,49.608
GHA,2000,60.907
GHA,2005,53.33
GHA,2010,50.698
GHA,2011,54.18
GHA,2012,55.116
GHA,2013,48.308
GHA,2014,47.447
GHA,2015,61.115
GHA,2016,60.311
GHA,2017,56.464
GHA,2018,54.717
GHA,2019,54.476
GTM,1990,40.817
GTM,1995,38.694
GTM,2000,36.086
GTM,2005,29.361
GTM,2010,28.979
GTM,2011,32.653
GTM,2012,30.452
GTM,2013,32.355
GTM,2014,29.585
GTM,2015,31.114
GTM,2016,29.316
GTM,2017,27.991
GTM,2018,28.189
GTM,2019,27.814
GIN,1990,54.828
GIN,1995,50.35
GIN,2000,53.308
GIN,2005,51.161
GIN,2010,51.441
GIN,2011,52.395
GIN,2012,53.228
GIN,2013,46.339
GIN,2014,48.507
GIN,2015,56.59
GIN,2016,53.964
GIN,2017,53.821
GIN,2018,52.762
GIN,2019,52.823
GNB,1990,57.547
GNB,1995,55.296
GNB,2000,56.306
GNB,2005,52.503
GNB,2010,52.735
GNB,2011,53.882
GNB,2012,56.8
GNB,2013,47.537
GNB,2014,49.249
GNB,2015,57.455
GNB,2016,54.118
GNB,2017,57.434
GNB,2018,53.988
GNB,2019,54.018
HTI,1990,15.888
HTI,1995,15.327
HTI,2000,19.892
HTI,2005,18.878
HTI,2010,18.354
HTI,2011,18.028
HTI,2012,18.86
HTI,2013,19.031
HTI,2014,19.496
HTI,2015,20.221
HTI,2016,19.464
HTI,2017,19.429
HTI,2018,19.442
HTI,2019,19.322
HND,1990,27.926
HND,1995,26.436
HND,2000,27.585
HND,2005,25.546
HND,2010,24.111
HND,2011,28.747
HND,2012,25.562
HND,2013,28.093
HND,2014,25.631
HND,2015,26.77
HND,2016,24.807
HND,2017,22.79
HND,2018,23.411
HND,2019,22.926
HKG,1990,24.703
HKG,1995,24.09
HKG,2000,25.402
HKG,2005,27.231
HKG,2010,25.275
HKG,2011,28.782
HKG,2012,28.116
HKG,2013,29.828
HKG,2014,29.255
HKG,2015,26.47
HKG,2016,25.064
HKG,2017,24.498
HKG,2018,24.409
HKG,2019,23.905
IND,1990,71.784
IND,1995,65.32
IND,2000,70.693
IND,2005,70.645
IND,2010,77.477
IND,2011,80.745
IND,2012,87.099
IND,2013,90.102
IND,2014,95.837
IND,2015,88.897
IND,2016,92.546
IND,2017,82.062
IND,2018,83.211
IND,2019,83.304
IDN,1990,26.836
IDN,1995,25.232
IDN,2000,23.763
IDN,2005,22.111
IDN,2010,22.591
IDN,2011,19.19
IDN,2012,20.351
IDN,2013,20.303
IDN,2014,19.147
IDN,2015,20.179
IDN,2016,21.454
IDN,2017,18.857
IDN,2018,19.408
IDN,2019,19.674
IRN,1990,38.421
IRN,1995,38.458
IRN,2000,40.488
IRN,2005,39.413
IRN,2010,42.318
IRN,2011,43.55
IRN,2012,42.519
IRN,2013,42.234
IRN,2014,40.805
IRN,2015,41.948
IRN,2016,40.773
IRN,2017,39.985
IRN,2018,39.596
IRN,2019,39.002
IRQ,1990,55.021
IRQ,1995,49.864
IRQ,2000,52.261
IRQ,2005,52.079
IRQ,2010,58.036
IRQ,2011,54.817
IRQ,2012,54.438
IRQ,2013,52.522
IRQ,2014,48.642
IRQ,2015,54.237
IRQ,2016,51.208
IRQ,2017,51.089
IRQ,2018,50.286
IRQ,2019,49.617
ISR,1990,21.05
ISR,1995,23.258
ISR,2000,23.156
ISR,2005,22.976
ISR,2010,24.737
ISR,2011,24.506
ISR,2012,22.15
ISR,2013,22.716
ISR,2014,21.538
ISR,2015,22.251
ISR,2016,18.628
ISR,2017,19.904
ISR,2018,19.736
ISR,2019,19.424
JAM,1990,13.678
JAM,1995,13.224
JAM,2000,15.883
JAM,2005,16.345
JAM,2010,15.825
JAM,2011,14.975
JAM,2012,15.724
JAM,2013,15.854
JAM,2014,16.45
JAM,2015,16.685
JAM,2016,16.324
JAM,2017,16.374
JAM,2018,16.324
JAM,2019,16.245
JOR,1990,27.763
JOR,1995,30.525
JOR,2000,28.821
JOR,2005,32.871
JOR,2010,35.408
JOR,2011,33.298
JOR,2012,32.78
JOR,2013,35.092
JOR,2014,33.544
JOR,2015,34.973
JOR,2016,31.645
JOR,2017,32.028
JOR,2018,30.962
JOR,2019,30.13
KAZ,1990,21.73
KAZ,1995,20.78
KAZ,2000,18.758
KAZ,2005,18.001
KAZ,2010,20.178
KAZ,2011,23.731
KAZ,2012,25.304
KAZ,2013,24.068
KAZ,2014,22.497
KAZ,2015,21.474
KAZ,2016,21.791
KAZ,2017,20.963
KAZ,2018,21.053
KAZ,2019,21.045
KEN,1990,21.67
KEN,1995,22.007
KEN,2000,25.418
KEN,2005,23.237
KEN,2010,26.716
KEN,2011,28.666
KEN,2012,28.963
KEN,2013,28.022
KEN,2014,27.207
KEN,2015,28.041
KEN,2016,26.864
KEN,2017,25.03
KEN,2018,23.247
KEN,2019,21.535
KWT,1990,59.78
KWT,1995,53.97
KWT,2000,63.996
KWT,2005,67.381
KWT,2010,68.202
KWT,2011,69.986
KWT,2012,71.344
KWT,2013,68.892
KWT,2014,58.943
KWT,2015,68.099
KWT,2016,63.141
KWT,2017,65.179
KWT,2018,63.282
KWT,2019,62.673
KGZ,1990,23.806
KGZ,1995,23.873
KGZ,2000,25.231
KGZ,2005,23.195
KGZ,2010,23.75
KGZ,2011,28.366
KGZ,2012,28.211
KGZ,2013,29.237
KGZ,2014,26.731
KGZ,2015,25.89
KGZ,2016,25.302
KGZ,2017,24.571
KGZ,2018,24.752
KGZ,2019,24.605
LAO,1990,27.026
LAO,1995,26.584
LAO,2000,25.64
LAO,2005,26.147
LAO,2010,26.655
LAO,2011,21.959
LAO,2012,23.241
LAO,2013,24.939
LAO,2014,21.779
LAO,2015,21.0
LAO,2016,23.652
LAO,2017,19.457
LAO,2018,20.725
LAO,2019,20.769
LVA,1990,22.524
LVA,1995,21.087
LVA,2000,18.317
LVA,2005,18.131
LVA,2010,19.124
LVA,2011,16.709
LVA,2012,16.115
LVA,2013,16.442
LVA,2014,17.132
LVA,2015,14.585
LVA,2016,13.655
LVA,2017,12.448
LVA,2018,12.916
LVA,2019,12.708
LBN,1990,25.98
LBN,1995,28.695
LBN,2000,28.204
LBN,2005,28.961
LBN,2010,32.583
LBN,2011,30.438
LBN,2012,29.46
LBN,2013,31.303
LBN,2014,31.259
LBN,2015,31.932
LBN,2016,29.508
LBN,2017,29.283
LBN,2018,29.441
LBN,2019,29.048
LSO,1990,31.633
LSO,1995,31.845
LSO,2000,30.46
LSO,2005,27.496
LSO,2010,32.886
LSO,2011,32.925
LSO,2012,32.755
LSO,2013,32.093
LSO,2014,32.971
LSO,2015,32.291
LSO,2016,31.603
LSO,2017,30.051
LSO,2018,28.996
LSO,2019,27.797
LBR,1990,48.922
LBR,1995,41.603
LBR,2000,50.069
LBR,2005,51.238
LBR,2010,44.367
LBR,2011,51.47
LBR,2012,49.223
LBR,2013,44.27
LBR,2014,45.059
LBR,2015,56.143
LBR,2016,54.768
LBR,2017,48.321
LBR,2018,50.442
LBR,2019,50.632
LBY,1990,34.909
LBY,1995,36.879
LBY,2000,36.346
LBY,2005,40.688
LBY,2010,45.605
LBY,2011,37.561
LBY,2012,35.345
LBY,2013,40.034
LBY,2014,37.276
LBY,2015,37.559
LBY,2016,38.4
LBY,2017,35.132
LBY,2018,36.381
LBY,2019,35.986
LIE,1990,16.38
LIE,1995,15.078
LIE,2000,11.952
LIE,2005,10.92
LIE,2010,10.526
LIE,2011,11.221
LIE,2012,11.182
LIE,2013,10.985
LIE,2014,10.272
LIE,2015,11.114
LIE,2016,11.461
LIE,2017,10.116
LIE,2018,10.449
LIE,2019,10.149
LTU,1990,17.373
LTU,1995,16.303
LTU,2000,14.501
LTU,2005,14.199
LTU,2010,14.864
LTU,2011,13.147
LTU,2012,13.183
LTU,2013,13.177
LTU,2014,13.495
LTU,2015,11.934
LTU,2016,10.896
LTU,2017,10.298
LTU,2018,10.584
LTU,2019,10.469
MKD,1990,48.484
MKD,1995,46.629
MKD,2000,45.191
MKD,2005,40.22
MKD,2010,38.954
MKD,2011,44.741
MKD,2012,40.052
MKD,2013,36.795
MKD,2014,37.729
MKD,2015,35.286
MKD,2016,33.01
MKD,2017,33.992
MKD,2018,33.365
MKD,2019,32.668
MDG,1990,16.342
MDG,1995,16.28
MDG,2000,17.244
MDG,2005,17.764
MDG,2010,19.009
MDG,2011,20.097
MDG,2012,19.189
MDG,2013,19.716
MDG,2014,19.265
MDG,2015,20.158
MDG,2016,19.356
MDG,2017,18.003
MDG,2018,18.27
MDG,2019,17.86
MWI,1990,24.319
MWI,1995,23.233
MWI,2000,25.108
MWI,2005,24.542
MWI,2010,25.763
MWI,2011,27.167
MWI,2012,27.187
MWI,2013,26.472
MWI,2014,26.818
MWI,2015,27.05
MWI,2016,26.043
MWI,2017,23.95
MWI,2018,23.462
MWI,2019,22.332
MYS,1990,27.88
MYS,1995,22.689
MYS,2000,20.58
MYS,2005,20.101
MYS,2010,18.278
MYS,2011,17.374
MYS,2012,18.207
MYS,2013,18.549
MYS,2014,17.258
MYS,2015,18.16
MYS,2016,16.78
MYS,2017,16.408
MYS,2018,16.437
MYS,2019,16.55
MLI,1990,60.974
MLI,1995,56.429
MLI,2000,61.076
MLI,2005,59.749
MLI,2010,62.494
MLI,2011,59.067
MLI,2012,63.515
MLI,2013,52.864
MLI,2014,56.06
MLI,2015,65.91
MLI,2016,60.7
MLI,2017,61.667
MLI,2018,60.591
MLI,2019,60.672
MLT,1990,16.066
MLT,1995,16.165
MLT,2000,16.083
MLT,2005,15.378
MLT,2010,17.657
MLT,2011,16.27
MLT,2012,14.176
MLT,2013,13.399
MLT,2014,13.842
MLT,2015,13.572
MLT,2016,12.919
MLT,2017,12.57
MLT,2018,13.111
MLT,2019,13.065
MRT,1990,68.134
MRT,1995,69.687
MRT,2000,71.791
MRT,2005,65.103
MRT,2010,64.279
MRT,2011,65.416
MRT,2012,70.222
MRT,2013,60.709
MRT,2014,60.434
MRT,2015,71.28
MRT,2016,66.237
MRT,2017,69.502
MRT,2018,66.411
MRT,2019,66.547
MUS,1990,14.686
MUS,1995,15.069
MUS,2000,15.243
MUS,2005,16.571
MUS,2010,15.382
MUS,2011,15.385
MUS,2012,15.215
MUS,2013,15.545
MUS,2014,15.368
MUS,2015,15.345
MUS,2016,15.225
MUS,2017,15.17
MUS,2018,15.28
MUS,2019,15.265
MDA,1990,22.532
MDA,1995,21.333
MDA,2000,19.389
MDA,2005,18.773
MDA,2010,18.493
MDA,2011,18.393
MDA,2012,18.228
MDA,2013,17.797
MDA,2014,16.659
MDA,2015,16.336
MDA,2016,14.95
MDA,2017,13.591
MDA,2018,14.118
MDA,2019,13.96
MNG,1990,27.077
MNG,1995,24.954
MNG,2000,30.412
MNG,2005,26.338
MNG,2010,37.203
MNG,2011,46.565
MNG,2012,49.093
MNG,2013,45.268
MNG,2014,40.99
MNG,2015,43.306
MNG,2016,45.252
MNG,2017,40.471
MNG,2018,42.124
MNG,2019,42.288
MAR,1990,27.951
MAR,1995,28.953
MAR,2000,32.234
MAR,2005,32.618
MAR,2010,32.95
MAR,2011,31.601
MAR,2012,30.446
MAR,2013,29.417
MAR,2014,29.394
MAR,2015,32.16
MAR,2016,30.873
MAR,2017,34.132
MAR,2018,33.895
MAR,2019,34.992
MOZ,1990,22.382
MOZ,1995,21.799
MOZ,2000,22.688
MOZ,2005,21.931
MOZ,2010,23.291
MOZ,2011,23.65
MOZ,2012,23.62
MOZ,2013,23.716
MOZ,2014,23.556
MOZ,2015,23.987
MOZ,2016,23.063
MOZ,2017,22.104
MOZ,2018,21.477
MOZ,2019,20.715
MMR,1990,33.273
MMR,1995,33.126
MMR,2000,33.923
MMR,2005,36.899
MMR,2010,37.949
MMR,2011,31.567
MMR,2012,35.342
MMR,2013,36.626
MMR,2014,32.719
MMR,2015,31.63
MMR,2016,32.87
MMR,2017,29.551
MMR,2018,30.038
MMR,2019,29.91
NAM,1990,25.176
NAM,1995,24.792
NAM,2000,25.579
NAM,2005,24.658
NAM,2010,26.666
NAM,2011,27.619
NAM,2012,27.439
NAM,2013,26.758
NAM,2014,26.164
NAM,2015,27.012
NAM,2016,25.745
NAM,2017,25.201
NAM,2018,24.801
NAM,2019,24.237
NPL,1990,62.512
NPL,1995,58.666
NPL,2000,67.261
NPL,2005,68.603
NPL,2010,78.511
NPL,2011,79.313
NPL,2012,88.16
NPL,2013,87.406
NPL,2014,95.659
NPL,2015,89.298
NPL,2016,91.932
NPL,2017,80.83
NPL,2018,82.672
NPL,2019,82.825
NIC,1990,21.124
NIC,1995,20.375
NIC,2000,21.86
NIC,2005,23.202
NIC,2010,21.461
NIC,2011,23.952
NIC,2012,21.615
NIC,2013,23.579
NIC,2014,21.521
NIC,2015,22.006
NIC,2016,21.221
NIC,2017,19.925
NIC,2018,20.66
NIC,2019,20.539
NER,1990,73.559
NER,1995,70.699
NER,2000,76.896
NER,2005,79.297
NER,2010,78.248
NER,2011,81.02
NER,2012,78.961
NER,2013,70.795
NER,2014,69.412
NER,2015,88.032
NER,2016,85.452
NER,2017,78.075
NER,2018,79.948
NER,2019,80.073
NGA,1990,71.249
NGA,1995,66.916
NGA,2000,74.374
NGA,2005,67.588
NGA,2010,63.035
NGA,2011,64.985
NGA,2012,67.507
NGA,2013,59.791
NGA,2014,59.594
NGA,2015,76.146
NGA,2016,69.726
NGA,2017,69.198
NGA,2018,69.911
NGA,2019,70.497
OMN,1990,43.021
OMN,1995,39.031
OMN,2000,42.999
OMN,2005,42.737
OMN,2010,40.999
OMN,2011,44.728
OMN,2012,46.539
OMN,2013,43.99
OMN,2014,40.588
OMN,2015,43.831
OMN,2016,42.145
OMN,2017,43.755
OMN,2018,44.022
OMN,2019,44.237
PAK,1990,62.389
PAK,1995,54.868
PAK,2000,59.044
PAK,2005,56.404
PAK,2010,60.831
PAK,2011,61.231
PAK,2012,66.824
PAK,2013,68.281
PAK,2014,72.449
PAK,2015,68.386
PAK,2016,70.172
PAK,2017,63.062
PAK,2018,63.7
PAK,2019,63.862
PAN,1990,15.728
PAN,1995,14.712
PAN,2000,16.646
PAN,2005,16.053
PAN,2010,15.468
PAN,2011,15.472
PAN,2012,14.954
PAN,2013,15.504
PAN,2014,15.483
PAN,2015,16.01
PAN,2016,14.459
PAN,2017,13.894
PAN,2018,13.659
PAN,2019,13.228
PNG,1990,16.799
PNG,1995,16.384
PNG,2000,16.354
PNG,2005,14.777
PNG,2010,17.153
PNG,2011,16.179
PNG,2012,15.843
PNG,2013,15.941
PNG,2014,15.592
PNG,2015,16.301
PNG,2016,16.478
PNG,2017,15.736
PNG,2018,16.066
PNG,2019,16.047
PRY,1990,15.883
PRY,1995,15.691
PRY,2000,16.085
PRY,2005,15.188
PRY,2010,15.258
PRY,2011,16.053
PRY,2012,14.836
PRY,2013,14.715
PRY,2014,14.233
PRY,2015,12.615
PRY,2016,12.602
PRY,2017,12.801
PRY,2018,12.799
PRY,2019,12.84
PER,1990,36.261
PER,1995,30.933
PER,2000,27.909
PER,2005,28.249
PER,2010,30.418
PER,2011,29.672
PER,2012,31.362
PER,2013,29.944
PER,2014,30.66
PER,2015,31.005
PER,2016,30.805
PER,2017,30.593
PER,2018,30.905
PER,2019,31.059
PHL,1990,29.615
PHL,1995,28.565
PHL,2000,28.227
PHL,2005,26.638
PHL,2010,23.766
PHL,2011,20.649
PHL,2012,21.442
PHL,2013,21.653
PHL,2014,19.614
PHL,2015,19.52
PHL,2016,20.016
PHL,2017,18.583
PHL,2018,18.689
PHL,2019,18.794
QAT,1990,75.284
QAT,1995,72.519
QAT,2000,79.184
QAT,2005,84.309
QAT,2010,80.453
QAT,2011,82.362
QAT,2012,87.428
QAT,2013,82.552
QAT,2014,73.813
QAT,2015,86.284
QAT,2016,77.245
QAT,2017,79.599
QAT,2018,78.22
QAT,2019,77.112
ROU,1990,22.181
ROU,1995,21.38
ROU,2000,20.035
ROU,2005,18.85
ROU,2010,18.672
ROU,2011,19.743
ROU,2012,18.071
ROU,2013,16.693
ROU,2014,16.771
ROU,2015,16.257
ROU,2016,15.271
ROU,2017,15.625
ROU,2018,15.392
ROU,2019,15.064
RUS,1990,18.233
RUS,1995,16.529
RUS,2000,15.636
RUS,2005,14.587
RUS,2010,15.524
RUS,2011,13.865
RUS,2012,13.883
RUS,2013,14.129
RUS,2014,14.157
RUS,2015,13.085
RUS,2016,12.368
RUS,2017,11.701
RUS,2018,11.812
RUS,2019,11.777
RWA,1990,36.399
RWA,1995,37.077
RWA,2000,38.83
RWA,2005,35.859
RWA,2010,36.315
RWA,2011,37.798
RWA,2012,40.336
RWA,2013,38.09
RWA,2014,37.806
RWA,2015,38.689
RWA,2016,38.529
RWA,2017,35.605
RWA,2018,36.699
RWA,2019,36.224
SAU,1990,56.085
SAU,1995,55.95
SAU,2000,60.615
SAU,2005,62.944
SAU,2010,65.72
SAU,2011,67.385
SAU,2012,70.387
SAU,2013,67.85
SAU,2014,59.137
SAU,2015,69.617
SAU,2016,62.209
SAU,2017,66.604
SAU,2018,64.484
SAU,2019,64.06
SEN,1990,62.203
SEN,1995,63.051
SEN,2000,63.51
SEN,2005,57.169
SEN,2010,56.378
SEN,2011,58.067
SEN,2012,64.83
SEN,2013,53.11
SEN,2014,55.268
SEN,2015,65.314
SEN,2016,59.404
SEN,2017,63.549
SEN,2018,60.058
SEN,2019,60.175
SLE,1990,52.422
SLE,1995,45.839
SLE,2000,50.543
SLE,2005,49.892
SLE,2010,46.458
SLE,2011,51.275
SLE,2012,49.786
SLE,2013,44.329
SLE,2014,46.324
SLE,2015,55.324
SLE,2016,54.077
SLE,2017,50.402
SLE,2018,51.051
SLE,2019,51.276
SGP,1990,25.884
SGP,1995,20.539
SGP,2000,19.05
SGP,2005,16.448
SGP,2010,15.728
SGP,2011,16.795
SGP,2012,17.979
SGP,2013,19.078
SGP,2014,17.976
SGP,2015,18.612
SGP,2016,17.92
SGP,2017,18.788
SGP,2018,18.722
SGP,2019,19.001
SVN,1990,25.795
SVN,1995,24.961
SVN,2000,22.336
SVN,2005,21.219
SVN,2010,19.31
SVN,2011,21.068
SVN,2012,18.714
SVN,2013,18.536
SVN,2014,18.18
SVN,2015,18.028
SVN,2016,16.627
SVN,2017,16.807
SVN,2018,17.181
SVN,2019,17.061
SOM,1990,26.555
SOM,1995,22.184
SOM,2000,30.19
SOM,2005,26.525
SOM,2010,27.912
SOM,2011,30.483
SOM,2012,31.454
SOM,2013,30.197
SOM,2014,28.862
SOM,2015,28.622
SOM,2016,28.16
SOM,2017,29.941
SOM,2018,29.685
SOM,2019,30.149
ZAF,1990,28.742
ZAF,1995,28.922
ZAF,2000,28.526
ZAF,2005,26.718
ZAF,2010,29.372
ZAF,2011,29.388
ZAF,2012,29.056
ZAF,2013,28.64
ZAF,2014,28.829
ZAF,2015,29.03
ZAF,2016,28.493
ZAF,2017,28.583
ZAF,2018,28.444
ZAF,2019,28.325
LKA,1990,22.831
LKA,1995,21.656
LKA,2000,24.243
LKA,2005,24.078
LKA,2010,24.664
LKA,2011,21.56
LKA,2012,22.407
LKA,2013,23.004
LKA,2014,20.954
LKA,2015,18.935
LKA,2016,20.752
LKA,2017,19.915
LKA,2018,19.692
LKA,2019,19.963
SDN,1990,50.332
SDN,1995,44.447
SDN,2000,51.101
SDN,2005,52.334
SDN,2010,53.863
SDN,2011,55.51
SDN,2012,56.027
SDN,2013,53.521
SDN,2014,47.667
SDN,2015,53.886
SDN,2016,52.375
SDN,2017,54.744
SDN,2018,55.021
SDN,2019,56.036
SWZ,1990,25.322
SWZ,1995,25.459
SWZ,2000,24.843
SWZ,2005,23.126
SWZ,2010,23.9
SWZ,2011,23.107
SWZ,2012,23.449
SWZ,2013,23.387
SWZ,2014,23.127
SWZ,2015,23.479
SWZ,2016,22.111
SWZ,2017,23.436
SWZ,2018,23.208
SWZ,2019,23.367
SYR,1990,30.21
SYR,1995,31.645
SYR,2000,30.198
SYR,2005,31.502
SYR,2010,35.95
SYR,2011,33.151
SYR,2012,32.053
SYR,2013,33.537
SYR,2014,33.023
SYR,2015,34.378
SYR,2016,32.217
SYR,2017,31.78
SYR,2018,31.749
SYR,2019,31.335
TJK,1990,35.5
TJK,1995,37.329
TJK,2000,42.696
TJK,2005,33.977
TJK,2010,36.074
TJK,2011,48.113
TJK,2012,42.884
TJK,2013,44.09
TJK,2014,41.356
TJK,2015,40.698
TJK,2016,39.809
TJK,2017,40.085
TJK,2018,39.745
TJK,2019,39.906
TZA,1990,21.742
TZA,1995,21.52
TZA,2000,24.38
TZA,2005,24.806
TZA,2010,26.357
TZA,2011,28.162
TZA,2012,28.811
TZA,2013,27.755
TZA,2014,27.118
TZA,2015,28.258
TZA,2016,27.705
TZA,2017,25.23
TZA,2018,25.381
TZA,2019,24.603
THA,1990,37.794
THA,1995,35.696
THA,2000,34.533
THA,2005,35.293
THA,2010,35.467
THA,2011,29.953
THA,2012,31.365
THA,2013,33.8
THA,2014,29.415
THA,2015,28.042
THA,2016,30.64
THA,2017,26.88
THA,2018,27.416
THA,2019,27.323
TLS,1990,17.374
TLS,1995,17.04
TLS,2000,17.365
TLS,2005,16.829
TLS,2010,17.428
TLS,2011,16.579
TLS,2012,17.347
TLS,2013,16.257
TLS,2014,16.325
TLS,2015,15.903
TLS,2016,17.096
TLS,2017,15.801
TLS,2018,15.624
TLS,2019,15.753
TGO,1990,49.308
TGO,1995,43.952
TGO,2000,51.113
TGO,2005,43.659
TGO,2010,43.631
TGO,2011,43.668
TGO,2012,45.352
TGO,2013,40.453
TGO,2014,40.825
TGO,2015,51.073
TGO,2016,48.394
TGO,2017,46.633
TGO,2018,46.376
TGO,2019,46.126
TTO,1990,19.621
TTO,1995,19.645
TTO,2000,21.712
TTO,2005,19.5
TTO,2010,20.225
TTO,2011,19.918
TTO,2012,20.307
TTO,2013,20.498
TTO,2014,20.745
TTO,2015,22.472
TTO,2016,21.859
TTO,2017,21.483
TTO,2018,21.979
TTO,2019,22.072
TUN,1990,29.58
TUN,1995,29.082
TUN,2000,34.154
TUN,2005,31.797
TUN,2010,34.268
TUN,2011,31.246
TUN,2012,30.513
TUN,2013,29.88
TUN,2014,32.648
TUN,2015,31.144
TUN,2016,32.861
TUN,2017,29.939
TUN,2018,30.731
TUN,2019,30.551
TKM,1990,23.883
TKM,1995,26.285
TKM,2000,27.665
TKM,2005,21.499
TKM,2010,25.567
TKM,2011,31.295
TKM,2012,29.855
TKM,2013,29.839
TKM,2014,29.762
TKM,2015,27.999
TKM,2016,27.206
TKM,2017,26.345
TKM,2018,25.764
TKM,2019,25.309
UGA,1990,34.963
UGA,1995,36.67
UGA,2000,39.979
UGA,2005,36.434
UGA,2010,38.863
UGA,2011,41.649
UGA,2012,42.858
UGA,2013,42.085
UGA,2014,40.82
UGA,2015,43.208
UGA,2016,41.773
UGA,2017,38.548
UGA,2018,37.215
UGA,2019,35.228
UKR,1990,22.946
UKR,1995,21.473
UKR,2000,19.643
UKR,2005,19.208
UKR,2010,19.092
UKR,2011,18.423
UKR,2012,17.799
UKR,2013,17.922
UKR,2014,17.52
UKR,2015,16.881
UKR,2016,15.118
UKR,2017,14.699
UKR,2018,14.785
UKR,2019,14.701
ARE,1990,42.256
ARE,1995,42.64
ARE,2000,42.674
ARE,2005,42.091
ARE,2010,42.549
ARE,2011,45.026
ARE,2012,46.58
ARE,2013,43.385
ARE,2014,40.73
ARE,2015,45.189
ARE,2016,42.792
ARE,2017,43.03
ARE,2018,43.21
ARE,2019,43.084
URY,1990,10.489
URY,1995,10.367
URY,2000,10.18
URY,2005,9.158
URY,2010,9.476
URY,2011,9.743
URY,2012,9.365
URY,2013,10.375
URY,2014,9.932
URY,2015,9.969
URY,2016,9.923
URY,2017,9.576
URY,2018,9.616
URY,2019,9.571
UZB,1990,36.832
UZB,1995,39.305
UZB,2000,38.63
UZB,2005,32.712
UZB,2010,33.614
UZB,2011,43.036
UZB,2012,40.456
UZB,2013,41.041
UZB,2014,38.911
UZB,2015,36.991
UZB,2016,36.672
UZB,2017,36.616
UZB,2018,36.34
UZB,2019,36.352
VEN,1990,20.713
VEN,1995,20.56
VEN,2000,21.886
VEN,2005,21.326
VEN,2010,23.464
VEN,2011,24.811
VEN,2012,22.877
VEN,2013,22.951
VEN,2014,22.355
VEN,2015,22.658
VEN,2016,22.273
VEN,2017,21.887
VEN,2018,22.123
VEN,2019,22.215
VNM,1990,26.097
VNM,1995,25.373
VNM,2000,25.55
VNM,2005,26.221
VNM,2010,27.118
VNM,2011,23.775
VNM,2012,23.586
VNM,2013,25.178
VNM,2014,22.262
VNM,2015,21.721
VNM,2016,22.421
VNM,2017,20.335
VNM,2018,20.365
VNM,2019,20.195
YEM,1990,47.345
YEM,1995,43.811
YEM,2000,48.822
YEM,2005,43.662
YEM,2010,44.824
YEM,2011,49.064
YEM,2012,54.559
YEM,2013,51.55
YEM,2014,43.855
YEM,2015,48.466
YEM,2016,45.154
YEM,2017,46.611
YEM,2018,45.317
YEM,2019,44.645
ZMB,1990,26.21
ZMB,1995,25.154
ZMB,2000,26.733
ZMB,2005,26.164
ZMB,2010,27.109
ZMB,2011,28.208
ZMB,2012,28.456
ZMB,2013,27.375
ZMB,2014,27.436
ZMB,2015,28.357
ZMB,2016,27.475
ZMB,2017,26.249
ZMB,2018,26.373
ZMB,2019,25.924
ZWE,1990,24.458
ZWE,1995,23.507
ZWE,2000,23.94
ZWE,2005,23.64
ZWE,2010,24.648
ZWE,2011,26.335
ZWE,2012,26.364
ZWE,2013,25.578
ZWE,2014,26.232
ZWE,2015,25.984
ZWE,2016,25.396
ZWE,2017,22.613
ZWE,2018,22.108
ZWE,2019,20.847
WLD,1990,40.987
WLD,1995,39.22
WLD,2000,41.363
WLD,2005,40.673
WLD,2010,43.282
WLD,2011,44.929
WLD,2012,46.531
WLD,2013,47.527
WLD,2014,47.698
WLD,2015,46.477
WLD,2016,45.614
WLD,2017,42.709
WLD,2018,42.877
WLD,2019,42.531
MAC,1990,27.897
MAC,1995,27.239
MAC,2000,30.349
MAC,2005,32.374
MAC,2010,29.592
MAC,2011,34.019
MAC,2012,33.597
MAC,2013,35.247
MAC,2014,35.079
MAC,2015,31.312
MAC,2016,29.833
MAC,2017,29.125
MAC,2018,29.023
MAC,2019,28.431
SRB,1990,35.348
SRB,1995,34.692
SRB,2000,33.279
SRB,2005,31.472
SRB,2010,31.882
SRB,2011,34.443
SRB,2012,30.95
SRB,2013,29.079
SRB,2014,28.553
SRB,2015,28.191
SRB,2016,25.575
SRB,2017,26.643
SRB,2018,26.073
SRB,2019,25.504
MNE,1990,32.991
MNE,1995,32.146
MNE,2000,30.232
MNE,2005,27.588
MNE,2010,26.128
MNE,2011,29.088
MNE,2012,27.246
MNE,2013,25.108
MNE,2014,24.887
MNE,2015,24.499
MNE,2016,22.283
MNE,2017,22.984
MNE,2018,22.762
MNE,2019,22.322
G20,1990,41.569
G20,1995,39.743
G20,2000,41.764
G20,2005,41.406
G20,2010,44.535
G20,2011,46.919
G20,2012,48.601
G20,2013,50.684
G20,2014,51.133
G20,2015,48.053
G20,2016,47.48
G20,2017,43.967
G20,2018,44.12
G20,2019,43.647
EU28,1990,20.916
EU28,1995,19.667
EU28,2000,18.21
EU28,2005,16.805
EU28,2010,16.496
EU28,2011,16.806
EU28,2012,15.04
EU28,2013,14.558
EU28,2014,13.779
EU28,2015,13.913
EU28,2016,12.893
EU28,2017,13.142
EU28,2018,13.158
EU28,2019,13.035
OECD,1990,19.391
OECD,1995,18.584
OECD,2000,17.8
OECD,2005,16.043
OECD,2010,15.672
OECD,2011,16.231
OECD,2012,15.236
OECD,2013,15.28
OECD,2014,14.797
OECD,2015,14.761
OECD,2016,14.042
OECD,2017,14.008
OECD,2018,14.058
OECD,2019,13.927
OECDE,1990,21.185
OECDE,1995,20.043
OECDE,2000,18.98
OECDE,2005,17.609
OECDE,2010,18.041
OECDE,2011,18.057
OECDE,2012,16.5
OECDE,2013,16.234
OECDE,2014,15.497
OECDE,2015,15.771
OECDE,2016,14.786
OECDE,2017,14.761
OECDE,2018,14.818
OECDE,2019,14.643
AUS,1990,0.0
AUS,1995,3.002
AUS,2000,0.005
AUS,2005,0.005
AUS,2010,0.004
AUS,2011,0.004
AUS,2012,0.004
AUS,2013,0.004
AUS,2014,0.004
AUS,2015,0.004
AUS,2016,0.004
AUS,2017,0.004
AUS,2018,0.004
AUS,2019,0.004
AUT,1990,99.969
AUT,1995,99.823
AUT,2000,99.324
AUT,2005,97.799
AUT,2010,97.069
AUT,2011,98.692
AUT,2012,96.542
AUT,2013,96.43
AUT,2014,89.034
AUT,2015,92.085
AUT,2016,88.978
AUT,2017,80.686
AUT,2018,83.825
AUT,2019,82.411
BEL,1990,100.0
BEL,1995,99.975
BEL,2000,99.564
BEL,2005,98.859
BEL,2010,99.416
BEL,2011,99.41
BEL,2012,98.18
BEL,2013,98.343
BEL,2014,92.876
BEL,2015,95.2
BEL,2016,91.983
BEL,2017,92.502
BEL,2018,93.224
BEL,2019,93.062
CAN,1990,51.193
CAN,1995,47.665
CAN,2000,38.445
CAN,2005,39.453
CAN,2010,11.481
CAN,2011,5.572
CAN,2012,6.081
CAN,2013,1.767
CAN,2014,2.215
CAN,2015,1.21
CAN,2016,0.193
CAN,2017,1.828
CAN,2018,1.497
CAN,2019,1.767
CZE,1990,100.0
CZE,1995,100.0
CZE,2000,99.983
CZE,2005,99.983
CZE,2010,99.983
CZE,2011,99.983
CZE,2012,99.983
CZE,2013,99.98
CZE,2014,99.924
CZE,2015,99.943
CZE,2016,99.783
CZE,2017,99.551
CZE,2018,99.728
CZE,2019,99.673
DNK,1990,96.325
DNK,1995,91.616
DNK,2000,99.638
DNK,2005,98.039
DNK,2010,97.494
DNK,2011,98.991
DNK,2012,77.026
DNK,2013,68.03
DNK,2014,80.751
DNK,2015,58.894
DNK,2016,20.933
DNK,2017,65.621
DNK,2018,41.147
DNK,2019,36.413
FIN,1990,28.186
FIN,1995,12.348
FIN,2000,6.695
FIN,2005,1.708
FIN,2010,0.902
FIN,2011,0.626
FIN,2012,0.0
FIN,2013,0.0
FIN,2014,0.0
FIN,2015,0.0
FIN,2016,0.0
FIN,2017,0.0
FIN,2018,0.0
FIN,2019,0.0
FRA,1990,96.83
FRA,1995,96.485
FRA,2000,97.485
FRA,2005,96.187
FRA,2010,95.21
FRA,2011,95.774
FRA,2012,92.406
FRA,2013,92.082
FRA,2014,71.802
FRA,2015,82.122
FRA,2016,71.933
FRA,2017,67.486
FRA,2018,71.593
FRA,2019,69.267
DEU,1990,99.979
DEU,1995,99.743
DEU,2000,99.825
DEU,2005,99.312
DEU,2010,99.598
DEU,2011,99.612
DEU,2012,98.283
DEU,2013,98.646
DEU,2014,91.929
DEU,2015,95.464
DEU,2016,88.317
DEU,2017,87.046
DEU,2018,88.721
DEU,2019,86.831
GRC,1990,97.288
GRC,1995,97.341
GRC,2000,99.31
GRC,2005,99.242
GRC,2010,99.306
GRC,2011,99.351
GRC,2012,98.927
GRC,2013,98.392
GRC,2014,97.671
GRC,2015,98.385
GRC,2016,96.987
GRC,2017,97.033
GRC,2018,97.082
GRC,2019,96.611
HUN,1990,100.0
HUN,1995,100.0
HUN,2000,100.0
HUN,2005,100.0
HUN,2010,100.0
HUN,2011,100.0
HUN,2012,100.0
HUN,2013,100.0
HUN,2014,100.0
HUN,2015,100.0
HUN,2016,100.0
HUN,2017,100.0
HUN,2018,100.0
HUN,2019,100.0
ISL,1990,29.675
ISL,1995,29.283
ISL,2000,27.223
ISL,2005,27.217
ISL,2010,25.767
ISL,2011,25.769
ISL,2012,3.469
ISL,2013,3.469
ISL,2014,3.469
ISL,2015,3.469
ISL,2016,3.469
ISL,2017,3.469
ISL,2018,3.469
ISL,2019,3.469
IRL,1990,85.865
IRL,1995,82.535
IRL,2000,74.319
IRL,2005,63.236
IRL,2010,44.043
IRL,2011,52.331
IRL,2012,19.156
IRL,2013,6.197
IRL,2014,6.06
IRL,2015,4.901
IRL,2016,0.552
IRL,2017,0.091
IRL,2018,0.596
IRL,2019,0.596
ITA,1990,96.908
ITA,1995,96.419
ITA,2000,99.129
ITA,2005,98.588
ITA,2010,98.465
ITA,2011,98.743
ITA,2012,97.824
ITA,2013,96.764
ITA,2014,95.93
ITA,2015,96.915
ITA,2016,91.645
ITA,2017,91.945
ITA,2018,92.92
ITA,2019,91.421
JPN,1990,94.53
JPN,1995,91.683
JPN,2000,91.382
JPN,2005,88.925
JPN,2010,87.379
JPN,2011,93.568
JPN,2012,94.9
JPN,2013,95.818
JPN,2014,98.887
JPN,2015,97.196
JPN,2016,98.283
JPN,2017,98.169
JPN,2018,97.657
JPN,2019,97.646
KOR,1990,99.432
KOR,1995,99.432
KOR,2000,99.432
KOR,2005,99.432
KOR,2010,99.445
KOR,2011,99.445
KOR,2012,99.445
KOR,2013,99.445
KOR,2014,99.445
KOR,2015,99.445
KOR,2016,99.445
KOR,2017,99.445
KOR,2018,99.445
KOR,2019,99.445
LUX,1990,100.0
LUX,1995,100.0
LUX,2000,99.924
LUX,2005,96.464
LUX,2010,98.956
LUX,2011,98.956
LUX,2012,89.175
LUX,2013,93.062
LUX,2014,64.754
LUX,2015,75.518
LUX,2016,57.544
LUX,2017,40.67
LUX,2018,68.557
LUX,2019,68.557
MEX,1990,99.888
MEX,1995,99.894
MEX,2000,99.908
MEX,2005,99.594
MEX,2010,99.571
MEX,2011,99.654
MEX,2012,99.545
MEX,2013,99.568
MEX,2014,99.521
MEX,2015,99.484
MEX,2016,99.483
MEX,2017,99.483
MEX,2018,99.483
MEX,2019,99.483
NLD,1990,99.98
NLD,1995,99.745
NLD,2000,99.981
NLD,2005,99.981
NLD,2010,99.978
NLD,2011,99.981
NLD,2012,99.945
NLD,2013,99.795
NLD,2014,99.702
NLD,2015,99.628
NLD,2016,94.664
NLD,2017,99.583
NLD,2018,99.065
NLD,2019,98.598
NZL,1990,4.172
NZL,1995,0.196
NZL,2000,0.188
NZL,2005,0.0
NZL,2010,0.178
NZL,2011,0.0
NZL,2012,0.0
NZL,2013,0.178
NZL,2014,0.0
NZL,2015,0.0
NZL,2016,0.178
NZL,2017,0.0
NZL,2018,0.0
NZL,2019,0.0
NOR,1990,58.765
NOR,1995,50.974
NOR,2000,52.464
NOR,2005,16.559
NOR,2010,20.056
NOR,2011,30.622
NOR,2012,6.3
NOR,2013,5.232
NOR,2014,5.232
NOR,2015,0.753
NOR,2016,0.753
NOR,2017,0.753
NOR,2018,0.753
NOR,2019,0.753
POL,1990,99.994
POL,1995,99.994
POL,2000,99.995
POL,2005,99.995
POL,2010,99.995
POL,2011,99.995
POL,2012,99.995
POL,2013,99.994
POL,2014,99.995
POL,2015,99.994
POL,2016,99.986
POL,2017,99.985
POL,2018,99.989
POL,2019,99.988
PRT,1990,64.79
PRT,1995,59.415
PRT,2000,68.956
PRT,2005,61.847
PRT,2010,46.269
PRT,2011,59.646
PRT,2012,30.654
PRT,2013,25.266
PRT,2014,24.058
PRT,2015,25.065
PRT,2016,10.204
PRT,2017,17.259
PRT,2018,15.536
PRT,2019,15.173
SVK,1990,100.0
SVK,1995,100.0
SVK,2000,100.0
SVK,2005,100.0
SVK,2010,100.0
SVK,2011,100.0
SVK,2012,100.0
SVK,2013,100.0
SVK,2014,100.0
SVK,2015,100.0
SVK,2016,100.0
SVK,2017,100.0
SVK,2018,100.0
SVK,2019,100.0
ESP,1990,87.266
ESP,1995,80.86
ESP,2000,91.549
ESP,2005,83.222
ESP,2010,72.857
ESP,2011,82.775
ESP,2012,71.277
ESP,2013,61.648
ESP,2014,48.434
ESP,2015,63.566
ESP,2016,45.286
ESP,2017,47.762
ESP,2018,47.898
ESP,2019,47.084
SWE,1990,35.634
SWE,1995,22.81
SWE,2000,20.486
SWE,2005,6.677
SWE,2010,8.235
SWE,2011,9.11
SWE,2012,2.949
SWE,2013,2.949
SWE,2014,3.116
SWE,2015,2.949
SWE,2016,1.625
SWE,2017,2.949
SWE,2018,1.9
SWE,2019,1.625
CHE,1990,98.621
CHE,1995,97.837
CHE,2000,97.069
CHE,2005,93.716
CHE,2010,93.768
CHE,2011,96.517
CHE,2012,93.954
CHE,2013,91.791
CHE,2014,66.686
CHE,2015,84.672
CHE,2016,68.355
CHE,2017,46.256
CHE,2018,54.964
CHE,2019,48.527
GBR,1990,94.594
GBR,1995,93.536
GBR,2000,93.327
GBR,2005,90.55
GBR,2010,86.13
GBR,2011,88.51
GBR,2012,79.092
GBR,2013,77.405
GBR,2014,71.628
GBR,2015,61.394
GBR,2016,58.928
GBR,2017,57.404
GBR,2018,56.357
GBR,2019,54.587
USA,1990,80.956
USA,1995,78.91
USA,2000,76.598
USA,2005,67.648
USA,2010,35.742
USA,2011,37.154
USA,2012,25.469
USA,2013,21.474
USA,2014,16.547
USA,2015,12.306
USA,2016,3.665
USA,2017,6.754
USA,2018,6.854
USA,2019,5.613
G7M,1990,88.528
G7M,1995,86.861
G7M,2000,85.388
G7M,2005,80.913
G7M,2010,64.557
G7M,2011,66.19
G7M,2012,60.147
G7M,2013,58.177
G7M,2014,53.556
G7M,2015,51.905
G7M,2016,46.075
G7M,2017,46.815
G7M,2018,47.283
G7M,2019,46.089
AFG,1990,100.0
AFG,1995,100.0
AFG,2000,100.0
AFG,2005,100.0
AFG,2010,100.0
AFG,2011,100.0
AFG,2012,100.0
AFG,2013,100.0
AFG,2014,100.0
AFG,2015,100.0
AFG,2016,100.0
AFG,2017,100.0
AFG,2018,100.0
AFG,2019,100.0
ALB,1990,99.993
ALB,1995,99.993
ALB,2000,99.992
ALB,2005,99.992
ALB,2010,99.988
ALB,2011,99.988
ALB,2012,99.988
ALB,2013,99.988
ALB,2014,99.988
ALB,2015,99.988
ALB,2016,99.988
ALB,2017,99.988
ALB,2018,99.988
ALB,2019,99.988
DZA,1990,99.66
DZA,1995,99.66
DZA,2000,99.816
DZA,2005,99.816
DZA,2010,99.886
DZA,2011,99.886
DZA,2012,99.886
DZA,2013,99.886
DZA,2014,99.886
DZA,2015,99.886
DZA,2016,99.886
DZA,2017,99.886
DZA,2018,99.886
DZA,2019,99.886
AGO,1990,99.992
AGO,1995,99.992
AGO,2000,99.992
AGO,2005,99.992
AGO,2010,99.993
AGO,2011,99.993
AGO,2012,99.993
AGO,2013,99.993
AGO,2014,99.993
AGO,2015,99.993
AGO,2016,99.993
AGO,2017,99.993
AGO,2018,99.993
AGO,2019,99.993
ARG,1990,99.12
ARG,1995,99.23
ARG,2000,99.304
ARG,2005,91.949
ARG,2010,97.365
ARG,2011,98.661
ARG,2012,94.65
ARG,2013,99.379
ARG,2014,99.21
ARG,2015,99.378
ARG,2016,99.09
ARG,2017,98.552
ARG,2018,98.563
ARG,2019,98.525
ARM,1990,100.0
ARM,1995,100.0
ARM,2000,100.0
ARM,2005,100.0
ARM,2010,100.0
ARM,2011,100.0
ARM,2012,100.0
ARM,2013,100.0
ARM,2014,100.0
ARM,2015,100.0
ARM,2016,100.0
ARM,2017,100.0
ARM,2018,100.0
ARM,2019,100.0
AZE,1990,98.38
AZE,1995,99.835
AZE,2000,99.996
AZE,2005,99.996
AZE,2010,99.996
AZE,2011,99.996
AZE,2012,99.996
AZE,2013,99.996
AZE,2014,99.996
AZE,2015,99.996
AZE,2016,99.828
AZE,2017,99.913
AZE,2018,99.977
AZE,2019,99.959
BHR,1990,99.911
BHR,1995,99.911
BHR,2000,99.92
BHR,2005,99.92
BHR,2010,99.938
BHR,2011,99.938
BHR,2012,99.938
BHR,2013,99.938
BHR,2014,99.938
BHR,2015,99.938
BHR,2016,99.938
BHR,2017,99.938
BHR,2018,99.938
BHR,2019,99.938
BGD,1990,99.992
BGD,1995,99.992
BGD,2000,99.992
BGD,2005,99.992
BGD,2010,99.991
BGD,2011,99.991
BGD,2012,99.991
BGD,2013,99.991
BGD,2014,99.991
BGD,2015,99.991
BGD,2016,99.991
BGD,2017,99.991
BGD,2018,99.991
BGD,2019,99.991
BLR,1990,100.0
BLR,1995,100.0
BLR,2000,100.0
BLR,2005,100.0
BLR,2010,100.0
BLR,2011,100.0
BLR,2012,100.0
BLR,2013,100.0
BLR,2014,100.0
BLR,2015,100.0
BLR,2016,99.532
BLR,2017,99.319
BLR,2018,99.495
BLR,2019,99.384
BEN,1990,100.0
BEN,1995,100.0
BEN,2000,100.0
BEN,2005,100.0
BEN,2010,100.0
BEN,2011,100.0
BEN,2012,100.0
BEN,2013,100.0
BEN,2014,100.0
BEN,2015,100.0
BEN,2016,100.0
BEN,2017,100.0
BEN,2018,100.0
BEN,2019,100.0
BTN,1990,100.0
BTN,1995,100.0
BTN,2000,100.0
BTN,2005,100.0
BTN,2010,100.0
BTN,2011,100.0
BTN,2012,100.0
BTN,2013,100.0
BTN,2014,100.0
BTN,2015,100.0
BTN,2016,100.0
BTN,2017,100.0
BTN,2018,100.0
BTN,2019,100.0
BOL,1990,99.961
BOL,1995,99.969
BOL,2000,100.0
BOL,2005,99.983
BOL,2010,100.0
BOL,2011,100.0
BOL,2012,100.0
BOL,2013,100.0
BOL,2014,99.983
BOL,2015,99.239
BOL,2016,99.362
BOL,2017,99.362
BOL,2018,99.362
BOL,2019,99.362
BIH,1990,100.0
BIH,1995,100.0
BIH,2000,100.0
BIH,2005,100.0
BIH,2010,100.0
BIH,2011,100.0
BIH,2012,100.0
BIH,2013,100.0
BIH,2014,100.0
BIH,2015,100.0
BIH,2016,99.994
BIH,2017,100.0
BIH,2018,100.0
BIH,2019,100.0
BWA,1990,100.0
BWA,1995,100.0
BWA,2000,100.0
BWA,2005,100.0
BWA,2010,100.0
BWA,2011,100.0
BWA,2012,100.0
BWA,2013,100.0
BWA,2014,100.0
BWA,2015,100.0
BWA,2016,100.0
BWA,2017,100.0
BWA,2018,100.0
BWA,2019,100.0
BRA,1990,97.67
BRA,1995,97.746
BRA,2000,98.449
BRA,2005,97.241
BRA,2010,96.357
BRA,2011,98.448
BRA,2012,96.348
BRA,2013,94.274
BRA,2014,92.685
BRA,2015,80.629
BRA,2016,76.311
BRA,2017,81.739
BRA,2018,81.182
BRA,2019,81.707
BRN,1990,5.133
BRN,1995,5.119
BRN,2000,3.995
BRN,2005,4.859
BRN,2010,4.555
BRN,2011,0.007
BRN,2012,4.555
BRN,2013,4.555
BRN,2014,0.001
BRN,2015,3.65
BRN,2016,0.007
BRN,2017,0.0
BRN,2018,0.0
BRN,2019,0.0
BGR,1990,99.814
BGR,1995,99.814
BGR,2000,99.81
BGR,2005,99.81
BGR,2010,99.8
BGR,2011,99.8
BGR,2012,99.8
BGR,2013,99.793
BGR,2014,99.8
BGR,2015,99.793
BGR,2016,99.792
BGR,2017,99.792
BGR,2018,99.792
BGR,2019,99.792
BFA,1990,100.0
BFA,1995,100.0
BFA,2000,100.0
BFA,2005,100.0
BFA,2010,100.0
BFA,2011,100.0
BFA,2012,100.0
BFA,2013,100.0
BFA,2014,100.0
BFA,2015,100.0
BFA,2016,100.0
BFA,2017,100.0
BFA,2018,100.0
BFA,2019,100.0
BDI,1990,100.0
BDI,1995,100.0
BDI,2000,100.0
BDI,2005,100.0
BDI,2010,100.0
BDI,2011,100.0
BDI,2012,100.0
BDI,2013,100.0
BDI,2014,100.0
BDI,2015,100.0
BDI,2016,100.0
BDI,2017,100.0
BDI,2018,100.0
BDI,2019,100.0
KHM,1990,99.885
KHM,1995,99.885
KHM,2000,99.892
KHM,2005,99.892
KHM,2010,99.927
KHM,2011,99.927
KHM,2012,99.927
KHM,2013,99.927
KHM,2014,99.927
KHM,2015,99.927
KHM,2016,99.927
KHM,2017,99.927
KHM,2018,99.927
KHM,2019,99.927
CMR,1990,99.868
CMR,1995,99.868
CMR,2000,99.91
CMR,2005,99.91
CMR,2010,99.923
CMR,2011,99.923
CMR,2012,99.923
CMR,2013,99.923
CMR,2014,99.923
CMR,2015,99.923
CMR,2016,99.923
CMR,2017,99.923
CMR,2018,99.923
CMR,2019,99.923
CAF,1990,100.0
CAF,1995,100.0
CAF,2000,100.0
CAF,2005,100.0
CAF,2010,100.0
CAF,2011,100.0
CAF,2012,100.0
CAF,2013,100.0
CAF,2014,100.0
CAF,2015,100.0
CAF,2016,100.0
CAF,2017,100.0
CAF,2018,100.0
CAF,2019,100.0
TCD,1990,100.0
TCD,1995,100.0
TCD,2000,100.0
TCD,2005,100.0
TCD,2010,100.0
TCD,2011,100.0
TCD,2012,100.0
TCD,2013,100.0
TCD,2014,100.0
TCD,2015,100.0
TCD,2016,100.0
TCD,2017,100.0
TCD,2018,100.0
TCD,2019,100.0
CHL,1990,96.684
CHL,1995,96.628
CHL,2000,95.977
CHL,2005,97.133
CHL,2010,98.679
CHL,2011,98.853
CHL,2012,98.69
CHL,2013,98.94
CHL,2014,98.9
CHL,2015,98.895
CHL,2016,98.853
CHL,2017,98.666
CHL,2018,98.694
CHL,2019,98.619
CHN,1990,99.912
CHN,1995,99.912
CHN,2000,99.908
CHN,2005,99.907
CHN,2010,99.902
CHN,2011,99.903
CHN,2012,99.903
CHN,2013,99.902
CHN,2014,99.903
CHN,2015,99.903
CHN,2016,99.902
CHN,2017,99.902
CHN,2018,99.902
CHN,2019,99.902
COL,1990,99.357
COL,1995,99.357
COL,2000,99.394
COL,2005,99.394
COL,2010,99.318
COL,2011,99.423
COL,2012,99.423
COL,2013,99.423
COL,2014,99.316
COL,2015,99.315
COL,2016,99.315
COL,2017,99.315
COL,2018,99.315
COL,2019,99.315
COG,1990,100.0
COG,1995,100.0
COG,2000,100.0
COG,2005,100.0
COG,2010,100.0
COG,2011,100.0
COG,2012,100.0
COG,2013,100.0
COG,2014,100.0
COG,2015,100.0
COG,2016,100.0
COG,2017,100.0
COG,2018,100.0
COG,2019,100.0
CRI,1990,99.845
CRI,1995,99.845
CRI,2000,99.851
CRI,2005,99.851
CRI,2010,99.865
CRI,2011,99.865
CRI,2012,99.865
CRI,2013,99.865
CRI,2014,99.865
CRI,2015,99.865
CRI,2016,99.865
CRI,2017,99.865
CRI,2018,99.865
CRI,2019,99.865
CIV,1990,100.0
CIV,1995,100.0
CIV,2000,100.0
CIV,2005,100.0
CIV,2010,100.0
CIV,2011,100.0
CIV,2012,100.0
CIV,2013,100.0
CIV,2014,100.0
CIV,2015,100.0
CIV,2016,100.0
CIV,2017,100.0
CIV,2018,100.0
CIV,2019,100.0
HRV,1990,99.853
HRV,1995,99.853
HRV,2000,99.84
HRV,2005,99.439
HRV,2010,99.375
HRV,2011,99.827
HRV,2012,99.375
HRV,2013,99.357
HRV,2014,99.357
HRV,2015,99.357
HRV,2016,96.651
HRV,2017,96.794
HRV,2018,96.919
HRV,2019,96.89
CUB,1990,96.823
CUB,1995,96.773
CUB,2000,99.69
CUB,2005,99.69
CUB,2010,99.658
CUB,2011,99.658
CUB,2012,99.658
CUB,2013,99.658
CUB,2014,99.658
CUB,2015,99.658
CUB,2016,99.658
CUB,2017,99.658
CUB,2018,99.658
CUB,2019,99.658
CYP,1990,99.4
CYP,1995,99.996
CYP,2000,99.996
CYP,2005,99.996
CYP,2010,99.993
CYP,2011,99.993
CYP,2012,99.993
CYP,2013,99.993
CYP,2014,99.993
CYP,2015,99.993
CYP,2016,99.993
CYP,2017,99.993
CYP,2018,99.993
CYP,2019,99.993
PRK,1990,99.742
PRK,1995,99.742
PRK,2000,99.732
PRK,2005,99.732
PRK,2010,99.74
PRK,2011,99.74
PRK,2012,99.74
PRK,2013,99.74
PRK,2014,99.74
PRK,2015,99.74
PRK,2016,99.74
PRK,2017,99.74
PRK,2018,99.74
PRK,2019,99.74
COD,1990,100.0
COD,1995,100.0
COD,2000,100.0
COD,2005,100.0
COD,2010,100.0
COD,2011,100.0
COD,2012,100.0
COD,2013,100.0
COD,2014,100.0
COD,2015,100.0
COD,2016,100.0
COD,2017,100.0
COD,2018,100.0
COD,2019,100.0
DOM,1990,92.221
DOM,1995,92.221
DOM,2000,99.979
DOM,2005,99.977
DOM,2010,99.978
DOM,2011,99.978
DOM,2012,99.978
DOM,2013,99.978
DOM,2014,99.982
DOM,2015,99.982
DOM,2016,99.982
DOM,2017,99.982
DOM,2018,99.982
DOM,2019,99.982
ECU,1990,99.977
ECU,1995,99.977
ECU,2000,99.991
ECU,2005,99.991
ECU,2010,99.991
ECU,2011,99.991
ECU,2012,99.991
ECU,2013,99.991
ECU,2014,99.991
ECU,2015,99.991
ECU,2016,99.991
ECU,2017,99.991
ECU,2018,99.991
ECU,2019,99.991
EGY,1990,99.821
EGY,1995,99.821
EGY,2000,99.821
EGY,2005,99.821
EGY,2010,99.826
EGY,2011,99.826
EGY,2012,99.826
EGY,2013,99.826
EGY,2014,99.826
EGY,2015,99.826
EGY,2016,99.826
EGY,2017,99.826
EGY,2018,99.826
EGY,2019,99.826
SLV,1990,99.808
SLV,1995,99.808
SLV,2000,99.819
SLV,2005,99.819
SLV,2010,99.864
SLV,2011,99.864
SLV,2012,99.864
SLV,2013,99.864
SLV,2014,99.864
SLV,2015,99.864
SLV,2016,99.864
SLV,2017,99.864
SLV,2018,99.864
SLV,2019,99.864
GNQ,1990,99.723
GNQ,1995,99.723
GNQ,2000,99.719
GNQ,2005,99.719
GNQ,2010,99.534
GNQ,2011,99.534
GNQ,2012,99.534
GNQ,2013,99.534
GNQ,2014,99.534
GNQ,2015,99.534
GNQ,2016,99.534
GNQ,2017,99.534
GNQ,2018,99.534
GNQ,2019,99.534
ERI,1990,99.711
ERI,1995,99.711
ERI,2000,99.746
ERI,2005,99.746
ERI,2010,99.766
ERI,2011,99.766
ERI,2012,99.766
ERI,2013,99.766
ERI,2014,99.766
ERI,2015,99.766
ERI,2016,99.766
ERI,2017,99.766
ERI,2018,99.766
ERI,2019,99.766
EST,1990,23.779
EST,1995,18.552
EST,2000,7.32
EST,2005,7.493
EST,2010,17.231
EST,2011,1.871
EST,2012,1.871
EST,2013,1.871
EST,2014,5.309
EST,2015,0.0
EST,2016,0.0
EST,2017,0.0
EST,2018,0.0
EST,2019,0.0
ETH,1990,100.0
ETH,1995,100.0
ETH,2000,100.0
ETH,2005,100.0
ETH,2010,100.0
ETH,2011,100.0
ETH,2012,100.0
ETH,2013,100.0
ETH,2014,100.0
ETH,2015,100.0
ETH,2016,100.0
ETH,2017,100.0
ETH,2018,100.0
ETH,2019,100.0
FJI,1990,17.881
FJI,1995,17.881
FJI,2000,74.888
FJI,2005,76.734
FJI,2010,74.167
FJI,2011,73.673
FJI,2012,75.516
FJI,2013,77.378
FJI,2014,70.207
FJI,2015,65.383
FJI,2016,76.613
FJI,2017,76.487
FJI,2018,74.164
FJI,2019,74.446
GAB,1990,99.808
GAB,1995,99.808
GAB,2000,99.823
GAB,2005,99.823
GAB,2010,99.838
GAB,2011,99.838
GAB,2012,99.838
GAB,2013,99.838
GAB,2014,99.838
GAB,2015,99.838
GAB,2016,99.838
GAB,2017,99.838
GAB,2018,99.838
GAB,2019,99.838
GMB,1990,100.0
GMB,1995,100.0
GMB,2000,100.0
GMB,2005,100.0
GMB,2010,100.0
GMB,2011,100.0
GMB,2012,100.0
GMB,2013,100.0
GMB,2014,100.0
GMB,2015,100.0
GMB,2016,100.0
GMB,2017,100.0
GMB,2018,100.0
GMB,2019,100.0
GEO,1990,93.352
GEO,1995,93.352
GEO,2000,99.274
GEO,2005,99.102
GEO,2010,99.798
GEO,2011,99.823
GEO,2012,99.815
GEO,2013,99.813
GEO,2014,99.823
GEO,2015,99.719
GEO,2016,99.63
GEO,2017,99.355
GEO,2018,99.338
GEO,2019,99.363
GHA,1990,100.0
GHA,1995,100.0
GHA,2000,100.0
GHA,2005,100.0
GHA,2010,100.0
GHA,2011,100.0
GHA,2012,100.0
GHA,2013,100.0
GHA,2014,100.0
GHA,2015,100.0
GHA,2016,100.0
GHA,2017,100.0
GHA,2018,100.0
GHA,2019,100.0
GTM,1990,100.0
GTM,1995,100.0
GTM,2000,100.0
GTM,2005,100.0
GTM,2010,100.0
GTM,2011,100.0
GTM,2012,100.0
GTM,2013,100.0
GTM,2014,100.0
GTM,2015,100.0
GTM,2016,100.0
GTM,2017,100.0
GTM,2018,100.0
GTM,2019,100.0
GIN,1990,99.789
GIN,1995,99.789
GIN,2000,99.837
GIN,2005,99.837
GIN,2010,99.896
GIN,2011,99.896
GIN,2012,99.896
GIN,2013,99.896
GIN,2014,99.896
GIN,2015,99.896
GIN,2016,99.896
GIN,2017,99.896
GIN,2018,99.896
GIN,2019,99.896
GNB,1990,99.62
GNB,1995,99.62
GNB,2000,99.633
GNB,2005,99.633
GNB,2010,99.707
GNB,2011,99.707
GNB,2012,99.707
GNB,2013,99.707
GNB,2014,99.707
GNB,2015,99.707
GNB,2016,99.707
GNB,2017,99.707
GNB,2018,99.707
GNB,2019,99.707
HTI,1990,95.432
HTI,1995,93.659
HTI,2000,99.93
HTI,2005,99.93
HTI,2010,99.945
HTI,2011,99.945
HTI,2012,99.945
HTI,2013,99.945
HTI,2014,99.945
HTI,2015,99.945
HTI,2016,99.945
HTI,2017,99.945
HTI,2018,99.945
HTI,2019,99.945
HND,1990,99.925
HND,1995,99.925
HND,2000,99.918
HND,2005,99.918
HND,2010,99.903
HND,2011,99.903
HND,2012,99.903
HND,2013,99.903
HND,2014,99.903
HND,2015,99.903
HND,2016,99.903
HND,2017,99.903
HND,2018,99.903
HND,2019,99.903
HKG,1990,99.932
HKG,1995,99.932
HKG,2000,99.92
HKG,2005,99.92
HKG,2010,99.919
HKG,2011,99.919
HKG,2012,99.919
HKG,2013,99.919
HKG,2014,99.919
HKG,2015,99.919
HKG,2016,99.919
HKG,2017,99.919
HKG,2018,99.919
HKG,2019,99.919
IND,1990,99.989
IND,1995,99.989
IND,2000,99.988
IND,2005,99.988
IND,2010,99.988
IND,2011,99.988
IND,2012,99.988
IND,2013,99.988
IND,2014,99.988
IND,2015,99.988
IND,2016,99.988
IND,2017,99.988
IND,2018,99.988
IND,2019,99.988
IDN,1990,99.663
IDN,1995,99.38
IDN,2000,99.405
IDN,2005,99.543
IDN,2010,98.629
IDN,2011,98.87
IDN,2012,99.428
IDN,2013,99.17
IDN,2014,99.491
IDN,2015,99.491
IDN,2016,99.021
IDN,2017,98.066
IDN,2018,98.497
IDN,2019,98.277
IRN,1990,99.998
IRN,1995,99.998
IRN,2000,99.994
IRN,2005,99.994
IRN,2010,99.98
IRN,2011,99.98
IRN,2012,99.98
IRN,2013,99.98
IRN,2014,99.98
IRN,2015,99.98
IRN,2016,99.98
IRN,2017,99.98
IRN,2018,99.98
IRN,2019,99.98
IRQ,1990,100.0
IRQ,1995,100.0
IRQ,2000,100.0
IRQ,2005,100.0
IRQ,2010,100.0
IRQ,2011,100.0
IRQ,2012,100.0
IRQ,2013,100.0
IRQ,2014,100.0
IRQ,2015,100.0
IRQ,2016,100.0
IRQ,2017,100.0
IRQ,2018,100.0
IRQ,2019,100.0
ISR,1990,99.999
ISR,1995,99.999
ISR,2000,99.999
ISR,2005,99.999
ISR,2010,99.999
ISR,2011,99.999
ISR,2012,99.999
ISR,2013,99.999
ISR,2014,99.999
ISR,2015,99.999
ISR,2016,99.999
ISR,2017,99.999
ISR,2018,99.999
ISR,2019,99.999
JAM,1990,78.972
JAM,1995,78.972
JAM,2000,99.274
JAM,2005,99.274
JAM,2010,99.29
JAM,2011,99.285
JAM,2012,99.29
JAM,2013,99.29
JAM,2014,99.29
JAM,2015,99.29
JAM,2016,99.29
JAM,2017,99.29
JAM,2018,99.29
JAM,2019,99.29
JOR,1990,100.0
JOR,1995,100.0
JOR,2000,100.0
JOR,2005,100.0
JOR,2010,100.0
JOR,2011,100.0
JOR,2012,100.0
JOR,2013,100.0
JOR,2014,100.0
JOR,2015,100.0
JOR,2016,100.0
JOR,2017,100.0
JOR,2018,100.0
JOR,2019,100.0
KAZ,1990,97.837
KAZ,1995,97.568
KAZ,2000,97.294
KAZ,2005,97.064
KAZ,2010,98.026
KAZ,2011,99.788
KAZ,2012,99.949
KAZ,2013,99.774
KAZ,2014,99.464
KAZ,2015,99.296
KAZ,2016,98.985
KAZ,2017,98.683
KAZ,2018,98.653
KAZ,2019,98.601
KEN,1990,99.996
KEN,1995,99.996
KEN,2000,99.996
KEN,2005,99.996
KEN,2010,99.997
KEN,2011,99.997
KEN,2012,99.997
KEN,2013,99.997
KEN,2014,99.997
KEN,2015,99.997
KEN,2016,99.997
KEN,2017,99.997
KEN,2018,99.997
KEN,2019,99.997
KWT,1990,99.695
KWT,1995,99.695
KWT,2000,99.706
KWT,2005,99.706
KWT,2010,99.713
KWT,2011,99.713
KWT,2012,99.713
KWT,2013,99.713
KWT,2014,99.713
KWT,2015,99.713
KWT,2016,99.713
KWT,2017,99.713
KWT,2018,99.713
KWT,2019,99.713
KGZ,1990,99.92
KGZ,1995,99.959
KGZ,2000,99.898
KGZ,2005,98.452
KGZ,2010,99.958
KGZ,2011,99.958
KGZ,2012,99.997
KGZ,2013,99.997
KGZ,2014,99.958
KGZ,2015,99.948
KGZ,2016,99.948
KGZ,2017,99.903
KGZ,2018,99.903
KGZ,2019,99.898
LAO,1990,100.0
LAO,1995,100.0
LAO,2000,100.0
LAO,2005,100.0
LAO,2010,100.0
LAO,2011,100.0
LAO,2012,100.0
LAO,2013,100.0
LAO,2014,99.951
LAO,2015,99.964
LAO,2016,100.0
LAO,2017,99.875
LAO,2018,99.953
LAO,2019,99.953
LVA,1990,98.498
LVA,1995,98.385
LVA,2000,98.737
LVA,2005,98.695
LVA,2010,99.576
LVA,2011,96.516
LVA,2012,94.894
LVA,2013,96.251
LVA,2014,96.876
LVA,2015,89.501
LVA,2016,80.254
LVA,2017,65.851
LVA,2018,72.771
LVA,2019,69.49
LBN,1990,99.849
LBN,1995,99.849
LBN,2000,99.834
LBN,2005,99.834
LBN,2010,99.825
LBN,2011,99.825
LBN,2012,99.825
LBN,2013,99.825
LBN,2014,99.825
LBN,2015,99.825
LBN,2016,99.825
LBN,2017,99.825
LBN,2018,99.825
LBN,2019,99.825
LSO,1990,100.0
LSO,1995,100.0
LSO,2000,100.0
LSO,2005,100.0
LSO,2010,100.0
LSO,2011,100.0
LSO,2012,100.0
LSO,2013,100.0
LSO,2014,100.0
LSO,2015,100.0
LSO,2016,100.0
LSO,2017,100.0
LSO,2018,100.0
LSO,2019,100.0
LBR,1990,99.971
LBR,1995,99.971
LBR,2000,99.973
LBR,2005,99.973
LBR,2010,99.974
LBR,2011,99.974
LBR,2012,99.974
LBR,2013,99.974
LBR,2014,99.974
LBR,2015,99.974
LBR,2016,99.974
LBR,2017,99.974
LBR,2018,99.974
LBR,2019,99.974
LBY,1990,99.946
LBY,1995,99.946
LBY,2000,99.948
LBY,2005,99.948
LBY,2010,99.95
LBY,2011,99.95
LBY,2012,99.95
LBY,2013,99.95
LBY,2014,99.95
LBY,2015,99.95
LBY,2016,99.95
LBY,2017,99.95
LBY,2018,99.95
LBY,2019,99.95
LIE,1990,100.0
LIE,1995,100.0
LIE,2000,99.956
LIE,2005,92.151
LIE,2010,92.443
LIE,2011,99.955
LIE,2012,92.443
LIE,2013,92.443
LIE,2014,83.385
LIE,2015,91.977
LIE,2016,79.983
LIE,2017,79.983
LIE,2018,79.983
LIE,2019,79.983
LTU,1990,96.461
LTU,1995,96.461
LTU,2000,99.957
LTU,2005,99.957
LTU,2010,99.944
LTU,2011,99.944
LTU,2012,99.661
LTU,2013,99.944
LTU,2014,99.944
LTU,2015,89.352
LTU,2016,59.884
LTU,2017,46.04
LTU,2018,53.087
LTU,2019,52.181
MKD,1990,100.0
MKD,1995,100.0
MKD,2000,100.0
MKD,2005,100.0
MKD,2010,100.0
MKD,2011,100.0
MKD,2012,100.0
MKD,2013,100.0
MKD,2014,100.0
MKD,2015,100.0
MKD,2016,100.0
MKD,2017,100.0
MKD,2018,100.0
MKD,2019,100.0
MDG,1990,99.885
MDG,1995,99.885
MDG,2000,99.874
MDG,2005,99.874
MDG,2010,99.859
MDG,2011,99.859
MDG,2012,99.859
MDG,2013,99.859
MDG,2014,99.859
MDG,2015,99.859
MDG,2016,99.859
MDG,2017,99.859
MDG,2018,99.859
MDG,2019,99.859
MWI,1990,100.0
MWI,1995,100.0
MWI,2000,100.0
MWI,2005,100.0
MWI,2010,100.0
MWI,2011,100.0
MWI,2012,100.0
MWI,2013,100.0
MWI,2014,100.0
MWI,2015,100.0
MWI,2016,100.0
MWI,2017,100.0
MWI,2018,100.0
MWI,2019,100.0
MYS,1990,99.61
MYS,1995,99.082
MYS,2000,99.423
MYS,2005,99.671
MYS,2010,99.695
MYS,2011,98.96
MYS,2012,99.394
MYS,2013,99.654
MYS,2014,97.983
MYS,2015,99.307
MYS,2016,98.975
MYS,2017,95.725
MYS,2018,97.135
MYS,2019,97.157
MLI,1990,100.0
MLI,1995,100.0
MLI,2000,100.0
MLI,2005,100.0
MLI,2010,100.0
MLI,2011,100.0
MLI,2012,100.0
MLI,2013,100.0
MLI,2014,100.0
MLI,2015,100.0
MLI,2016,100.0
MLI,2017,100.0
MLI,2018,100.0
MLI,2019,100.0
MLT,1990,95.754
MLT,1995,95.754
MLT,2000,100.0
MLT,2005,100.0
MLT,2010,100.0
MLT,2011,100.0
MLT,2012,100.0
MLT,2013,100.0
MLT,2014,100.0
MLT,2015,100.0
MLT,2016,99.901
MLT,2017,99.901
MLT,2018,99.901
MLT,2019,99.901
MRT,1990,100.0
MRT,1995,100.0
MRT,2000,100.0
MRT,2005,100.0
MRT,2010,100.0
MRT,2011,100.0
MRT,2012,100.0
MRT,2013,100.0
MRT,2014,100.0
MRT,2015,100.0
MRT,2016,100.0
MRT,2017,100.0
MRT,2018,100.0
MRT,2019,100.0
MUS,1990,99.91
MUS,1995,99.91
MUS,2000,99.912
MUS,2005,99.912
MUS,2010,99.906
MUS,2011,99.906
MUS,2012,99.906
MUS,2013,99.906
MUS,2014,99.906
MUS,2015,99.906
MUS,2016,99.906
MUS,2017,99.906
MUS,2018,99.906
MUS,2019,99.906
MDA,1990,100.0
MDA,1995,100.0
MDA,2000,100.0
MDA,2005,100.0
MDA,2010,100.0
MDA,2011,100.0
MDA,2012,100.0
MDA,2013,100.0
MDA,2014,100.0
MDA,2015,100.0
MDA,2016,99.925
MDA,2017,99.53
MDA,2018,99.771
MDA,2019,98.996
MNG,1990,93.73
MNG,1995,90.584
MNG,2000,95.514
MNG,2005,88.376
MNG,2010,93.279
MNG,2011,98.88
MNG,2012,98.667
MNG,2013,98.262
MNG,2014,97.784
MNG,2015,97.704
MNG,2016,97.089
MNG,2017,95.768
MNG,2018,96.057
MNG,2019,95.76
MAR,1990,99.994
MAR,1995,99.994
MAR,2000,99.998
MAR,2005,99.998
MAR,2010,99.998
MAR,2011,99.998
MAR,2012,99.998
MAR,2013,99.998
MAR,2014,99.991
MAR,2015,99.998
MAR,2016,99.991
MAR,2017,99.998
MAR,2018,99.998
MAR,2019,99.998
MOZ,1990,99.806
MOZ,1995,99.806
MOZ,2000,99.902
MOZ,2005,99.902
MOZ,2010,99.941
MOZ,2011,99.941
MOZ,2012,99.941
MOZ,2013,99.941
MOZ,2014,99.941
MOZ,2015,99.941
MOZ,2016,99.941
MOZ,2017,99.941
MOZ,2018,99.941
MOZ,2019,99.941
MMR,1990,99.939
MMR,1995,99.939
MMR,2000,99.861
MMR,2005,99.861
MMR,2010,99.84
MMR,2011,99.84
MMR,2012,99.84
MMR,2013,99.84
MMR,2014,99.84
MMR,2015,99.84
MMR,2016,99.84
MMR,2017,99.839
MMR,2018,99.839
MMR,2019,99.839
NAM,1990,100.0
NAM,1995,100.0
NAM,2000,100.0
NAM,2005,100.0
NAM,2010,100.0
NAM,2011,100.0
NAM,2012,100.0
NAM,2013,100.0
NAM,2014,100.0
NAM,2015,100.0
NAM,2016,100.0
NAM,2017,100.0
NAM,2018,100.0
NAM,2019,100.0
NPL,1990,100.0
NPL,1995,100.0
NPL,2000,100.0
NPL,2005,100.0
NPL,2010,100.0
NPL,2011,100.0
NPL,2012,100.0
NPL,2013,100.0
NPL,2014,100.0
NPL,2015,100.0
NPL,2016,100.0
NPL,2017,100.0
NPL,2018,100.0
NPL,2019,100.0
NIC,1990,99.963
NIC,1995,99.963
NIC,2000,99.961
NIC,2005,99.961
NIC,2010,99.959
NIC,2011,99.959
NIC,2012,99.959
NIC,2013,99.959
NIC,2014,99.959
NIC,2015,99.959
NIC,2016,99.959
NIC,2017,99.959
NIC,2018,99.959
NIC,2019,99.959
NER,1990,100.0
NER,1995,100.0
NER,2000,100.0
NER,2005,100.0
NER,2010,100.0
NER,2011,100.0
NER,2012,100.0
NER,2013,100.0
NER,2014,100.0
NER,2015,100.0
NER,2016,100.0
NER,2017,100.0
NER,2018,100.0
NER,2019,100.0
NGA,1990,99.977
NGA,1995,99.977
NGA,2000,99.978
NGA,2005,99.978
NGA,2010,99.98
NGA,2011,99.98
NGA,2012,99.98
NGA,2013,99.98
NGA,2014,99.98
NGA,2015,99.98
NGA,2016,99.98
NGA,2017,99.98
NGA,2018,99.98
NGA,2019,99.98
OMN,1990,99.975
OMN,1995,99.975
OMN,2000,99.974
OMN,2005,99.974
OMN,2010,99.981
OMN,2011,99.981
OMN,2012,99.981
OMN,2013,99.981
OMN,2014,99.981
OMN,2015,99.981
OMN,2016,99.981
OMN,2017,99.981
OMN,2018,99.981
OMN,2019,99.981
PAK,1990,99.813
PAK,1995,99.813
PAK,2000,99.827
PAK,2005,99.827
PAK,2010,99.832
PAK,2011,99.832
PAK,2012,99.832
PAK,2013,99.832
PAK,2014,99.832
PAK,2015,99.832
PAK,2016,99.832
PAK,2017,99.832
PAK,2018,99.832
PAK,2019,99.832
PAN,1990,99.852
PAN,1995,99.852
PAN,2000,99.819
PAN,2005,99.819
PAN,2010,99.792
PAN,2011,99.792
PAN,2012,99.792
PAN,2013,99.792
PAN,2014,99.792
PAN,2015,99.792
PAN,2016,99.792
PAN,2017,99.792
PAN,2018,99.792
PAN,2019,99.792
PNG,1990,95.823
PNG,1995,95.642
PNG,2000,98.226
PNG,2005,98.226
PNG,2010,98.384
PNG,2011,98.384
PNG,2012,98.384
PNG,2013,98.384
PNG,2014,98.384
PNG,2015,98.384
PNG,2016,98.384
PNG,2017,98.384
PNG,2018,98.384
PNG,2019,98.384
PRY,1990,100.0
PRY,1995,100.0
PRY,2000,100.0
PRY,2005,100.0
PRY,2010,100.0
PRY,2011,100.0
PRY,2012,100.0
PRY,2013,100.0
PRY,2014,100.0
PRY,2015,99.976
PRY,2016,100.0
PRY,2017,99.976
PRY,2018,100.0
PRY,2019,100.0
PER,1990,98.179
PER,1995,98.18
PER,2000,98.271
PER,2005,98.271
PER,2010,98.41
PER,2011,98.421
PER,2012,98.421
PER,2013,98.412
PER,2014,98.409
PER,2015,98.399
PER,2016,98.399
PER,2017,98.399
PER,2018,98.399
PER,2019,98.399
PHL,1990,97.607
PHL,1995,97.607
PHL,2000,98.414
PHL,2005,98.414
PHL,2010,98.739
PHL,2011,98.709
PHL,2012,98.742
PHL,2013,98.742
PHL,2014,98.724
PHL,2015,98.723
PHL,2016,98.707
PHL,2017,98.634
PHL,2018,98.397
PHL,2019,98.397
QAT,1990,99.991
QAT,1995,99.991
QAT,2000,99.959
QAT,2005,99.959
QAT,2010,99.958
QAT,2011,99.958
QAT,2012,99.958
QAT,2013,99.958
QAT,2014,99.958
QAT,2015,99.958
QAT,2016,99.958
QAT,2017,99.958
QAT,2018,99.958
QAT,2019,99.958
ROU,1990,100.0
ROU,1995,100.0
ROU,2000,100.0
ROU,2005,100.0
ROU,2010,100.0
ROU,2011,100.0
ROU,2012,99.778
ROU,2013,99.77
ROU,2014,99.712
ROU,2015,99.033
ROU,2016,98.711
ROU,2017,98.743
ROU,2018,98.659
ROU,2019,98.002
RUS,1990,94.334
RUS,1995,93.76
RUS,2000,93.544
RUS,2005,90.982
RUS,2010,92.168
RUS,2011,90.547
RUS,2012,90.69
RUS,2013,90.249
RUS,2014,90.738
RUS,2015,83.132
RUS,2016,75.337
RUS,2017,68.777
RUS,2018,70.48
RUS,2019,70.061
RWA,1990,100.0
RWA,1995,100.0
RWA,2000,100.0
RWA,2005,100.0
RWA,2010,100.0
RWA,2011,100.0
RWA,2012,100.0
RWA,2013,100.0
RWA,2014,100.0
RWA,2015,100.0
RWA,2016,100.0
RWA,2017,100.0
RWA,2018,100.0
RWA,2019,100.0
SAU,1990,99.683
SAU,1995,99.683
SAU,2000,99.705
SAU,2005,99.705
SAU,2010,99.739
SAU,2011,99.739
SAU,2012,99.739
SAU,2013,99.739
SAU,2014,99.739
SAU,2015,99.739
SAU,2016,99.739
SAU,2017,99.739
SAU,2018,99.739
SAU,2019,99.739
SEN,1990,99.988
SEN,1995,99.988
SEN,2000,99.986
SEN,2005,99.986
SEN,2010,99.986
SEN,2011,99.986
SEN,2012,99.986
SEN,2013,99.986
SEN,2014,99.986
SEN,2015,99.986
SEN,2016,99.986
SEN,2017,99.986
SEN,2018,99.986
SEN,2019,99.986
SLE,1990,99.911
SLE,1995,99.911
SLE,2000,99.924
SLE,2005,99.924
SLE,2010,99.93
SLE,2011,99.93
SLE,2012,99.93
SLE,2013,99.93
SLE,2014,99.93
SLE,2015,99.93
SLE,2016,99.93
SLE,2017,99.93
SLE,2018,99.93
SLE,2019,99.93
SGP,1990,100.0
SGP,1995,100.0
SGP,2000,100.0
SGP,2005,100.0
SGP,2010,100.0
SGP,2011,100.0
SGP,2012,100.0
SGP,2013,100.0
SGP,2014,100.0
SGP,2015,100.0
SGP,2016,100.0
SGP,2017,100.0
SGP,2018,100.0
SGP,2019,100.0
SVN,1990,100.0
SVN,1995,100.0
SVN,2000,100.0
SVN,2005,100.0
SVN,2010,100.0
SVN,2011,100.0
SVN,2012,99.991
SVN,2013,99.991
SVN,2014,99.97
SVN,2015,99.97
SVN,2016,99.924
SVN,2017,99.918
SVN,2018,99.961
SVN,2019,99.961
SOM,1990,99.791
SOM,1995,99.791
SOM,2000,99.797
SOM,2005,99.797
SOM,2010,99.802
SOM,2011,99.802
SOM,2012,99.802
SOM,2013,99.802
SOM,2014,99.802
SOM,2015,99.802
SOM,2016,99.802
SOM,2017,99.802
SOM,2018,99.802
SOM,2019,99.802
ZAF,1990,99.997
ZAF,1995,99.997
ZAF,2000,99.997
ZAF,2005,99.997
ZAF,2010,99.996
ZAF,2011,99.996
ZAF,2012,99.996
ZAF,2013,99.996
ZAF,2014,99.996
ZAF,2015,99.996
ZAF,2016,99.996
ZAF,2017,99.996
ZAF,2018,99.996
ZAF,2019,99.996
LKA,1990,99.937
LKA,1995,99.937
LKA,2000,99.944
LKA,2005,99.944
LKA,2010,99.942
LKA,2011,99.942
LKA,2012,99.942
LKA,2013,99.942
LKA,2014,99.942
LKA,2015,99.942
LKA,2016,99.942
LKA,2017,99.942
LKA,2018,99.942
LKA,2019,99.942
SDN,1990,99.999
SDN,1995,99.999
SDN,2000,99.999
SDN,2005,99.999
SDN,2010,99.999
SDN,2011,99.999
SDN,2012,99.999
SDN,2013,99.999
SDN,2014,99.999
SDN,2015,99.999
SDN,2016,99.999
SDN,2017,99.999
SDN,2018,99.999
SDN,2019,99.999
SWZ,1990,100.0
SWZ,1995,100.0
SWZ,2000,100.0
SWZ,2005,100.0
SWZ,2010,100.0
SWZ,2011,100.0
SWZ,2012,100.0
SWZ,2013,100.0
SWZ,2014,100.0
SWZ,2015,100.0
SWZ,2016,100.0
SWZ,2017,100.0
SWZ,2018,100.0
SWZ,2019,100.0
SYR,1990,100.0
SYR,1995,100.0
SYR,2000,100.0
SYR,2005,100.0
SYR,2010,100.0
SYR,2011,100.0
SYR,2012,100.0
SYR,2013,100.0
SYR,2014,100.0
SYR,2015,100.0
SYR,2016,100.0
SYR,2017,100.0
SYR,2018,100.0
SYR,2019,100.0
TJK,1990,100.0
TJK,1995,100.0
TJK,2000,100.0
TJK,2005,100.0
TJK,2010,100.0
TJK,2011,100.0
TJK,2012,100.0
TJK,2013,100.0
TJK,2014,100.0
TJK,2015,100.0
TJK,2016,100.0
TJK,2017,100.0
TJK,2018,100.0
TJK,2019,100.0
TZA,1990,99.969
TZA,1995,99.969
TZA,2000,99.973
TZA,2005,99.973
TZA,2010,99.979
TZA,2011,99.979
TZA,2012,99.979
TZA,2013,99.979
TZA,2014,99.979
TZA,2015,99.979
TZA,2016,99.979
TZA,2017,99.979
TZA,2018,99.979
TZA,2019,99.979
THA,1990,99.83
THA,1995,99.83
THA,2000,99.804
THA,2005,99.804
THA,2010,99.734
THA,2011,99.734
THA,2012,99.734
THA,2013,99.734
THA,2014,99.734
THA,2015,99.734
THA,2016,99.734
THA,2017,99.734
THA,2018,99.734
THA,2019,99.734
TLS,1990,100.0
TLS,1995,100.0
TLS,2000,100.0
TLS,2005,100.0
TLS,2010,100.0
TLS,2011,100.0
TLS,2012,100.0
TLS,2013,100.0
TLS,2014,100.0
TLS,2015,100.0
TLS,2016,100.0
TLS,2017,100.0
TLS,2018,100.0
TLS,2019,100.0
TGO,1990,100.0
TGO,1995,100.0
TGO,2000,100.0
TGO,2005,100.0
TGO,2010,100.0
TGO,2011,100.0
TGO,2012,100.0
TGO,2013,100.0
TGO,2014,100.0
TGO,2015,100.0
TGO,2016,100.0
TGO,2017,100.0
TGO,2018,100.0
TGO,2019,100.0
TTO,1990,99.471
TTO,1995,99.471
TTO,2000,99.5
TTO,2005,99.5
TTO,2010,99.484
TTO,2011,99.484
TTO,2012,99.484
TTO,2013,99.484
TTO,2014,99.484
TTO,2015,99.484
TTO,2016,99.484
TTO,2017,99.484
TTO,2018,99.484
TTO,2019,99.484
TUN,1990,99.559
TUN,1995,99.559
TUN,2000,99.588
TUN,2005,99.588
TUN,2010,99.62
TUN,2011,99.62
TUN,2012,99.62
TUN,2013,99.62
TUN,2014,99.62
TUN,2015,99.62
TUN,2016,99.62
TUN,2017,99.62
TUN,2018,99.62
TUN,2019,99.62
TKM,1990,99.958
TKM,1995,99.971
TKM,2000,100.0
TKM,2005,100.0
TKM,2010,100.0
TKM,2011,100.0
TKM,2012,100.0
TKM,2013,100.0
TKM,2014,100.0
TKM,2015,100.0
TKM,2016,100.0
TKM,2017,100.0
TKM,2018,100.0
TKM,2019,100.0
UGA,1990,100.0
UGA,1995,100.0
UGA,2000,100.0
UGA,2005,100.0
UGA,2010,100.0
UGA,2011,100.0
UGA,2012,100.0
UGA,2013,100.0
UGA,2014,100.0
UGA,2015,100.0
UGA,2016,100.0
UGA,2017,100.0
UGA,2018,100.0
UGA,2019,100.0
UKR,1990,98.407
UKR,1995,98.394
UKR,2000,99.954
UKR,2005,99.954
UKR,2010,99.922
UKR,2011,99.825
UKR,2012,99.897
UKR,2013,99.653
UKR,2014,99.55
UKR,2015,99.51
UKR,2016,96.701
UKR,2017,96.832
UKR,2018,96.503
UKR,2019,96.299
ARE,1990,98.637
ARE,1995,98.637
ARE,2000,99.008
ARE,2005,99.008
ARE,2010,99.303
ARE,2011,99.303
ARE,2012,99.303
ARE,2013,99.303
ARE,2014,99.303
ARE,2015,99.303
ARE,2016,99.303
ARE,2017,99.303
ARE,2018,99.303
ARE,2019,99.303
URY,1990,42.488
URY,1995,39.985
URY,2000,38.233
URY,2005,23.058
URY,2010,28.792
URY,2011,30.711
URY,2012,25.285
URY,2013,45.605
URY,2014,33.79
URY,2015,33.997
URY,2016,33.222
URY,2017,27.69
URY,2018,27.755
URY,2019,26.537
UZB,1990,100.0
UZB,1995,100.0
UZB,2000,100.0
UZB,2005,100.0
UZB,2010,100.0
UZB,2011,100.0
UZB,2012,100.0
UZB,2013,100.0
UZB,2014,100.0
UZB,2015,100.0
UZB,2016,100.0
UZB,2017,100.0
UZB,2018,100.0
UZB,2019,100.0
VEN,1990,99.799
VEN,1995,99.799
VEN,2000,99.779
VEN,2005,99.779
VEN,2010,99.749
VEN,2011,99.749
VEN,2012,99.749
VEN,2013,99.749
VEN,2014,99.749
VEN,2015,99.749
VEN,2016,99.749
VEN,2017,99.749
VEN,2018,99.749
VEN,2019,99.749
VNM,1990,99.364
VNM,1995,99.154
VNM,2000,99.355
VNM,2005,99.355
VNM,2010,99.357
VNM,2011,98.259
VNM,2012,97.389
VNM,2013,98.853
VNM,2014,93.712
VNM,2015,93.542
VNM,2016,98.255
VNM,2017,90.654
VNM,2018,92.088
VNM,2019,92.366
YEM,1990,99.995
YEM,1995,99.995
YEM,2000,99.995
YEM,2005,99.995
YEM,2010,99.882
YEM,2011,99.882
YEM,2012,99.882
YEM,2013,99.882
YEM,2014,99.882
YEM,2015,99.882
YEM,2016,99.882
YEM,2017,99.882
YEM,2018,99.882
YEM,2019,99.882
ZMB,1990,100.0
ZMB,1995,100.0
ZMB,2000,100.0
ZMB,2005,100.0
ZMB,2010,100.0
ZMB,2011,100.0
ZMB,2012,100.0
ZMB,2013,100.0
ZMB,2014,100.0
ZMB,2015,100.0
ZMB,2016,100.0
ZMB,2017,100.0
ZMB,2018,100.0
ZMB,2019,100.0
ZWE,1990,100.0
ZWE,1995,100.0
ZWE,2000,100.0
ZWE,2005,100.0
ZWE,2010,100.0
ZWE,2011,100.0
ZWE,2012,100.0
ZWE,2013,100.0
ZWE,2014,100.0
ZWE,2015,100.0
ZWE,2016,100.0
ZWE,2017,100.0
ZWE,2018,100.0
ZWE,2019,100.0
WLD,1990,97.216
WLD,1995,96.877
WLD,2000,97.096
WLD,2005,96.298
WLD,2010,94.834
WLD,2011,95.135
WLD,2012,94.25
WLD,2013,93.94
WLD,2014,93.23
WLD,2015,92.666
WLD,2016,91.586
WLD,2017,91.561
WLD,2018,91.659
WLD,2019,91.511
MAC,1990,100.0
MAC,1995,100.0
MAC,2000,100.0
MAC,2005,100.0
MAC,2010,100.0
MAC,2011,100.0
MAC,2012,100.0
MAC,2013,100.0
MAC,2014,100.0
MAC,2015,100.0
MAC,2016,100.0
MAC,2017,100.0
MAC,2018,100.0
MAC,2019,100.0
SRB,1990,100.0
SRB,1995,100.0
SRB,2000,100.0
SRB,2005,100.0
SRB,2010,100.0
SRB,2011,100.0
SRB,2012,100.0
SRB,2013,100.0
SRB,2014,100.0
SRB,2015,100.0
SRB,2016,100.0
SRB,2017,100.0
SRB,2018,100.0
SRB,2019,100.0
MNE,1990,99.999
MNE,1995,99.999
MNE,2000,99.997
MNE,2005,99.997
MNE,2010,99.996
MNE,2011,99.996
MNE,2012,99.996
MNE,2013,99.996
MNE,2014,99.996
MNE,2015,99.996
MNE,2016,99.996
MNE,2017,99.996
MNE,2018,99.996
MNE,2019,99.996
G20,1990,96.546
G20,1995,96.081
G20,2000,96.16
G20,2005,95.034
G20,2010,92.419
G20,2011,92.891
G20,2012,91.553
G20,2013,91.028
G20,2014,90.092
G20,2015,89.181
G20,2016,87.449
G20,2017,87.635
G20,2018,87.745
G20,2019,87.524
EU28,1990,94.425
EU28,1995,93.027
EU28,2000,94.439
EU28,2005,92.492
EU28,2010,90.101
EU28,2011,91.776
EU28,2012,87.392
EU28,2013,85.857
EU28,2014,79.926
EU28,2015,81.788
EU28,2016,75.342
EU28,2017,75.17
EU28,2018,75.797
EU28,2019,74.552
OECD,1990,89.324
OECD,1995,87.852
OECD,2000,87.516
OECD,2005,84.218
OECD,2010,74.495
OECD,2011,75.973
OECD,2012,71.496
OECD,2013,69.905
OECD,2014,66.592
OECD,2015,66.191
OECD,2016,61.633
OECD,2017,62.204
OECD,2018,62.466
OECD,2019,61.666
OECDE,1990,94.318
OECDE,1995,92.918
OECDE,2000,94.359
OECDE,2005,92.21
OECDE,2010,90.271
OECDE,2011,91.902
OECDE,2012,87.721
OECDE,2013,86.307
OECDE,2014,80.636
OECDE,2015,82.548
OECDE,2016,76.575
OECDE,2017,76.093
OECDE,2018,76.784
OECDE,2019,75.598
TUR,1990,26.677
TUR,1995,26.704
TUR,2000,27.667
TUR,2005,26.673
TUR,2010,30.004
TUR,2011,28.611
TUR,2012,28.127
TUR,2013,28.844
TUR,2014,28.785
TUR,2015,29.597
TUR,2016,28.717
TUR,2017,27.159
TUR,2018,27.403
TUR,2019,26.851
PSE,1990,31.202
PSE,1995,34.314
PSE,2000,33.136
PSE,2005,34.397
PSE,2010,37.666
PSE,2011,35.372
PSE,2012,34.264
PSE,2013,37.444
PSE,2014,36.054
PSE,2015,36.774
PSE,2016,32.766
PSE,2017,33.442
PSE,2018,33.184
PSE,2019,32.556
TWN,1990,24.673
TWN,1995,23.991
TWN,2000,24.564
TWN,2005,24.498
TWN,2010,22.916
TWN,2011,25.592
TWN,2012,25.789
TWN,2013,27.192
TWN,2014,26.912
TWN,2015,26.357
TWN,2016,23.396
TWN,2017,23.447
TWN,2018,23.803
TWN,2019,23.534
EA19,1990,19.754
EA19,1995,18.367
EA19,2000,17.376
EA19,2005,15.891
EA19,2010,15.785
EA19,2011,15.983
EA19,2012,14.31
EA19,2013,13.855
EA19,2014,12.749
EA19,2015,13.281
EA19,2016,12.103
EA19,2017,12.256
EA19,2018,12.326
EA19,2019,12.208
EU27_2020,1990,21.445
EU27_2020,1995,20.165
EU27_2020,2000,18.683
EU27_2020,2005,17.294
EU27_2020,2010,17.097
EU27_2020,2011,17.37
EU27_2020,2012,15.574
EU27_2020,2013,15.025
EU27_2020,2014,14.211
EU27_2020,2015,14.438
EU27_2020,2016,13.294
EU27_2020,2017,13.559
EU27_2020,2018,13.605
EU27_2020,2019,13.475
TUR,1990,99.86
TUR,1995,99.86
TUR,2000,99.86
TUR,2005,99.86
TUR,2010,99.871
TUR,2011,99.871
TUR,2012,99.871
TUR,2013,99.871
TUR,2014,99.871
TUR,2015,99.871
TUR,2016,99.871
TUR,2017,99.871
TUR,2018,99.871
TUR,2019,99.871
PSE,1990,100.0
PSE,1995,100.0
PSE,2000,100.0
PSE,2005,100.0
PSE,2010,100.0
PSE,2011,100.0
PSE,2012,100.0
PSE,2013,100.0
PSE,2014,100.0
PSE,2015,100.0
PSE,2016,100.0
PSE,2017,100.0
PSE,2018,100.0
PSE,2019,100.0
TWN,1990,99.801
TWN,1995,99.801
TWN,2000,99.807
TWN,2005,99.807
TWN,2010,99.819
TWN,2011,99.819
TWN,2012,99.819
TWN,2013,99.819
TWN,2014,99.819
TWN,2015,99.819
TWN,2016,99.819
TWN,2017,99.819
TWN,2018,99.819
TWN,2019,99.819
EA19,1990,94.266
EA19,1995,92.744
EA19,2000,94.984
EA19,2005,92.95
EA19,2010,90.484
EA19,2011,92.491
EA19,2012,88.271
EA19,2013,86.439
EA19,2014,78.412
EA19,2015,83.589
EA19,2016,75.101
EA19,2017,74.348
EA19,2018,75.932
EA19,2019,74.526
EU27_2020,1990,94.402
EU27_2020,1995,92.958
EU27_2020,2000,94.591
EU27_2020,2005,92.758
EU27_2020,2010,90.682
EU27_2020,2011,92.253
EU27_2020,2012,88.607
EU27_2020,2013,87.094
EU27_2020,2014,81.141
EU27_2020,2015,84.772
EU27_2020,2016,77.743
EU27_2020,2017,77.769
EU27_2020,2018,78.641
EU27_2020,2019,77.473
