Gu,Date,DailyRain
강남구,2023-01-01,0.0
강남구,2023-01-02,0.0
강남구,2023-01-03,0.0
강남구,2023-01-04,0.0
강남구,2023-01-05,0.0
강남구,2023-01-06,0.5
강남구,2023-01-07,3.0
강남구,2023-01-08,0.0
강남구,2023-01-09,0.0
강남구,2023-01-10,0.0
강남구,2023-01-11,0.0
강남구,2023-01-12,0.0
강남구,2023-01-13,105.0
강남구,2023-01-14,9.0
강남구,2023-01-15,17.0
강남구,2023-01-16,0.0
강남구,2023-01-17,0.0
강남구,2023-01-18,0.0
강남구,2023-01-19,2.5
강남구,2023-01-20,0.5
강남구,2023-01-21,0.0
강남구,2023-01-22,0.0
강남구,2023-01-23,0.0
강남구,2023-01-24,0.0
강남구,2023-01-25,0.0
강남구,2023-01-26,1.0
강남구,2023-01-27,0.0
강남구,2023-01-28,0.5
강남구,2023-01-29,0.0
강남구,2023-01-30,0.0
강남구,2023-01-31,0.0
강남구,2023-02-01,0.0
강남구,2023-02-02,0.0
강남구,2023-02-03,0.0
강남구,2023-02-04,0.0
강남구,2023-02-05,0.0
강남구,2023-02-06,0.0
강남구,2023-02-07,0.0
강남구,2023-02-08,0.0
강남구,2023-02-09,0.0
강남구,2023-02-10,2.0
강남구,2023-02-11,0.0
강남구,2023-02-12,0.0
강남구,2023-02-13,0.0
강남구,2023-02-14,0.0
강남구,2023-02-15,0.0
강남구,2023-02-16,0.0
강남구,2023-02-17,0.0
강남구,2023-02-18,0.0
강남구,2023-02-19,1.0
강남구,2023-02-20,0.0
강남구,2023-02-21,0.0
강남구,2023-02-22,0.0
강남구,2023-02-23,0.0
강남구,2023-02-24,0.0
강남구,2023-02-25,0.0
강남구,2023-02-26,0.0
강남구,2023-02-27,0.0
강남구,2023-02-28,0.0
강남구,2023-03-01,0.0
강남구,2023-03-02,0.0
강남구,2023-03-03,0.0
강남구,2023-03-04,0.0
강남구,2023-03-05,0.0
강남구,2023-03-06,0.0
강남구,2023-03-07,0.0
강남구,2023-03-08,0.0
강남구,2023-03-09,10.5
강남구,2023-03-10,0.0
강남구,2023-03-11,0.0
강남구,2023-03-12,14.0
강남구,2023-03-13,0.0
강남구,2023-03-14,0.0
강남구,2023-03-15,0.0
강남구,2023-03-16,0.0
강남구,2023-03-17,0.0
강남구,2023-03-18,0.0
강남구,2023-03-19,0.0
강남구,2023-03-20,0.0
강남구,2023-03-21,0.0
강남구,2023-03-22,0.0
강남구,2023-03-23,0.0
강남구,2023-03-24,0.0
강남구,2023-03-25,0.0
강남구,2023-03-26,0.0
강남구,2023-03-27,0.0
강남구,2023-03-28,0.0
강남구,2023-03-29,0.0
강남구,2023-03-30,0.0
강남구,2023-03-31,0.0
강남구,2023-04-01,0.0
강남구,2023-04-02,0.0
강남구,2023-04-03,0.0
강남구,2023-04-04,25.0
강남구,2023-04-05,128.0
강남구,2023-04-06,8.5
강남구,2023-04-07,0.0
강남구,2023-04-08,0.0
강남구,2023-04-09,0.0
강남구,2023-04-10,0.0
강남구,2023-04-11,2.5
강남구,2023-04-12,0.0
강남구,2023-04-13,0.0
강남구,2023-04-14,0.0
강남구,2023-04-15,5.5
강남구,2023-04-16,0.0
강남구,2023-04-17,0.0
강남구,2023-04-18,3.5
강남구,2023-04-19,0.0
강남구,2023-04-20,0.0
강남구,2023-04-21,0.0
강남구,2023-04-22,0.0
강남구,2023-04-23,0.0
강남구,2023-04-24,0.0
강남구,2023-04-25,0.5
강남구,2023-04-26,0.0
강남구,2023-04-27,0.0
강남구,2023-04-28,3.0
강남구,2023-04-29,78.5
강남구,2023-04-30,2.0
강남구,2023-05-01,0.0
강남구,2023-05-02,0.0
강남구,2023-05-03,0.0
강남구,2023-05-04,0.0
강남구,2023-05-05,57.5
강남구,2023-05-06,176.0
강남구,2023-05-07,0.0
강남구,2023-05-08,0.0
강남구,2023-05-09,0.0
강남구,2023-05-10,0.0
강남구,2023-05-11,0.0
강남구,2023-05-12,0.0
강남구,2023-05-13,0.0
강남구,2023-05-14,0.0
강남구,2023-05-15,0.0
강남구,2023-05-16,0.0
강남구,2023-05-17,0.0
강남구,2023-05-18,18.5
강남구,2023-05-19,0.0
강남구,2023-05-20,0.0
강남구,2023-05-21,0.0
강남구,2023-05-22,11.0
강남구,2023-05-23,0.0
강남구,2023-05-24,0.0
강남구,2023-05-25,0.0
강남구,2023-05-26,0.5
강남구,2023-05-27,70.5
강남구,2023-05-28,137.0
강남구,2023-05-29,22.5
강남구,2023-05-30,0.0
강남구,2023-05-31,0.0
강남구,2023-06-01,0.0
강남구,2023-06-02,0.0
강남구,2023-06-03,0.0
강남구,2023-06-04,0.0
강남구,2023-06-05,0.0
강남구,2023-06-06,0.0
강남구,2023-06-07,0.0
강남구,2023-06-08,4.0
강남구,2023-06-09,5.0
강남구,2023-06-10,0.5
강남구,2023-06-11,65.0
강남구,2023-06-12,0.0
강남구,2023-06-13,0.0
강남구,2023-06-14,1.0
강남구,2023-06-15,0.0
강남구,2023-06-16,0.0
강남구,2023-06-17,0.0
강남구,2023-06-18,0.0
강남구,2023-06-19,0.0
강남구,2023-06-20,31.0
강남구,2023-06-21,107.5
강남구,2023-06-22,2.0
강남구,2023-06-23,0.0
강남구,2023-06-24,0.0
강남구,2023-06-25,0.0
강남구,2023-06-26,113.5
강남구,2023-06-27,5.0
강남구,2023-06-28,0.0
강남구,2023-06-29,157.5
강남구,2023-06-30,1.0
강동구,2023-01-02,0.0
강동구,2023-01-03,0.0
강동구,2023-01-04,0.0
강동구,2023-01-05,0.0
강동구,2023-01-06,0.5
강동구,2023-01-07,5.0
강동구,2023-01-08,0.0
강동구,2023-01-09,0.0
강동구,2023-01-10,0.0
강동구,2023-01-11,0.0
강동구,2023-01-12,0.0
강동구,2023-01-13,65.5
강동구,2023-01-14,4.5
강동구,2023-01-15,10.0
강동구,2023-01-16,0.0
강동구,2023-01-17,0.0
강동구,2023-01-18,0.0
강동구,2023-01-19,1.0
강동구,2023-01-20,0.5
강동구,2023-01-21,0.0
강동구,2023-01-22,0.0
강동구,2023-01-23,0.0
강동구,2023-01-24,0.0
강동구,2023-01-25,0.0
강동구,2023-01-26,0.5
강동구,2023-01-27,0.0
강동구,2023-01-28,0.0
강동구,2023-01-29,0.0
강동구,2023-01-30,0.0
강동구,2023-01-31,0.0
강동구,2023-02-01,0.0
강동구,2023-02-02,0.0
강동구,2023-02-03,0.0
강동구,2023-02-04,0.0
강동구,2023-02-05,0.0
강동구,2023-02-06,0.0
강동구,2023-02-07,0.0
강동구,2023-02-08,0.0
강동구,2023-02-09,0.0
강동구,2023-02-10,1.0
강동구,2023-02-11,0.0
강동구,2023-02-12,0.0
강동구,2023-02-13,0.0
강동구,2023-02-14,0.0
강동구,2023-02-15,0.0
강동구,2023-02-16,0.0
강동구,2023-02-17,0.0
강동구,2023-02-18,0.0
강동구,2023-02-19,0.0
강동구,2023-02-20,0.0
강동구,2023-02-21,0.0
강동구,2023-02-22,0.0
강동구,2023-02-23,0.0
강동구,2023-02-24,0.0
강동구,2023-02-25,0.0
강동구,2023-02-26,0.0
강동구,2023-02-27,0.0
강동구,2023-02-28,0.0
강동구,2023-03-01,0.0
강동구,2023-03-02,0.0
강동구,2023-03-03,0.0
강동구,2023-03-04,0.0
강동구,2023-03-05,0.0
강동구,2023-03-06,0.0
강동구,2023-03-07,0.0
강동구,2023-03-08,0.0
강동구,2023-03-09,5.5
강동구,2023-03-10,0.0
강동구,2023-03-11,0.0
강동구,2023-03-12,8.0
강동구,2023-03-13,0.0
강동구,2023-03-14,0.0
강동구,2023-03-15,0.0
강동구,2023-03-16,0.0
강동구,2023-03-17,0.0
강동구,2023-03-18,0.0
강동구,2023-03-19,0.0
강동구,2023-03-20,0.0
강동구,2023-03-21,0.0
강동구,2023-03-22,0.0
강동구,2023-03-23,0.0
강동구,2023-03-24,0.0
강동구,2023-03-25,0.0
강동구,2023-03-26,0.0
강동구,2023-03-27,0.0
강동구,2023-03-28,0.0
강동구,2023-03-29,0.0
강동구,2023-03-30,0.0
강동구,2023-03-31,0.0
강동구,2023-04-01,0.0
강동구,2023-04-02,0.0
강동구,2023-04-03,0.0
강동구,2023-04-04,10.5
강동구,2023-04-05,75.0
강동구,2023-04-06,4.5
강동구,2023-04-07,0.0
강동구,2023-04-08,0.0
강동구,2023-04-09,0.0
강동구,2023-04-10,0.0
강동구,2023-04-11,2.5
강동구,2023-04-12,0.0
강동구,2023-04-13,0.0
강동구,2023-04-14,0.0
강동구,2023-04-15,5.0
강동구,2023-04-16,0.0
강동구,2023-04-17,0.0
강동구,2023-04-18,1.5
강동구,2023-04-19,0.0
강동구,2023-04-20,0.0
강동구,2023-04-21,0.0
강동구,2023-04-22,0.0
강동구,2023-04-23,0.0
강동구,2023-04-24,0.0
강동구,2023-04-25,1.0
강동구,2023-04-26,0.0
강동구,2023-04-27,0.0
강동구,2023-04-28,2.0
강동구,2023-04-29,54.0
강동구,2023-04-30,1.5
강동구,2023-05-01,0.5
강동구,2023-05-02,0.0
강동구,2023-05-03,0.0
강동구,2023-05-04,0.0
강동구,2023-05-05,45.5
강동구,2023-05-06,112.5
강동구,2023-05-07,0.0
강동구,2023-05-08,0.0
강동구,2023-05-09,0.0
강동구,2023-05-10,0.0
강동구,2023-05-11,0.0
강동구,2023-05-12,0.0
강동구,2023-05-13,0.0
강동구,2023-05-14,0.0
강동구,2023-05-15,0.0
강동구,2023-05-16,0.0
강동구,2023-05-17,0.0
강동구,2023-05-18,0.0
강동구,2023-05-19,0.0
강동구,2023-05-20,0.0
강동구,2023-05-21,0.0
강동구,2023-05-22,3.0
강동구,2023-05-23,0.0
강동구,2023-05-24,0.0
강동구,2023-05-25,0.0
강동구,2023-05-26,0.5
강동구,2023-05-27,52.5
강동구,2023-05-28,88.0
강동구,2023-05-29,7.5
강동구,2023-05-30,0.0
강동구,2023-05-31,0.0
강동구,2023-06-01,0.0
강동구,2023-06-02,0.0
강동구,2023-06-03,0.0
강동구,2023-06-04,0.0
강동구,2023-06-05,0.0
강동구,2023-06-06,0.0
강동구,2023-06-07,0.0
강동구,2023-06-08,0.0
강동구,2023-06-09,6.0
강동구,2023-06-10,0.0
강동구,2023-06-11,35.0
강동구,2023-06-12,0.0
강동구,2023-06-13,0.0
강동구,2023-06-14,4.0
강동구,2023-06-15,0.0
강동구,2023-06-16,0.0
강동구,2023-06-17,0.0
강동구,2023-06-18,0.0
강동구,2023-06-19,0.0
강동구,2023-06-20,11.5
강동구,2023-06-21,71.5
강동구,2023-06-22,8.0
강동구,2023-06-23,0.0
강동구,2023-06-24,0.0
강동구,2023-06-25,0.0
강동구,2023-06-26,63.5
강동구,2023-06-27,5.0
강동구,2023-06-28,0.0
강동구,2023-06-29,99.5
강동구,2023-06-30,1.0
강북구,2023-01-02,0.0
강북구,2023-01-03,0.0
강북구,2023-01-04,0.0
강북구,2023-01-05,0.0
강북구,2023-01-06,0.0
강북구,2023-01-07,3.0
강북구,2023-01-08,0.0
강북구,2023-01-09,0.0
강북구,2023-01-10,0.0
강북구,2023-01-11,0.0
강북구,2023-01-12,0.0
강북구,2023-01-13,37.0
강북구,2023-01-14,2.0
강북구,2023-01-15,4.5
강북구,2023-01-16,0.0
강북구,2023-01-17,0.0
강북구,2023-01-18,0.0
강북구,2023-01-19,0.5
강북구,2023-01-20,0.0
강북구,2023-01-21,0.0
강북구,2023-01-22,0.0
강북구,2023-01-23,0.0
강북구,2023-01-24,0.0
강북구,2023-01-25,0.0
강북구,2023-01-26,0.0
강북구,2023-01-27,0.0
강북구,2023-01-28,0.0
강북구,2023-01-29,0.0
강북구,2023-01-30,0.0
강북구,2023-01-31,0.0
강북구,2023-02-01,0.0
강북구,2023-02-02,0.0
강북구,2023-02-03,0.0
강북구,2023-02-04,0.0
강북구,2023-02-05,0.0
강북구,2023-02-06,0.0
강북구,2023-02-07,0.0
강북구,2023-02-08,0.0
강북구,2023-02-09,0.0
강북구,2023-02-28,0.0
강북구,2023-03-01,0.0
강북구,2023-03-02,0.0
강북구,2023-03-03,0.0
강북구,2023-03-04,0.0
강북구,2023-03-05,0.0
강북구,2023-03-06,0.0
강북구,2023-03-07,0.0
강북구,2023-03-08,0.0
강북구,2023-03-09,4.0
강북구,2023-03-10,0.0
강북구,2023-03-11,0.0
강북구,2023-03-12,6.0
강북구,2023-03-13,0.0
강북구,2023-03-14,0.0
강북구,2023-03-15,0.0
강북구,2023-03-16,0.0
강북구,2023-03-17,0.0
강북구,2023-03-18,0.0
강북구,2023-03-19,0.0
강북구,2023-03-20,0.0
강북구,2023-03-21,0.0
강북구,2023-03-23,0.0
강북구,2023-03-24,0.0
강북구,2023-03-25,0.0
강북구,2023-03-26,0.0
강북구,2023-03-27,0.0
강북구,2023-03-28,0.0
강북구,2023-03-30,0.0
강북구,2023-03-31,0.0
강북구,2023-04-01,0.0
강북구,2023-04-02,0.0
강북구,2023-04-03,0.0
강북구,2023-04-04,6.0
강북구,2023-04-05,56.5
강북구,2023-04-06,1.5
강북구,2023-04-07,0.0
강북구,2023-04-08,0.0
강북구,2023-04-09,0.0
강북구,2023-04-10,0.0
강북구,2023-04-11,4.0
강북구,2023-04-12,0.0
강북구,2023-04-13,0.0
강북구,2023-04-14,0.0
강북구,2023-04-15,2.5
강북구,2023-04-16,0.0
강북구,2023-04-17,0.0
강북구,2023-04-18,1.0
강북구,2023-04-19,0.0
강북구,2023-04-20,0.0
강북구,2023-04-21,0.0
강북구,2023-04-22,0.0
강북구,2023-04-23,0.0
강북구,2023-04-24,0.0
강북구,2023-04-25,0.0
강북구,2023-04-26,0.0
강북구,2023-04-27,0.0
강북구,2023-04-28,2.0
강북구,2023-04-29,24.5
강북구,2023-04-30,0.5
강북구,2023-05-01,0.0
강북구,2023-05-02,0.0
강북구,2023-05-03,0.0
강북구,2023-05-04,0.0
강북구,2023-05-05,37.5
강북구,2023-05-06,48.5
강북구,2023-05-07,0.0
강북구,2023-05-08,0.0
강북구,2023-05-09,0.0
강북구,2023-05-10,0.0
강북구,2023-05-11,0.0
강북구,2023-05-12,0.0
강북구,2023-05-13,0.0
강북구,2023-05-14,0.0
강북구,2023-05-15,0.0
강북구,2023-05-16,0.0
강북구,2023-05-17,0.0
강북구,2023-05-18,0.0
강북구,2023-05-19,0.0
강북구,2023-05-20,0.0
강북구,2023-05-21,0.0
강북구,2023-05-22,2.5
강북구,2023-05-23,0.0
강북구,2023-05-24,0.0
강북구,2023-05-25,0.0
강북구,2023-05-26,0.0
강북구,2023-05-27,36.0
강북구,2023-05-28,40.0
강북구,2023-05-29,4.0
강북구,2023-05-30,0.0
강북구,2023-05-31,0.0
강북구,2023-06-01,0.0
강북구,2023-06-02,0.0
강북구,2023-06-03,0.0
강북구,2023-06-04,0.0
강북구,2023-06-05,0.0
강북구,2023-06-06,0.0
강북구,2023-06-07,0.0
강북구,2023-06-08,38.0
강북구,2023-06-09,8.0
강북구,2023-06-10,6.0
강북구,2023-06-11,35.0
강북구,2023-06-12,0.0
강북구,2023-06-13,0.0
강북구,2023-06-14,0.0
강북구,2023-06-15,0.0
강북구,2023-06-16,0.0
강북구,2023-06-17,0.0
강북구,2023-06-18,0.0
강북구,2023-06-19,0.0
강북구,2023-06-20,3.5
강북구,2023-06-21,32.0
강북구,2023-06-22,0.0
강북구,2023-06-23,0.0
강북구,2023-06-24,0.0
강북구,2023-06-25,0.0
강북구,2023-06-26,33.5
강북구,2023-06-27,2.5
강북구,2023-06-28,0.0
강북구,2023-06-29,52.5
강북구,2023-06-30,0.5
강서구,2023-01-02,0.0
강서구,2023-01-03,0.0
강서구,2023-01-04,0.0
강서구,2023-01-05,0.0
강서구,2023-01-06,6.5
강서구,2023-01-07,0.0
강서구,2023-01-08,0.0
강서구,2023-01-09,0.0
강서구,2023-01-10,0.0
강서구,2023-01-11,0.0
강서구,2023-01-12,0.0
강서구,2023-01-13,64.0
강서구,2023-01-14,7.0
강서구,2023-01-15,5.5
강서구,2023-01-16,0.0
강서구,2023-01-17,0.0
강서구,2023-01-18,0.0
강서구,2023-01-19,1.5
강서구,2023-01-20,0.5
강서구,2023-01-21,0.0
강서구,2023-01-22,0.0
강서구,2023-01-23,0.0
강서구,2023-01-24,0.0
강서구,2023-01-25,0.0
강서구,2023-01-26,1.0
강서구,2023-01-27,0.0
강서구,2023-01-28,0.0
강서구,2023-01-29,0.0
강서구,2023-01-30,0.0
강서구,2023-01-31,0.0
강서구,2023-02-01,0.0
강서구,2023-02-02,0.0
강서구,2023-02-03,0.0
강서구,2023-02-04,0.0
강서구,2023-02-05,0.0
강서구,2023-02-06,0.0
강서구,2023-02-07,0.0
강서구,2023-02-08,0.0
강서구,2023-02-09,0.0
강서구,2023-02-10,1.5
강서구,2023-02-11,0.0
강서구,2023-02-12,0.0
강서구,2023-02-13,0.0
강서구,2023-02-14,0.0
강서구,2023-02-15,0.0
강서구,2023-02-16,0.0
강서구,2023-02-17,0.0
강서구,2023-02-18,0.0
강서구,2023-02-19,1.0
강서구,2023-02-20,0.0
강서구,2023-02-21,0.0
강서구,2023-02-22,0.0
강서구,2023-02-23,0.0
강서구,2023-02-24,0.0
강서구,2023-02-25,0.0
강서구,2023-02-26,0.0
강서구,2023-02-27,0.0
강서구,2023-02-28,0.0
강서구,2023-03-01,0.0
강서구,2023-03-02,0.0
강서구,2023-03-03,0.5
강서구,2023-03-04,0.0
강서구,2023-03-05,0.0
강서구,2023-03-06,0.0
강서구,2023-03-07,0.0
강서구,2023-03-08,7.0
강서구,2023-03-09,4.5
강서구,2023-03-10,0.0
강서구,2023-03-11,0.0
강서구,2023-03-12,10.0
강서구,2023-03-13,0.0
강서구,2023-03-14,0.0
강서구,2023-03-15,0.0
강서구,2023-03-16,0.0
강서구,2023-03-17,0.0
강서구,2023-03-18,0.0
강서구,2023-03-19,0.0
강서구,2023-03-20,0.0
강서구,2023-03-21,0.0
강서구,2023-03-22,0.0
강서구,2023-03-23,0.0
강서구,2023-03-24,0.0
강서구,2023-03-25,0.0
강서구,2023-03-26,0.0
강서구,2023-03-27,0.0
강서구,2023-03-28,0.0
강서구,2023-03-29,0.0
강서구,2023-03-30,0.0
강서구,2023-03-31,0.0
강서구,2023-04-01,0.0
강서구,2023-04-02,0.0
강서구,2023-04-03,0.5
강서구,2023-04-04,15.0
강서구,2023-04-05,95.0
강서구,2023-04-06,4.0
강서구,2023-04-07,0.0
강서구,2023-04-08,0.0
강서구,2023-04-09,0.0
강서구,2023-04-10,0.0
강서구,2023-04-11,3.0
강서구,2023-04-12,0.0
강서구,2023-04-13,0.0
강서구,2023-04-14,0.0
강서구,2023-04-15,5.0
강서구,2023-04-16,0.0
강서구,2023-04-17,0.0
강서구,2023-04-18,1.0
강서구,2023-04-19,0.0
강서구,2023-04-20,0.0
강서구,2023-04-21,0.0
강서구,2023-04-22,0.0
강서구,2023-04-23,0.0
강서구,2023-04-24,0.0
강서구,2023-04-25,0.0
강서구,2023-04-26,0.0
강서구,2023-04-27,0.0
강서구,2023-04-28,3.0
강서구,2023-04-29,29.0
강서구,2023-04-30,0.5
강서구,2023-05-01,0.0
강서구,2023-05-02,0.0
강서구,2023-05-03,0.0
강서구,2023-05-04,0.0
강서구,2023-05-05,40.5
강서구,2023-05-06,73.5
강서구,2023-05-07,0.0
강서구,2023-05-08,0.0
강서구,2023-05-09,0.0
강서구,2023-05-10,0.0
강서구,2023-05-11,0.0
강서구,2023-05-12,0.0
강서구,2023-05-13,0.0
강서구,2023-05-14,0.0
강서구,2023-05-15,0.0
강서구,2023-05-16,0.0
강서구,2023-05-17,0.0
강서구,2023-05-18,1.0
강서구,2023-05-19,0.0
강서구,2023-05-20,0.0
강서구,2023-05-21,0.0
강서구,2023-05-22,0.0
강서구,2023-05-23,0.0
강서구,2023-05-24,0.0
강서구,2023-05-25,0.0
강서구,2023-05-26,1.0
강서구,2023-05-27,64.0
강서구,2023-05-28,73.0
강서구,2023-05-29,4.0
강서구,2023-05-30,0.0
강서구,2023-05-31,0.0
강서구,2023-06-01,0.0
강서구,2023-06-02,0.0
강서구,2023-06-03,0.0
강서구,2023-06-04,0.0
강서구,2023-06-05,0.0
강서구,2023-06-06,0.0
강서구,2023-06-07,0.0
강서구,2023-06-08,3.5
강서구,2023-06-09,1.0
강서구,2023-06-10,16.0
강서구,2023-06-11,40.5
강서구,2023-06-12,0.0
강서구,2023-06-13,0.0
강서구,2023-06-14,9.5
강서구,2023-06-15,0.0
강서구,2023-06-16,0.0
강서구,2023-06-17,0.0
강서구,2023-06-18,0.0
강서구,2023-06-19,0.0
강서구,2023-06-20,15.0
강서구,2023-06-21,60.0
강서구,2023-06-22,0.0
강서구,2023-06-23,0.0
강서구,2023-06-24,0.0
강서구,2023-06-25,0.0
강서구,2023-06-26,37.0
강서구,2023-06-27,3.0
강서구,2023-06-28,0.0
강서구,2023-06-29,82.0
강서구,2023-06-30,1.5
관악구,2023-01-02,0.0
관악구,2023-01-03,0.0
관악구,2023-01-04,0.0
관악구,2023-01-05,0.0
관악구,2023-01-06,5.5
관악구,2023-01-07,0.0
관악구,2023-01-08,0.0
관악구,2023-01-09,0.0
관악구,2023-01-10,0.0
관악구,2023-01-11,0.0
관악구,2023-01-12,0.0
관악구,2023-01-13,55.0
관악구,2023-01-14,6.0
관악구,2023-01-15,6.5
관악구,2023-01-16,0.0
관악구,2023-01-17,0.5
관악구,2023-01-18,0.0
관악구,2023-01-19,2.0
관악구,2023-01-20,1.5
관악구,2023-01-21,0.0
관악구,2023-01-22,0.0
관악구,2023-01-23,0.0
관악구,2023-01-24,0.0
관악구,2023-01-25,0.0
관악구,2023-01-26,0.0
관악구,2023-01-27,0.0
관악구,2023-01-28,0.0
관악구,2023-01-29,0.0
관악구,2023-01-30,0.0
관악구,2023-01-31,0.0
관악구,2023-02-01,0.0
관악구,2023-02-02,0.0
관악구,2023-02-03,0.0
관악구,2023-02-04,0.0
관악구,2023-02-05,0.0
관악구,2023-02-06,0.0
관악구,2023-02-07,0.0
관악구,2023-02-08,0.0
관악구,2023-02-09,0.0
관악구,2023-02-10,1.5
관악구,2023-02-11,0.0
관악구,2023-02-12,0.0
관악구,2023-02-13,0.0
관악구,2023-02-14,0.0
관악구,2023-02-15,0.0
관악구,2023-02-16,0.0
관악구,2023-02-17,0.0
관악구,2023-02-18,0.0
관악구,2023-02-19,0.5
관악구,2023-02-20,0.0
관악구,2023-02-21,0.0
관악구,2023-02-22,0.0
관악구,2023-02-23,0.0
관악구,2023-02-24,0.0
관악구,2023-02-25,0.0
관악구,2023-02-26,0.0
관악구,2023-02-27,0.0
관악구,2023-02-28,0.0
관악구,2023-03-01,0.0
관악구,2023-03-02,0.0
관악구,2023-03-03,0.0
관악구,2023-03-04,0.0
관악구,2023-03-05,0.0
관악구,2023-03-06,0.0
관악구,2023-03-07,0.0
관악구,2023-03-08,1.5
관악구,2023-03-09,8.0
관악구,2023-03-10,0.0
관악구,2023-03-11,0.0
관악구,2023-03-12,8.0
관악구,2023-03-13,0.0
관악구,2023-03-14,0.0
관악구,2023-03-15,0.0
관악구,2023-03-16,0.0
관악구,2023-03-17,0.0
관악구,2023-03-18,0.0
관악구,2023-03-19,0.0
관악구,2023-03-20,0.0
관악구,2023-03-21,0.0
관악구,2023-03-22,0.0
관악구,2023-03-23,0.0
관악구,2023-03-24,0.0
관악구,2023-03-25,0.0
관악구,2023-03-26,0.0
관악구,2023-03-27,0.0
관악구,2023-03-28,0.0
관악구,2023-03-29,0.0
관악구,2023-03-30,0.0
관악구,2023-03-31,0.0
관악구,2023-04-01,0.0
관악구,2023-04-02,0.0
관악구,2023-04-03,0.0
관악구,2023-04-04,9.0
관악구,2023-04-05,33.5
관악구,2023-04-06,2.0
관악구,2023-04-07,0.0
관악구,2023-04-08,0.0
관악구,2023-04-09,0.0
관악구,2023-04-10,0.0
관악구,2023-04-11,0.5
관악구,2023-04-12,0.0
관악구,2023-04-13,0.0
관악구,2023-04-14,0.0
관악구,2023-04-15,3.0
관악구,2023-04-16,0.0
관악구,2023-04-17,0.0
관악구,2023-04-18,0.5
관악구,2023-04-19,0.0
관악구,2023-04-20,0.0
관악구,2023-04-21,0.0
관악구,2023-04-22,0.0
관악구,2023-04-23,0.0
관악구,2023-04-24,0.0
관악구,2023-04-25,0.5
관악구,2023-04-26,0.0
관악구,2023-04-27,0.0
관악구,2023-04-28,1.0
관악구,2023-04-29,28.0
관악구,2023-04-30,0.5
관악구,2023-05-01,0.0
관악구,2023-05-02,0.0
관악구,2023-05-03,0.0
관악구,2023-05-04,0.0
관악구,2023-05-05,17.0
관악구,2023-05-06,56.5
관악구,2023-05-07,0.0
관악구,2023-05-08,0.0
관악구,2023-05-09,0.0
관악구,2023-05-10,0.0
관악구,2023-05-11,0.0
관악구,2023-05-12,0.0
관악구,2023-05-13,0.0
관악구,2023-05-14,0.0
관악구,2023-05-15,0.0
관악구,2023-05-16,0.0
관악구,2023-05-17,0.0
관악구,2023-05-18,0.0
관악구,2023-05-19,0.0
관악구,2023-05-20,0.0
관악구,2023-05-21,0.0
관악구,2023-05-22,0.0
관악구,2023-05-23,0.0
관악구,2023-05-24,0.0
관악구,2023-05-25,0.0
관악구,2023-05-26,0.5
관악구,2023-05-27,45.0
관악구,2023-05-28,83.0
관악구,2023-05-29,10.5
관악구,2023-05-30,0.0
관악구,2023-05-31,0.0
관악구,2023-06-01,0.0
관악구,2023-06-02,0.0
관악구,2023-06-03,0.0
관악구,2023-06-04,0.0
관악구,2023-06-05,0.0
관악구,2023-06-06,0.0
관악구,2023-06-07,0.0
관악구,2023-06-08,0.5
관악구,2023-06-09,1.5
관악구,2023-06-10,5.0
관악구,2023-06-11,29.0
관악구,2023-06-12,0.0
관악구,2023-06-13,0.0
관악구,2023-06-14,10.0
관악구,2023-06-15,0.0
관악구,2023-06-16,0.0
관악구,2023-06-17,0.0
관악구,2023-06-18,0.0
관악구,2023-06-19,0.0
관악구,2023-06-20,21.0
관악구,2023-06-21,35.0
관악구,2023-06-22,0.0
관악구,2023-06-23,0.0
관악구,2023-06-24,0.0
관악구,2023-06-25,0.0
관악구,2023-06-26,52.0
관악구,2023-06-27,3.5
관악구,2023-06-28,0.0
관악구,2023-06-29,117.5
관악구,2023-06-30,1.5
광진구,2023-01-02,0.0
광진구,2023-01-03,0.0
광진구,2023-01-04,0.0
광진구,2023-01-05,0.0
광진구,2023-01-06,0.5
광진구,2023-01-07,3.5
광진구,2023-01-08,0.0
광진구,2023-01-09,0.0
광진구,2023-01-10,0.0
광진구,2023-01-11,0.0
광진구,2023-01-12,0.0
광진구,2023-01-13,37.5
광진구,2023-01-14,1.5
광진구,2023-01-15,4.5
광진구,2023-01-16,0.0
광진구,2023-01-17,0.0
광진구,2023-01-18,0.0
광진구,2023-01-19,1.0
광진구,2023-01-20,0.5
광진구,2023-01-21,0.0
광진구,2023-01-22,0.0
광진구,2023-01-23,0.0
광진구,2023-01-24,0.0
광진구,2023-01-25,0.0
광진구,2023-01-26,0.0
광진구,2023-01-27,0.0
광진구,2023-01-28,0.0
광진구,2023-01-29,0.0
광진구,2023-01-30,0.0
광진구,2023-01-31,0.0
광진구,2023-02-01,0.0
광진구,2023-02-02,0.0
광진구,2023-02-03,0.0
광진구,2023-02-04,0.0
광진구,2023-02-05,0.0
광진구,2023-02-06,0.0
광진구,2023-02-07,0.0
광진구,2023-02-08,0.0
광진구,2023-02-09,0.0
광진구,2023-02-10,0.5
광진구,2023-02-11,0.0
광진구,2023-02-12,0.0
광진구,2023-02-13,0.0
광진구,2023-02-14,0.0
광진구,2023-02-15,0.0
광진구,2023-02-16,0.0
광진구,2023-02-17,0.0
광진구,2023-02-18,0.0
광진구,2023-02-19,0.0
광진구,2023-02-20,0.0
광진구,2023-02-21,0.0
광진구,2023-02-22,0.0
광진구,2023-02-23,0.0
광진구,2023-02-24,0.0
광진구,2023-02-25,0.0
광진구,2023-02-26,0.0
광진구,2023-02-27,0.0
광진구,2023-02-28,0.0
광진구,2023-03-01,0.0
광진구,2023-03-02,0.0
광진구,2023-03-03,0.0
광진구,2023-03-04,0.0
광진구,2023-03-05,0.0
광진구,2023-03-06,0.0
광진구,2023-03-07,0.0
광진구,2023-03-08,0.0
광진구,2023-03-09,3.0
광진구,2023-03-10,0.0
광진구,2023-03-11,0.0
광진구,2023-03-12,5.0
광진구,2023-03-13,0.0
광진구,2023-03-14,0.0
광진구,2023-03-15,0.0
광진구,2023-03-16,0.0
광진구,2023-03-17,0.0
광진구,2023-03-18,0.0
광진구,2023-03-19,0.0
광진구,2023-03-20,0.0
광진구,2023-03-21,0.0
광진구,2023-03-22,0.0
광진구,2023-03-23,0.0
광진구,2023-03-24,0.0
광진구,2023-03-25,0.0
광진구,2023-03-26,0.0
광진구,2023-03-27,0.0
광진구,2023-03-28,0.0
광진구,2023-03-29,0.0
광진구,2023-03-30,0.0
광진구,2023-03-31,0.0
광진구,2023-04-01,0.0
광진구,2023-04-02,0.0
광진구,2023-04-03,0.0
광진구,2023-04-04,8.0
광진구,2023-04-05,43.0
광진구,2023-04-06,2.5
광진구,2023-04-07,0.0
광진구,2023-04-08,0.0
광진구,2023-04-09,0.0
광진구,2023-04-10,0.0
광진구,2023-04-11,0.0
광진구,2023-04-12,0.0
광진구,2023-04-13,0.0
광진구,2023-04-14,0.0
광진구,2023-04-15,2.0
광진구,2023-04-16,0.0
광진구,2023-04-17,0.0
광진구,2023-04-18,1.0
광진구,2023-04-19,0.0
광진구,2023-04-20,0.0
광진구,2023-04-21,0.0
광진구,2023-04-22,0.0
광진구,2023-04-23,0.0
광진구,2023-04-24,0.0
광진구,2023-04-25,0.5
광진구,2023-04-26,0.0
광진구,2023-04-27,0.0
광진구,2023-04-28,1.5
광진구,2023-04-29,23.0
광진구,2023-04-30,0.5
광진구,2023-05-01,0.0
광진구,2023-05-02,0.0
광진구,2023-05-03,0.0
광진구,2023-05-04,0.0
광진구,2023-05-05,24.0
광진구,2023-05-06,50.5
광진구,2023-05-07,0.0
광진구,2023-05-08,0.0
광진구,2023-05-09,0.0
광진구,2023-05-10,0.0
광진구,2023-05-11,0.0
광진구,2023-05-12,0.0
광진구,2023-05-13,0.0
광진구,2023-05-14,0.0
광진구,2023-05-15,0.0
광진구,2023-05-16,0.0
광진구,2023-05-17,0.0
광진구,2023-05-18,0.0
광진구,2023-05-19,0.0
광진구,2023-05-20,0.0
광진구,2023-05-21,0.0
광진구,2023-05-22,0.0
광진구,2023-05-23,0.0
광진구,2023-05-24,0.0
광진구,2023-05-25,0.0
광진구,2023-05-26,0.0
광진구,2023-05-27,28.5
광진구,2023-05-28,47.5
광진구,2023-05-29,3.0
광진구,2023-05-30,0.0
광진구,2023-05-31,0.0
광진구,2023-06-01,0.0
광진구,2023-06-02,0.0
광진구,2023-06-03,0.0
광진구,2023-06-04,0.0
광진구,2023-06-05,0.0
광진구,2023-06-06,0.0
광진구,2023-06-07,0.0
광진구,2023-06-08,0.0
광진구,2023-06-09,1.5
광진구,2023-06-10,0.0
광진구,2023-06-11,27.5
광진구,2023-06-12,0.0
광진구,2023-06-13,0.0
광진구,2023-06-14,2.5
광진구,2023-06-15,0.0
광진구,2023-06-16,0.0
광진구,2023-06-17,0.0
광진구,2023-06-18,0.0
광진구,2023-06-19,0.0
광진구,2023-06-20,9.5
광진구,2023-06-21,31.5
광진구,2023-06-22,1.0
광진구,2023-06-23,0.0
광진구,2023-06-24,0.0
광진구,2023-06-25,0.0
광진구,2023-06-26,37.0
광진구,2023-06-27,1.5
광진구,2023-06-28,0.0
광진구,2023-06-29,51.5
광진구,2023-06-30,0.5
구로구,2023-01-02,0.0
구로구,2023-01-03,0.0
구로구,2023-01-04,0.0
구로구,2023-01-05,0.0
구로구,2023-01-06,6.5
구로구,2023-01-07,0.0
구로구,2023-01-08,0.0
구로구,2023-01-09,0.0
구로구,2023-01-10,0.0
구로구,2023-01-11,0.0
구로구,2023-01-12,0.0
구로구,2023-01-13,62.5
구로구,2023-01-14,4.0
구로구,2023-01-15,5.5
구로구,2023-01-16,0.0
구로구,2023-01-17,0.0
구로구,2023-01-18,0.0
구로구,2023-01-19,2.5
구로구,2023-01-20,1.0
구로구,2023-01-21,0.0
구로구,2023-01-22,0.0
구로구,2023-01-23,0.0
구로구,2023-01-24,0.0
구로구,2023-01-25,0.0
구로구,2023-01-26,0.0
구로구,2023-01-27,0.0
구로구,2023-01-28,0.0
구로구,2023-01-29,0.5
구로구,2023-01-30,0.0
구로구,2023-01-31,0.0
구로구,2023-02-01,0.0
구로구,2023-02-02,0.0
구로구,2023-02-03,0.0
구로구,2023-02-04,0.0
구로구,2023-02-05,0.0
구로구,2023-02-06,0.0
구로구,2023-02-07,0.0
구로구,2023-02-08,0.0
구로구,2023-02-09,0.0
구로구,2023-02-10,2.0
구로구,2023-02-11,0.0
구로구,2023-02-12,0.0
구로구,2023-02-13,0.0
구로구,2023-02-14,0.0
구로구,2023-02-15,0.0
구로구,2023-02-16,0.0
구로구,2023-02-17,0.0
구로구,2023-02-18,0.0
구로구,2023-02-19,1.0
구로구,2023-02-20,0.0
구로구,2023-02-21,0.0
구로구,2023-02-22,0.0
구로구,2023-02-23,0.0
구로구,2023-02-24,0.0
구로구,2023-02-25,0.0
구로구,2023-02-26,0.0
구로구,2023-02-27,0.0
구로구,2023-02-28,0.0
구로구,2023-03-01,0.0
구로구,2023-03-02,0.0
구로구,2023-03-03,0.0
구로구,2023-03-04,0.0
구로구,2023-03-05,0.0
구로구,2023-03-06,0.0
구로구,2023-03-07,0.0
구로구,2023-03-08,3.0
구로구,2023-03-09,9.0
구로구,2023-03-10,0.0
구로구,2023-03-11,0.0
구로구,2023-03-12,10.5
구로구,2023-03-13,0.0
구로구,2023-03-14,0.0
구로구,2023-03-15,0.0
구로구,2023-03-16,0.0
구로구,2023-03-17,0.0
구로구,2023-03-18,0.0
구로구,2023-03-19,0.0
구로구,2023-03-20,0.0
구로구,2023-03-21,0.0
구로구,2023-03-22,0.0
구로구,2023-03-23,0.0
구로구,2023-03-24,0.0
구로구,2023-03-25,0.0
구로구,2023-03-26,0.0
구로구,2023-03-27,0.0
구로구,2023-03-28,0.0
구로구,2023-03-29,0.0
구로구,2023-03-30,0.0
구로구,2023-03-31,0.0
구로구,2023-04-01,0.0
구로구,2023-04-02,0.0
구로구,2023-04-03,0.0
구로구,2023-04-04,14.5
구로구,2023-04-05,71.0
구로구,2023-04-06,4.5
구로구,2023-04-07,10.0
구로구,2023-04-08,0.0
구로구,2023-04-09,0.0
구로구,2023-04-10,0.0
구로구,2023-04-11,0.5
구로구,2023-04-12,0.0
구로구,2023-04-13,0.0
구로구,2023-04-14,0.0
구로구,2023-04-15,5.0
구로구,2023-04-16,0.0
구로구,2023-04-17,0.0
구로구,2023-04-18,1.0
구로구,2023-04-19,0.0
구로구,2023-04-20,0.0
구로구,2023-04-21,0.0
구로구,2023-04-22,0.0
구로구,2023-04-23,0.0
구로구,2023-04-24,0.0
구로구,2023-04-25,0.0
구로구,2023-04-26,0.0
구로구,2023-04-27,0.0
구로구,2023-04-28,3.5
구로구,2023-04-29,45.5
구로구,2023-04-30,1.5
구로구,2023-05-01,0.0
구로구,2023-05-02,0.0
구로구,2023-05-03,0.0
구로구,2023-05-04,0.0
구로구,2023-05-05,42.0
구로구,2023-05-06,99.5
구로구,2023-05-07,0.0
구로구,2023-05-08,0.0
구로구,2023-05-09,0.0
구로구,2023-05-10,0.0
구로구,2023-05-11,0.0
구로구,2023-05-12,0.0
구로구,2023-05-13,0.0
구로구,2023-05-14,0.0
구로구,2023-05-15,0.0
구로구,2023-05-16,0.0
구로구,2023-05-17,0.0
구로구,2023-05-18,0.0
구로구,2023-05-19,0.0
구로구,2023-05-20,0.0
구로구,2023-05-21,0.0
구로구,2023-05-22,0.0
구로구,2023-05-23,0.0
구로구,2023-05-24,0.0
구로구,2023-05-25,0.0
구로구,2023-05-26,0.5
구로구,2023-05-27,52.0
구로구,2023-05-28,88.0
구로구,2023-05-29,7.5
구로구,2023-05-30,0.0
구로구,2023-05-31,0.0
구로구,2023-06-01,0.0
구로구,2023-06-02,0.0
구로구,2023-06-03,0.0
구로구,2023-06-04,0.0
구로구,2023-06-05,0.0
구로구,2023-06-06,0.0
구로구,2023-06-07,0.0
구로구,2023-06-08,0.5
구로구,2023-06-09,0.5
구로구,2023-06-10,4.0
구로구,2023-06-11,13.5
구로구,2023-06-12,0.0
구로구,2023-06-13,0.0
구로구,2023-06-14,14.5
구로구,2023-06-15,0.0
구로구,2023-06-16,0.0
구로구,2023-06-17,0.0
구로구,2023-06-18,0.0
구로구,2023-06-19,0.0
구로구,2023-06-20,19.5
구로구,2023-06-21,43.0
구로구,2023-06-22,0.0
구로구,2023-06-23,0.0
구로구,2023-06-24,0.0
구로구,2023-06-25,0.0
구로구,2023-06-26,51.0
구로구,2023-06-27,2.5
구로구,2023-06-28,0.0
구로구,2023-06-29,119.0
구로구,2023-06-30,0.5
금천구,2023-01-02,0.0
금천구,2023-01-03,0.0
금천구,2023-01-04,0.0
금천구,2023-01-05,0.0
금천구,2023-01-06,4.5
금천구,2023-01-07,0.0
금천구,2023-01-08,0.0
금천구,2023-01-09,0.0
금천구,2023-01-10,0.0
금천구,2023-01-11,0.0
금천구,2023-01-12,0.0
금천구,2023-01-13,62.0
금천구,2023-01-14,5.0
금천구,2023-01-15,7.0
금천구,2023-01-16,0.5
금천구,2023-01-17,0.0
금천구,2023-01-18,0.0
금천구,2023-01-19,3.5
금천구,2023-01-20,0.5
금천구,2023-01-21,0.0
금천구,2023-01-22,0.0
금천구,2023-01-23,0.0
금천구,2023-01-24,0.0
금천구,2023-01-25,0.0
금천구,2023-01-26,0.5
금천구,2023-01-27,0.5
금천구,2023-01-28,0.0
금천구,2023-01-29,0.0
금천구,2023-01-30,0.0
금천구,2023-01-31,0.0
금천구,2023-02-01,0.0
금천구,2023-02-02,0.0
금천구,2023-02-03,0.0
금천구,2023-02-04,0.0
금천구,2023-02-05,0.0
금천구,2023-02-06,0.0
금천구,2023-02-07,0.0
금천구,2023-02-08,0.0
금천구,2023-02-09,0.0
금천구,2023-02-10,1.5
금천구,2023-02-11,0.0
금천구,2023-02-12,0.0
금천구,2023-02-13,0.0
금천구,2023-02-14,0.0
금천구,2023-02-15,0.0
금천구,2023-02-16,0.0
금천구,2023-02-17,0.0
금천구,2023-02-18,0.0
금천구,2023-02-19,0.0
금천구,2023-02-20,0.0
금천구,2023-02-21,0.0
금천구,2023-02-22,0.0
금천구,2023-02-23,0.0
금천구,2023-02-24,0.0
금천구,2023-02-25,0.0
금천구,2023-02-26,0.0
금천구,2023-02-27,0.0
금천구,2023-02-28,0.0
금천구,2023-03-01,0.0
금천구,2023-03-02,0.0
금천구,2023-03-03,0.0
금천구,2023-03-04,0.0
금천구,2023-03-05,0.0
금천구,2023-03-06,0.0
금천구,2023-03-07,0.0
금천구,2023-03-08,2.5
금천구,2023-03-09,8.5
금천구,2023-03-10,0.0
금천구,2023-03-11,0.0
금천구,2023-03-12,10.0
금천구,2023-03-13,0.0
금천구,2023-03-14,0.0
금천구,2023-03-15,0.0
금천구,2023-03-16,0.0
금천구,2023-03-17,0.0
금천구,2023-03-18,0.0
금천구,2023-03-19,0.0
금천구,2023-03-20,0.0
금천구,2023-03-21,0.0
금천구,2023-03-22,0.0
금천구,2023-03-23,0.0
금천구,2023-03-24,0.0
금천구,2023-03-25,0.0
금천구,2023-03-26,0.0
금천구,2023-03-27,0.0
금천구,2023-03-28,0.0
금천구,2023-03-29,0.0
금천구,2023-03-30,0.0
금천구,2023-03-31,0.0
금천구,2023-04-01,0.0
금천구,2023-04-02,0.0
금천구,2023-04-03,0.0
금천구,2023-04-04,15.5
금천구,2023-04-05,73.0
금천구,2023-04-06,5.0
금천구,2023-04-07,0.0
금천구,2023-04-08,0.0
금천구,2023-04-09,0.0
금천구,2023-04-10,0.0
금천구,2023-04-11,1.0
금천구,2023-04-12,0.0
금천구,2023-04-13,0.0
금천구,2023-04-14,0.0
금천구,2023-04-15,6.5
금천구,2023-04-16,0.0
금천구,2023-04-17,0.0
금천구,2023-04-18,1.0
금천구,2023-04-19,0.0
금천구,2023-04-20,0.0
금천구,2023-04-21,0.0
금천구,2023-04-22,0.0
금천구,2023-04-23,0.0
금천구,2023-04-24,0.0
금천구,2023-04-25,0.0
금천구,2023-04-26,0.0
금천구,2023-04-27,0.0
금천구,2023-04-28,3.0
금천구,2023-04-29,58.0
금천구,2023-04-30,0.5
금천구,2023-05-01,0.0
금천구,2023-05-02,0.0
금천구,2023-05-03,0.0
금천구,2023-05-04,0.0
금천구,2023-05-05,44.5
금천구,2023-05-06,95.0
금천구,2023-05-07,0.5
금천구,2023-05-08,0.0
금천구,2023-05-09,0.0
금천구,2023-05-10,0.0
금천구,2023-05-11,0.0
금천구,2023-05-12,0.0
금천구,2023-05-13,0.0
금천구,2023-05-14,0.0
금천구,2023-05-15,0.0
금천구,2023-05-16,0.0
금천구,2023-05-17,0.0
금천구,2023-05-18,0.0
금천구,2023-05-19,0.0
금천구,2023-05-20,0.0
금천구,2023-05-21,0.0
금천구,2023-05-22,0.0
금천구,2023-05-23,0.0
금천구,2023-05-24,0.0
금천구,2023-05-25,0.0
금천구,2023-05-26,0.0
금천구,2023-05-27,52.5
금천구,2023-05-28,83.5
금천구,2023-05-29,9.5
금천구,2023-05-30,0.0
금천구,2023-05-31,0.0
금천구,2023-06-01,0.0
금천구,2023-06-02,0.0
금천구,2023-06-03,0.0
금천구,2023-06-04,0.0
금천구,2023-06-05,0.0
금천구,2023-06-06,0.0
금천구,2023-06-07,0.0
금천구,2023-06-08,1.5
금천구,2023-06-09,2.0
금천구,2023-06-10,9.5
금천구,2023-06-11,18.5
금천구,2023-06-12,0.0
금천구,2023-06-13,0.0
금천구,2023-06-14,0.5
금천구,2023-06-15,1.0
금천구,2023-06-16,0.0
금천구,2023-06-17,0.0
금천구,2023-06-18,0.0
금천구,2023-06-19,0.0
금천구,2023-06-20,23.0
금천구,2023-06-21,35.0
금천구,2023-06-22,0.0
금천구,2023-06-23,0.0
금천구,2023-06-24,0.0
금천구,2023-06-25,0.0
금천구,2023-06-26,55.0
금천구,2023-06-27,3.5
금천구,2023-06-28,0.0
금천구,2023-06-29,133.0
금천구,2023-06-30,0.5
노원구,2023-01-01,0.0
노원구,2023-01-02,0.0
노원구,2023-01-03,0.0
노원구,2023-01-04,0.0
노원구,2023-01-05,0.0
노원구,2023-01-06,0.0
노원구,2023-01-07,9.5
노원구,2023-01-08,0.0
노원구,2023-01-09,0.0
노원구,2023-01-10,0.0
노원구,2023-01-11,0.0
노원구,2023-01-12,0.0
노원구,2023-01-13,78.5
노원구,2023-01-14,3.5
노원구,2023-01-15,10.5
노원구,2023-01-16,0.0
노원구,2023-01-17,0.0
노원구,2023-01-18,0.0
노원구,2023-01-19,1.5
노원구,2023-01-20,1.0
노원구,2023-01-21,0.0
노원구,2023-01-22,0.0
노원구,2023-01-23,0.0
노원구,2023-01-24,0.0
노원구,2023-01-25,0.0
노원구,2023-01-26,0.0
노원구,2023-01-27,0.5
노원구,2023-01-28,0.0
노원구,2023-01-29,0.0
노원구,2023-01-30,0.0
노원구,2023-01-31,0.0
노원구,2023-02-01,0.0
노원구,2023-02-02,0.0
노원구,2023-02-03,0.0
노원구,2023-02-04,0.0
노원구,2023-02-05,0.0
노원구,2023-02-06,0.0
노원구,2023-02-07,0.0
노원구,2023-02-08,0.0
노원구,2023-02-09,0.0
노원구,2023-02-10,0.5
노원구,2023-02-11,0.0
노원구,2023-02-12,0.0
노원구,2023-02-13,0.0
노원구,2023-02-14,0.0
노원구,2023-02-15,0.0
노원구,2023-02-16,0.0
노원구,2023-02-17,0.0
노원구,2023-02-18,0.0
노원구,2023-02-19,0.0
노원구,2023-02-20,0.0
노원구,2023-02-21,0.0
노원구,2023-02-22,0.0
노원구,2023-02-23,0.0
노원구,2023-02-24,0.0
노원구,2023-02-25,0.0
노원구,2023-02-26,0.0
노원구,2023-02-27,0.0
노원구,2023-02-28,0.0
노원구,2023-03-01,0.0
노원구,2023-03-02,0.0
노원구,2023-03-03,0.0
노원구,2023-03-06,0.0
노원구,2023-03-07,0.0
노원구,2023-03-08,0.0
노원구,2023-03-09,7.0
노원구,2023-03-10,0.0
노원구,2023-03-11,0.0
노원구,2023-03-12,10.0
노원구,2023-03-13,0.0
노원구,2023-03-14,0.0
노원구,2023-03-15,0.0
노원구,2023-03-16,0.0
노원구,2023-03-17,0.0
노원구,2023-03-18,0.0
노원구,2023-03-19,0.0
노원구,2023-03-20,0.0
노원구,2023-03-21,0.0
노원구,2023-03-22,0.0
노원구,2023-03-23,0.0
노원구,2023-03-24,0.0
노원구,2023-03-25,0.0
노원구,2023-03-26,0.0
노원구,2023-03-27,0.0
노원구,2023-03-28,0.0
노원구,2023-03-29,0.0
노원구,2023-03-30,0.0
노원구,2023-03-31,0.0
노원구,2023-04-01,0.0
노원구,2023-04-02,0.0
노원구,2023-04-03,0.0
노원구,2023-04-04,12.0
노원구,2023-04-05,117.5
노원구,2023-04-06,3.5
노원구,2023-04-07,0.0
노원구,2023-04-08,0.0
노원구,2023-04-09,0.0
노원구,2023-04-10,0.0
노원구,2023-04-11,4.0
노원구,2023-04-12,0.0
노원구,2023-04-13,0.0
노원구,2023-04-14,0.0
노원구,2023-04-15,4.5
노원구,2023-04-16,0.0
노원구,2023-04-17,0.0
노원구,2023-04-18,1.5
노원구,2023-04-19,0.0
노원구,2023-04-20,0.5
노원구,2023-04-21,0.0
노원구,2023-04-22,0.0
노원구,2023-04-23,0.0
노원구,2023-04-24,0.0
노원구,2023-04-25,1.5
노원구,2023-04-26,0.0
노원구,2023-04-27,0.0
노원구,2023-04-28,7.0
노원구,2023-04-29,48.5
노원구,2023-04-30,1.5
노원구,2023-05-01,0.0
노원구,2023-05-02,0.0
노원구,2023-05-03,0.0
노원구,2023-05-04,0.0
노원구,2023-05-05,71.0
노원구,2023-05-06,77.0
노원구,2023-05-07,0.0
노원구,2023-05-08,0.0
노원구,2023-05-09,0.0
노원구,2023-05-10,0.0
노원구,2023-05-11,0.0
노원구,2023-05-12,0.0
노원구,2023-05-13,0.0
노원구,2023-05-14,0.0
노원구,2023-05-15,0.0
노원구,2023-05-16,0.0
노원구,2023-05-17,0.0
노원구,2023-05-18,0.0
노원구,2023-05-19,0.0
노원구,2023-05-20,0.0
노원구,2023-05-21,0.0
노원구,2023-05-22,1.0
노원구,2023-05-23,0.0
노원구,2023-05-24,0.0
노원구,2023-05-25,0.0
노원구,2023-05-26,0.0
노원구,2023-05-27,75.0
노원구,2023-05-28,82.5
노원구,2023-05-29,5.0
노원구,2023-05-30,0.0
노원구,2023-05-31,0.0
노원구,2023-06-01,0.0
노원구,2023-06-02,0.0
노원구,2023-06-03,0.0
노원구,2023-06-04,0.0
노원구,2023-06-05,0.0
노원구,2023-06-06,0.0
노원구,2023-06-07,0.0
노원구,2023-06-08,105.0
노원구,2023-06-09,29.0
노원구,2023-06-10,26.0
노원구,2023-06-11,49.5
노원구,2023-06-12,0.0
노원구,2023-06-13,0.5
노원구,2023-06-14,0.0
노원구,2023-06-15,0.0
노원구,2023-06-16,0.0
노원구,2023-06-17,0.0
노원구,2023-06-18,0.0
노원구,2023-06-19,0.0
노원구,2023-06-20,7.5
노원구,2023-06-21,62.5
노원구,2023-06-22,0.0
노원구,2023-06-23,0.0
노원구,2023-06-24,0.0
노원구,2023-06-25,0.0
노원구,2023-06-26,73.5
노원구,2023-06-27,4.0
노원구,2023-06-28,0.0
노원구,2023-06-29,116.5
노원구,2023-06-30,1.0
도봉구,2023-01-02,0.0
도봉구,2023-01-03,0.0
도봉구,2023-01-04,0.0
도봉구,2023-01-05,0.0
도봉구,2023-01-06,0.0
도봉구,2023-01-07,4.5
도봉구,2023-01-08,0.0
도봉구,2023-01-09,0.0
도봉구,2023-01-10,0.0
도봉구,2023-01-11,0.0
도봉구,2023-01-12,0.0
도봉구,2023-01-13,40.0
도봉구,2023-01-14,2.0
도봉구,2023-01-15,5.5
도봉구,2023-01-16,0.0
도봉구,2023-01-17,0.0
도봉구,2023-01-18,0.0
도봉구,2023-01-19,0.5
도봉구,2023-01-20,0.5
도봉구,2023-01-21,0.0
도봉구,2023-01-22,0.0
도봉구,2023-01-23,0.0
도봉구,2023-01-24,0.0
도봉구,2023-01-25,0.0
도봉구,2023-01-26,0.5
도봉구,2023-01-27,0.0
도봉구,2023-01-28,0.0
도봉구,2023-01-29,0.0
도봉구,2023-01-30,0.0
도봉구,2023-01-31,0.0
도봉구,2023-02-01,0.0
도봉구,2023-02-02,0.0
도봉구,2023-02-03,0.0
도봉구,2023-02-04,0.0
도봉구,2023-02-05,0.0
도봉구,2023-02-06,0.0
도봉구,2023-02-07,0.0
도봉구,2023-02-08,0.0
도봉구,2023-02-09,0.0
도봉구,2023-02-10,0.5
도봉구,2023-02-11,0.0
도봉구,2023-02-12,0.0
도봉구,2023-02-13,0.0
도봉구,2023-02-14,0.0
도봉구,2023-02-15,0.0
도봉구,2023-02-16,0.0
도봉구,2023-02-17,0.0
도봉구,2023-02-18,0.0
도봉구,2023-02-19,0.0
도봉구,2023-02-20,0.0
도봉구,2023-02-21,0.0
도봉구,2023-02-22,0.0
도봉구,2023-02-23,0.0
도봉구,2023-02-24,0.0
도봉구,2023-02-25,0.0
도봉구,2023-02-26,0.0
도봉구,2023-02-27,0.0
도봉구,2023-02-28,0.0
도봉구,2023-03-01,0.0
도봉구,2023-03-02,0.0
도봉구,2023-03-03,0.0
도봉구,2023-03-04,0.0
도봉구,2023-03-05,0.0
도봉구,2023-03-06,0.0
도봉구,2023-03-07,0.0
도봉구,2023-03-08,0.0
도봉구,2023-03-09,3.5
도봉구,2023-03-10,0.0
도봉구,2023-03-11,0.0
도봉구,2023-03-12,5.5
도봉구,2023-03-13,0.0
도봉구,2023-03-14,0.0
도봉구,2023-03-15,0.0
도봉구,2023-03-16,0.0
도봉구,2023-03-17,0.0
도봉구,2023-03-18,0.0
도봉구,2023-03-19,0.0
도봉구,2023-03-20,0.0
도봉구,2023-03-21,0.0
도봉구,2023-03-22,0.0
도봉구,2023-03-23,0.0
도봉구,2023-03-24,0.0
도봉구,2023-03-25,0.0
도봉구,2023-03-26,0.0
도봉구,2023-03-27,0.0
도봉구,2023-03-28,0.0
도봉구,2023-03-29,0.0
도봉구,2023-03-30,0.0
도봉구,2023-03-31,0.0
도봉구,2023-04-01,0.0
도봉구,2023-04-02,0.0
도봉구,2023-04-03,0.0
도봉구,2023-04-04,5.5
도봉구,2023-04-05,63.0
도봉구,2023-04-06,2.0
도봉구,2023-04-07,0.0
도봉구,2023-04-08,0.0
도봉구,2023-04-09,0.0
도봉구,2023-04-10,0.0
도봉구,2023-04-11,2.0
도봉구,2023-04-12,0.0
도봉구,2023-04-13,0.0
도봉구,2023-04-14,0.0
도봉구,2023-04-15,2.5
도봉구,2023-04-16,0.0
도봉구,2023-04-17,0.0
도봉구,2023-04-18,1.0
도봉구,2023-04-19,0.0
도봉구,2023-04-20,0.5
도봉구,2023-04-21,0.0
도봉구,2023-04-22,0.0
도봉구,2023-04-23,0.0
도봉구,2023-04-24,0.0
도봉구,2023-04-25,0.5
도봉구,2023-04-26,0.0
도봉구,2023-04-27,0.0
도봉구,2023-04-28,4.0
도봉구,2023-04-29,23.5
도봉구,2023-04-30,1.0
도봉구,2023-05-01,0.0
도봉구,2023-05-02,0.0
도봉구,2023-05-03,0.0
도봉구,2023-05-04,0.0
도봉구,2023-05-05,35.0
도봉구,2023-05-06,42.5
도봉구,2023-05-07,0.0
도봉구,2023-05-08,0.0
도봉구,2023-05-09,0.0
도봉구,2023-05-10,0.0
도봉구,2023-05-11,0.0
도봉구,2023-05-12,0.0
도봉구,2023-05-13,0.0
도봉구,2023-05-14,0.0
도봉구,2023-05-15,0.0
도봉구,2023-05-16,0.0
도봉구,2023-05-17,0.0
도봉구,2023-05-18,0.0
도봉구,2023-05-19,0.0
도봉구,2023-05-20,0.0
도봉구,2023-05-21,0.0
도봉구,2023-05-22,0.5
도봉구,2023-05-23,0.0
도봉구,2023-05-24,0.0
도봉구,2023-05-25,0.0
도봉구,2023-05-26,0.0
도봉구,2023-05-27,41.5
도봉구,2023-05-28,43.0
도봉구,2023-05-29,2.0
도봉구,2023-05-30,0.0
도봉구,2023-05-31,0.0
도봉구,2023-06-01,0.0
도봉구,2023-06-02,0.0
도봉구,2023-06-03,0.0
도봉구,2023-06-04,0.0
도봉구,2023-06-05,0.0
도봉구,2023-06-06,0.5
도봉구,2023-06-07,0.0
도봉구,2023-06-08,49.5
도봉구,2023-06-09,14.5
도봉구,2023-06-10,8.0
도봉구,2023-06-11,23.0
도봉구,2023-06-12,0.0
도봉구,2023-06-13,0.0
도봉구,2023-06-14,0.0
도봉구,2023-06-15,0.0
도봉구,2023-06-16,0.0
도봉구,2023-06-17,0.0
도봉구,2023-06-18,0.0
도봉구,2023-06-19,0.0
도봉구,2023-06-20,3.5
도봉구,2023-06-21,38.0
도봉구,2023-06-22,0.0
도봉구,2023-06-23,0.0
도봉구,2023-06-24,0.0
도봉구,2023-06-25,0.0
도봉구,2023-06-26,39.0
도봉구,2023-06-27,1.5
도봉구,2023-06-28,0.0
도봉구,2023-06-29,58.5
도봉구,2023-06-30,0.5
동대문구,2023-01-02,0.0
동대문구,2023-01-03,0.0
동대문구,2023-01-04,0.0
동대문구,2023-01-05,0.0
동대문구,2023-01-06,0.0
동대문구,2023-01-07,7.0
동대문구,2023-01-08,0.0
동대문구,2023-01-09,0.0
동대문구,2023-01-10,0.0
동대문구,2023-01-11,0.0
동대문구,2023-01-12,0.0
동대문구,2023-01-13,60.5
동대문구,2023-01-14,2.5
동대문구,2023-01-15,9.0
동대문구,2023-01-16,0.0
동대문구,2023-01-17,0.0
동대문구,2023-01-18,0.0
동대문구,2023-01-19,3.0
동대문구,2023-01-20,0.5
동대문구,2023-01-21,0.0
동대문구,2023-01-22,0.0
동대문구,2023-01-23,0.0
동대문구,2023-01-24,0.0
동대문구,2023-01-25,0.0
동대문구,2023-01-26,1.0
동대문구,2023-01-27,0.0
동대문구,2023-01-28,0.0
동대문구,2023-01-29,0.0
동대문구,2023-01-30,0.0
동대문구,2023-01-31,0.0
동대문구,2023-02-01,0.0
동대문구,2023-02-02,0.0
동대문구,2023-02-03,0.0
동대문구,2023-02-04,0.0
동대문구,2023-02-05,0.0
동대문구,2023-02-06,0.0
동대문구,2023-02-07,0.0
동대문구,2023-02-08,0.0
동대문구,2023-02-09,0.0
동대문구,2023-02-10,1.0
동대문구,2023-02-11,0.0
동대문구,2023-02-12,0.0
동대문구,2023-02-13,0.0
동대문구,2023-02-14,0.0
동대문구,2023-02-15,0.0
동대문구,2023-02-16,0.0
동대문구,2023-02-17,0.0
동대문구,2023-02-18,0.0
동대문구,2023-02-19,0.0
동대문구,2023-02-20,0.0
동대문구,2023-02-21,0.0
동대문구,2023-02-22,0.0
동대문구,2023-02-23,0.0
동대문구,2023-02-24,0.0
동대문구,2023-02-25,0.0
동대문구,2023-02-26,0.0
동대문구,2023-02-27,0.0
동대문구,2023-02-28,0.0
동대문구,2023-03-01,0.0
동대문구,2023-03-02,0.0
동대문구,2023-03-03,0.0
동대문구,2023-03-04,0.0
동대문구,2023-03-05,0.0
동대문구,2023-03-06,0.0
동대문구,2023-03-07,0.0
동대문구,2023-03-08,0.5
동대문구,2023-03-09,6.5
동대문구,2023-03-10,0.0
동대문구,2023-03-11,0.0
동대문구,2023-03-12,9.5
동대문구,2023-03-13,0.0
동대문구,2023-03-14,0.0
동대문구,2023-03-15,0.0
동대문구,2023-03-16,0.0
동대문구,2023-03-17,0.0
동대문구,2023-03-18,0.0
동대문구,2023-03-19,0.0
동대문구,2023-03-20,0.0
동대문구,2023-03-21,0.0
동대문구,2023-03-22,0.0
동대문구,2023-03-23,0.0
동대문구,2023-03-24,0.0
동대문구,2023-03-25,0.0
동대문구,2023-03-26,0.0
동대문구,2023-03-27,0.0
동대문구,2023-03-28,0.0
동대문구,2023-03-29,0.0
동대문구,2023-03-30,0.0
동대문구,2023-03-31,0.0
동대문구,2023-04-01,0.0
동대문구,2023-04-02,0.0
동대문구,2023-04-03,0.0
동대문구,2023-04-04,10.5
동대문구,2023-04-05,99.5
동대문구,2023-04-06,4.0
동대문구,2023-04-07,0.0
동대문구,2023-04-08,0.0
동대문구,2023-04-09,0.0
동대문구,2023-04-10,0.0
동대문구,2023-04-11,5.5
동대문구,2023-04-12,0.0
동대문구,2023-04-13,0.0
동대문구,2023-04-14,0.0
동대문구,2023-04-15,7.0
동대문구,2023-04-16,0.0
동대문구,2023-04-17,0.0
동대문구,2023-04-18,1.5
동대문구,2023-04-19,0.0
동대문구,2023-04-20,0.0
동대문구,2023-04-21,0.0
동대문구,2023-04-22,0.0
동대문구,2023-04-23,0.0
동대문구,2023-04-24,0.0
동대문구,2023-04-25,1.0
동대문구,2023-04-26,0.0
동대문구,2023-04-27,0.0
동대문구,2023-04-28,5.0
동대문구,2023-04-29,59.0
동대문구,2023-04-30,1.0
동대문구,2023-05-01,0.0
동대문구,2023-05-02,0.0
동대문구,2023-05-03,0.0
동대문구,2023-05-04,0.0
동대문구,2023-05-05,60.5
동대문구,2023-05-06,82.0
동대문구,2023-05-07,0.0
동대문구,2023-05-08,0.0
동대문구,2023-05-09,0.0
동대문구,2023-05-10,0.0
동대문구,2023-05-11,0.0
동대문구,2023-05-12,0.0
동대문구,2023-05-13,0.0
동대문구,2023-05-14,0.0
동대문구,2023-05-15,0.0
동대문구,2023-05-16,0.0
동대문구,2023-05-17,0.0
동대문구,2023-05-18,0.0
동대문구,2023-05-19,0.0
동대문구,2023-05-20,0.0
동대문구,2023-05-21,0.0
동대문구,2023-05-22,0.0
동대문구,2023-05-23,0.0
동대문구,2023-05-24,0.0
동대문구,2023-05-25,0.0
동대문구,2023-05-26,0.0
동대문구,2023-05-27,72.0
동대문구,2023-05-28,89.0
동대문구,2023-05-29,6.0
동대문구,2023-05-30,0.0
동대문구,2023-05-31,0.0
동대문구,2023-06-01,0.0
동대문구,2023-06-02,0.0
동대문구,2023-06-03,0.0
동대문구,2023-06-04,0.0
동대문구,2023-06-05,0.0
동대문구,2023-06-06,0.0
동대문구,2023-06-07,0.0
동대문구,2023-06-08,3.5
동대문구,2023-06-09,4.5
동대문구,2023-06-10,2.5
동대문구,2023-06-11,21.0
동대문구,2023-06-12,0.0
동대문구,2023-06-13,0.0
동대문구,2023-06-14,13.0
동대문구,2023-06-15,0.0
동대문구,2023-06-16,0.0
동대문구,2023-06-17,0.0
동대문구,2023-06-18,0.0
동대문구,2023-06-19,0.0
동대문구,2023-06-20,13.0
동대문구,2023-06-21,54.0
동대문구,2023-06-22,0.0
동대문구,2023-06-23,0.0
동대문구,2023-06-24,0.0
동대문구,2023-06-25,0.0
동대문구,2023-06-26,64.0
동대문구,2023-06-27,2.0
동대문구,2023-06-28,0.0
동대문구,2023-06-29,140.5
동대문구,2023-06-30,0.5
동작구,2023-01-02,0.0
동작구,2023-01-03,0.0
동작구,2023-01-04,0.0
동작구,2023-01-05,0.0
동작구,2023-01-06,2.5
동작구,2023-01-07,0.5
동작구,2023-01-08,0.0
동작구,2023-01-09,0.0
동작구,2023-01-10,0.0
동작구,2023-01-11,0.0
동작구,2023-01-12,0.0
동작구,2023-01-13,55.5
동작구,2023-01-14,4.5
동작구,2023-01-15,7.5
동작구,2023-01-16,0.5
동작구,2023-01-17,0.0
동작구,2023-01-18,0.0
동작구,2023-01-19,4.0
동작구,2023-01-20,0.0
동작구,2023-01-21,0.0
동작구,2023-01-22,0.0
동작구,2023-01-23,0.0
동작구,2023-01-24,0.0
동작구,2023-01-25,0.0
동작구,2023-01-26,0.5
동작구,2023-01-27,0.0
동작구,2023-01-28,0.0
동작구,2023-01-29,0.0
동작구,2023-01-30,0.0
동작구,2023-01-31,0.0
동작구,2023-02-01,0.0
동작구,2023-02-02,0.0
동작구,2023-02-03,0.0
동작구,2023-02-04,0.0
동작구,2023-02-05,0.0
동작구,2023-02-06,0.0
동작구,2023-02-07,0.0
동작구,2023-02-08,0.0
동작구,2023-02-09,0.0
동작구,2023-02-10,2.0
동작구,2023-02-11,0.0
동작구,2023-02-12,0.0
동작구,2023-02-13,0.0
동작구,2023-02-14,0.0
동작구,2023-02-15,0.0
동작구,2023-02-16,0.0
동작구,2023-02-17,0.0
동작구,2023-02-18,0.0
동작구,2023-02-19,1.0
동작구,2023-02-20,0.0
동작구,2023-02-21,0.0
동작구,2023-02-22,0.0
동작구,2023-02-23,0.0
동작구,2023-02-24,0.0
동작구,2023-02-25,0.0
동작구,2023-02-26,0.0
동작구,2023-02-27,0.0
동작구,2023-02-28,0.0
동작구,2023-03-01,0.0
동작구,2023-03-02,0.0
동작구,2023-03-03,0.0
동작구,2023-03-04,0.0
동작구,2023-03-05,0.0
동작구,2023-03-06,0.0
동작구,2023-03-07,0.0
동작구,2023-03-08,2.0
동작구,2023-03-09,7.5
동작구,2023-03-10,0.0
동작구,2023-03-11,0.0
동작구,2023-03-12,10.0
동작구,2023-03-13,0.0
동작구,2023-03-14,0.0
동작구,2023-03-15,0.0
동작구,2023-03-16,0.0
동작구,2023-03-17,0.0
동작구,2023-03-18,0.0
동작구,2023-03-20,0.0
동작구,2023-03-21,0.0
동작구,2023-03-22,0.0
동작구,2023-03-23,0.0
동작구,2023-03-24,0.0
동작구,2023-03-25,0.0
동작구,2023-03-26,0.0
동작구,2023-03-27,0.0
동작구,2023-03-28,0.0
동작구,2023-03-29,0.0
동작구,2023-03-30,0.0
동작구,2023-03-31,0.0
동작구,2023-04-01,0.0
동작구,2023-04-02,0.0
동작구,2023-04-03,0.0
동작구,2023-04-04,18.0
동작구,2023-04-05,84.0
동작구,2023-04-06,4.5
동작구,2023-04-07,0.5
동작구,2023-04-08,0.0
동작구,2023-04-09,0.0
동작구,2023-04-10,0.0
동작구,2023-04-11,1.5
동작구,2023-04-12,0.0
동작구,2023-04-13,0.0
동작구,2023-04-14,0.0
동작구,2023-04-15,6.5
동작구,2023-04-16,0.0
동작구,2023-04-17,0.0
동작구,2023-04-18,2.0
동작구,2023-04-19,0.0
동작구,2023-04-20,0.0
동작구,2023-04-21,0.0
동작구,2023-04-22,0.0
동작구,2023-04-23,0.0
동작구,2023-04-24,0.0
동작구,2023-04-25,1.0
동작구,2023-04-26,0.0
동작구,2023-04-27,0.0
동작구,2023-04-28,3.0
동작구,2023-04-29,57.0
동작구,2023-04-30,1.5
동작구,2023-05-01,0.0
동작구,2023-05-02,0.0
동작구,2023-05-03,0.0
동작구,2023-05-04,0.0
동작구,2023-05-05,42.5
동작구,2023-05-06,106.0
동작구,2023-05-07,0.0
동작구,2023-05-08,0.0
동작구,2023-05-09,0.0
동작구,2023-05-10,0.0
동작구,2023-05-11,0.0
동작구,2023-05-12,0.0
동작구,2023-05-13,0.0
동작구,2023-05-14,0.0
동작구,2023-05-15,0.0
동작구,2023-05-16,0.0
동작구,2023-05-17,0.0
동작구,2023-05-18,2.0
동작구,2023-05-19,0.0
동작구,2023-05-20,0.0
동작구,2023-05-21,0.5
동작구,2023-05-22,0.0
동작구,2023-05-23,0.0
동작구,2023-05-24,0.0
동작구,2023-05-25,0.0
동작구,2023-05-26,1.0
동작구,2023-05-27,63.5
동작구,2023-05-28,85.5
동작구,2023-05-29,8.0
동작구,2023-05-30,0.0
동작구,2023-05-31,0.0
동작구,2023-06-01,0.0
동작구,2023-06-02,0.0
동작구,2023-06-03,0.0
동작구,2023-06-04,0.0
동작구,2023-06-05,0.0
동작구,2023-06-06,0.0
동작구,2023-06-07,0.0
동작구,2023-06-08,0.5
동작구,2023-06-09,1.5
동작구,2023-06-10,6.5
동작구,2023-06-11,23.0
동작구,2023-06-12,0.0
동작구,2023-06-13,0.0
동작구,2023-06-14,1.0
동작구,2023-06-15,0.0
동작구,2023-06-16,0.0
동작구,2023-06-17,0.0
동작구,2023-06-18,0.0
동작구,2023-06-19,0.0
동작구,2023-06-20,22.0
동작구,2023-06-21,45.5
동작구,2023-06-22,0.0
동작구,2023-06-23,0.0
동작구,2023-06-24,0.0
동작구,2023-06-25,0.0
동작구,2023-06-26,53.0
동작구,2023-06-27,3.0
동작구,2023-06-28,0.0
동작구,2023-06-29,121.0
동작구,2023-06-30,1.5
마포구,2023-01-02,0.0
마포구,2023-01-03,0.0
마포구,2023-01-04,0.0
마포구,2023-01-05,0.0
마포구,2023-01-06,7.0
마포구,2023-01-07,0.0
마포구,2023-01-08,0.0
마포구,2023-01-09,0.0
마포구,2023-01-10,0.0
마포구,2023-01-11,0.0
마포구,2023-01-12,0.0
마포구,2023-01-13,67.0
마포구,2023-01-14,5.0
마포구,2023-01-15,6.5
마포구,2023-01-16,0.0
마포구,2023-01-17,0.0
마포구,2023-01-18,0.0
마포구,2023-01-19,2.0
마포구,2023-01-20,0.5
마포구,2023-01-21,0.0
마포구,2023-01-22,0.0
마포구,2023-01-23,0.0
마포구,2023-01-24,0.0
마포구,2023-01-25,0.0
마포구,2023-01-26,0.0
마포구,2023-01-27,0.0
마포구,2023-01-28,0.0
마포구,2023-01-29,0.0
마포구,2023-01-30,0.0
마포구,2023-01-31,0.0
마포구,2023-02-01,0.0
마포구,2023-02-02,0.0
마포구,2023-02-03,0.0
마포구,2023-02-04,0.0
마포구,2023-02-05,0.0
마포구,2023-02-06,0.0
마포구,2023-02-07,0.0
마포구,2023-02-08,0.0
마포구,2023-02-09,0.0
마포구,2023-02-10,1.5
마포구,2023-02-11,0.0
마포구,2023-02-12,0.0
마포구,2023-02-13,0.0
마포구,2023-02-14,0.0
마포구,2023-02-15,0.0
마포구,2023-02-16,0.0
마포구,2023-02-17,0.0
마포구,2023-02-18,0.0
마포구,2023-02-19,1.0
마포구,2023-02-20,0.0
마포구,2023-02-21,0.0
마포구,2023-02-22,0.0
마포구,2023-02-23,0.0
마포구,2023-02-24,0.0
마포구,2023-02-25,0.0
마포구,2023-02-26,0.0
마포구,2023-02-27,0.0
마포구,2023-02-28,0.0
마포구,2023-03-01,0.0
마포구,2023-03-02,0.0
마포구,2023-03-03,0.0
마포구,2023-03-04,0.0
마포구,2023-03-05,0.0
마포구,2023-03-06,0.0
마포구,2023-03-07,0.0
마포구,2023-03-08,3.5
마포구,2023-03-09,7.5
마포구,2023-03-10,0.0
마포구,2023-03-11,0.0
마포구,2023-03-12,11.5
마포구,2023-03-13,0.0
마포구,2023-03-14,0.0
마포구,2023-03-15,0.0
마포구,2023-03-16,0.0
마포구,2023-03-17,0.0
마포구,2023-03-18,0.0
마포구,2023-03-19,0.0
마포구,2023-03-20,0.0
마포구,2023-03-21,0.0
마포구,2023-03-22,0.0
마포구,2023-03-23,0.0
마포구,2023-03-24,0.0
마포구,2023-03-25,0.0
마포구,2023-03-26,0.0
마포구,2023-03-27,0.0
마포구,2023-03-28,0.0
마포구,2023-03-29,0.0
마포구,2023-03-30,0.0
마포구,2023-03-31,0.0
마포구,2023-04-01,0.0
마포구,2023-04-02,0.0
마포구,2023-04-03,0.0
마포구,2023-04-04,12.0
마포구,2023-04-05,88.0
마포구,2023-04-06,4.5
마포구,2023-04-07,0.0
마포구,2023-04-08,0.0
마포구,2023-04-09,0.0
마포구,2023-04-10,0.0
마포구,2023-04-11,4.5
마포구,2023-04-12,0.0
마포구,2023-04-13,0.0
마포구,2023-04-14,0.0
마포구,2023-04-15,6.0
마포구,2023-04-16,0.0
마포구,2023-04-17,0.0
마포구,2023-04-18,1.0
마포구,2023-04-19,0.0
마포구,2023-04-20,0.5
마포구,2023-04-21,0.0
마포구,2023-04-22,0.0
마포구,2023-04-23,0.0
마포구,2023-04-24,0.0
마포구,2023-04-25,0.5
마포구,2023-04-26,0.0
마포구,2023-04-27,0.0
마포구,2023-04-28,3.0
마포구,2023-04-29,45.0
마포구,2023-04-30,0.0
마포구,2023-05-01,0.0
마포구,2023-05-02,0.0
마포구,2023-05-03,0.0
마포구,2023-05-04,0.0
마포구,2023-05-05,50.5
마포구,2023-05-06,79.0
마포구,2023-05-07,0.0
마포구,2023-05-08,0.0
마포구,2023-05-09,0.0
마포구,2023-05-10,0.0
마포구,2023-05-11,0.0
마포구,2023-05-12,0.0
마포구,2023-05-13,0.0
마포구,2023-05-14,0.0
마포구,2023-05-15,0.0
마포구,2023-05-16,0.0
마포구,2023-05-17,0.0
마포구,2023-05-18,0.5
마포구,2023-05-19,0.0
마포구,2023-05-20,0.0
마포구,2023-05-21,0.0
마포구,2023-05-22,0.0
마포구,2023-05-23,0.0
마포구,2023-05-24,0.0
마포구,2023-05-25,0.0
마포구,2023-05-26,0.5
마포구,2023-05-27,59.5
마포구,2023-05-28,81.5
마포구,2023-05-29,4.0
마포구,2023-05-30,0.0
마포구,2023-05-31,0.0
마포구,2023-06-01,0.0
마포구,2023-06-02,0.0
마포구,2023-06-03,0.0
마포구,2023-06-04,0.0
마포구,2023-06-05,0.0
마포구,2023-06-06,0.0
마포구,2023-06-07,0.0
마포구,2023-06-08,3.0
마포구,2023-06-09,1.0
마포구,2023-06-10,16.0
마포구,2023-06-11,41.0
마포구,2023-06-12,0.0
마포구,2023-06-13,0.0
마포구,2023-06-14,2.0
마포구,2023-06-15,0.0
마포구,2023-06-16,0.0
마포구,2023-06-17,0.0
마포구,2023-06-18,0.0
마포구,2023-06-19,0.0
마포구,2023-06-20,17.0
마포구,2023-06-21,50.0
마포구,2023-06-22,0.0
마포구,2023-06-23,0.0
마포구,2023-06-24,0.0
마포구,2023-06-25,0.0
마포구,2023-06-26,49.5
마포구,2023-06-27,3.5
마포구,2023-06-28,0.0
마포구,2023-06-29,110.0
마포구,2023-06-30,1.0
서대문구,2023-01-01,0.0
서대문구,2023-01-02,0.0
서대문구,2023-01-03,0.0
서대문구,2023-01-04,0.0
서대문구,2023-01-05,0.0
서대문구,2023-01-06,5.0
서대문구,2023-01-07,1.0
서대문구,2023-01-08,0.0
서대문구,2023-01-09,0.0
서대문구,2023-01-10,0.0
서대문구,2023-01-11,0.0
서대문구,2023-01-12,0.0
서대문구,2023-01-13,34.0
서대문구,2023-01-14,2.0
서대문구,2023-01-15,3.0
서대문구,2023-01-16,0.0
서대문구,2023-01-17,0.0
서대문구,2023-01-18,0.0
서대문구,2023-01-19,1.0
서대문구,2023-01-20,0.0
서대문구,2023-01-21,0.0
서대문구,2023-01-22,0.0
서대문구,2023-01-23,0.0
서대문구,2023-01-24,0.0
서대문구,2023-01-25,0.0
서대문구,2023-01-26,0.5
서대문구,2023-01-27,0.0
서대문구,2023-01-28,0.0
서대문구,2023-01-29,0.0
서대문구,2023-01-30,0.0
서대문구,2023-01-31,0.0
서대문구,2023-02-01,0.0
서대문구,2023-02-02,0.0
서대문구,2023-02-03,0.0
서대문구,2023-02-04,0.0
서대문구,2023-02-05,0.0
서대문구,2023-02-06,0.0
서대문구,2023-02-07,0.0
서대문구,2023-02-08,0.0
서대문구,2023-02-09,0.0
서대문구,2023-02-10,1.0
서대문구,2023-02-11,0.0
서대문구,2023-02-12,0.0
서대문구,2023-02-13,0.0
서대문구,2023-02-14,0.0
서대문구,2023-02-15,0.0
서대문구,2023-02-16,0.0
서대문구,2023-02-17,0.0
서대문구,2023-02-18,0.0
서대문구,2023-02-19,0.5
서대문구,2023-02-20,0.0
서대문구,2023-02-21,0.0
서대문구,2023-02-22,0.0
서대문구,2023-02-23,0.0
서대문구,2023-02-24,0.0
서대문구,2023-02-25,0.0
서대문구,2023-02-26,0.0
서대문구,2023-02-27,0.0
서대문구,2023-02-28,0.0
서대문구,2023-03-01,0.0
서대문구,2023-03-02,0.0
서대문구,2023-03-03,0.0
서대문구,2023-03-04,0.0
서대문구,2023-03-05,0.0
서대문구,2023-03-06,0.0
서대문구,2023-03-07,0.0
서대문구,2023-03-08,1.5
서대문구,2023-03-09,4.0
서대문구,2023-03-10,0.0
서대문구,2023-03-11,0.0
서대문구,2023-03-12,6.0
서대문구,2023-03-13,0.0
서대문구,2023-03-14,0.0
서대문구,2023-03-15,0.0
서대문구,2023-03-16,0.0
서대문구,2023-03-17,0.0
서대문구,2023-03-18,0.0
서대문구,2023-03-19,0.0
서대문구,2023-03-20,0.0
서대문구,2023-03-21,0.0
서대문구,2023-03-22,0.0
서대문구,2023-03-23,0.0
서대문구,2023-03-24,0.0
서대문구,2023-03-25,0.0
서대문구,2023-03-26,0.0
서대문구,2023-03-27,0.0
서대문구,2023-03-28,0.0
서대문구,2023-03-29,0.0
서대문구,2023-03-30,0.0
서대문구,2023-03-31,0.0
서대문구,2023-04-01,0.0
서대문구,2023-04-02,0.0
서대문구,2023-04-03,0.0
서대문구,2023-04-04,5.5
서대문구,2023-04-05,47.5
서대문구,2023-04-06,2.5
서대문구,2023-04-07,0.0
서대문구,2023-04-08,0.0
서대문구,2023-04-09,0.0
서대문구,2023-04-10,0.0
서대문구,2023-04-11,2.5
서대문구,2023-04-12,0.0
서대문구,2023-04-13,0.0
서대문구,2023-04-14,0.0
서대문구,2023-04-15,3.5
서대문구,2023-04-16,0.0
서대문구,2023-04-17,0.0
서대문구,2023-04-18,0.5
서대문구,2023-04-19,0.0
서대문구,2023-04-20,0.5
서대문구,2023-04-21,0.0
서대문구,2023-04-22,0.0
서대문구,2023-04-23,0.0
서대문구,2023-04-24,0.0
서대문구,2023-04-25,0.5
서대문구,2023-04-26,0.0
서대문구,2023-04-27,0.0
서대문구,2023-04-28,2.0
서대문구,2023-04-29,21.0
서대문구,2023-04-30,0.0
서대문구,2023-05-01,0.0
서대문구,2023-05-02,0.0
서대문구,2023-05-03,0.0
서대문구,2023-05-04,0.0
서대문구,2023-05-05,26.5
서대문구,2023-05-06,37.5
서대문구,2023-05-07,0.0
서대문구,2023-05-08,0.0
서대문구,2023-05-09,0.0
서대문구,2023-05-10,0.0
서대문구,2023-05-11,0.0
서대문구,2023-05-12,0.0
서대문구,2023-05-13,0.0
서대문구,2023-05-14,0.0
서대문구,2023-05-15,0.0
서대문구,2023-05-16,0.0
서대문구,2023-05-17,0.0
서대문구,2023-05-18,2.5
서대문구,2023-05-19,0.0
서대문구,2023-05-20,0.0
서대문구,2023-05-21,0.0
서대문구,2023-05-22,0.0
서대문구,2023-05-23,0.0
서대문구,2023-05-24,0.0
서대문구,2023-05-25,0.0
서대문구,2023-05-26,0.5
서대문구,2023-05-27,19.0
서대문구,2023-05-28,27.0
서대문구,2023-05-29,1.5
서대문구,2023-05-30,0.0
서대문구,2023-05-31,0.0
서대문구,2023-06-01,0.0
서대문구,2023-06-02,0.0
서대문구,2023-06-03,0.0
서대문구,2023-06-04,0.0
서대문구,2023-06-05,0.0
서대문구,2023-06-06,0.0
서대문구,2023-06-07,0.0
서대문구,2023-06-08,5.5
서대문구,2023-06-09,1.5
서대문구,2023-06-10,2.5
서대문구,2023-06-11,9.0
서대문구,2023-06-12,0.0
서대문구,2023-06-13,0.0
서대문구,2023-06-14,3.0
서대문구,2023-06-15,0.0
서대문구,2023-06-16,0.0
서대문구,2023-06-17,0.0
서대문구,2023-06-18,0.0
서대문구,2023-06-19,0.0
서대문구,2023-06-20,1.0
서대문구,2023-06-21,8.0
서대문구,2023-06-22,0.0
서대문구,2023-06-23,0.0
서대문구,2023-06-24,0.0
서대문구,2023-06-25,0.0
서대문구,2023-06-26,20.5
서대문구,2023-06-27,2.5
서대문구,2023-06-28,0.0
서대문구,2023-06-29,56.0
서대문구,2023-06-30,1.0
서초구,2023-01-02,0.0
서초구,2023-01-03,0.0
서초구,2023-01-04,0.0
서초구,2023-01-05,0.0
서초구,2023-01-06,4.0
서초구,2023-01-07,2.5
서초구,2023-01-08,0.0
서초구,2023-01-09,0.0
서초구,2023-01-10,0.0
서초구,2023-01-11,0.0
서초구,2023-01-12,0.0
서초구,2023-01-13,69.0
서초구,2023-01-14,5.0
서초구,2023-01-15,9.0
서초구,2023-01-16,0.0
서초구,2023-01-17,0.0
서초구,2023-01-18,0.0
서초구,2023-01-19,3.0
서초구,2023-01-20,0.5
서초구,2023-01-21,0.0
서초구,2023-01-22,0.0
서초구,2023-01-23,0.0
서초구,2023-01-24,0.0
서초구,2023-01-25,0.0
서초구,2023-01-26,0.0
서초구,2023-01-27,0.0
서초구,2023-01-28,0.0
서초구,2023-01-29,0.0
서초구,2023-01-30,0.0
서초구,2023-01-31,0.0
서초구,2023-02-01,0.0
서초구,2023-02-02,0.0
서초구,2023-02-03,0.0
서초구,2023-02-04,0.0
서초구,2023-02-05,0.0
서초구,2023-02-06,0.0
서초구,2023-02-07,0.0
서초구,2023-02-08,0.0
서초구,2023-02-09,0.0
서초구,2023-02-10,1.5
서초구,2023-02-11,0.0
서초구,2023-02-12,0.0
서초구,2023-02-13,0.0
서초구,2023-02-14,0.0
서초구,2023-02-15,0.0
서초구,2023-02-16,0.0
서초구,2023-02-17,0.0
서초구,2023-02-18,0.0
서초구,2023-02-19,1.0
서초구,2023-02-20,0.0
서초구,2023-02-21,0.0
서초구,2023-02-22,0.0
서초구,2023-02-23,0.0
서초구,2023-02-24,0.0
서초구,2023-02-25,0.0
서초구,2023-02-26,0.0
서초구,2023-02-27,0.0
서초구,2023-02-28,0.0
서초구,2023-03-01,0.0
서초구,2023-03-02,0.0
서초구,2023-03-03,0.0
서초구,2023-03-04,0.0
서초구,2023-03-05,0.0
서초구,2023-03-06,0.0
서초구,2023-03-07,0.0
서초구,2023-03-08,0.5
서초구,2023-03-09,7.5
서초구,2023-03-10,0.0
서초구,2023-03-11,0.0
서초구,2023-03-12,10.0
서초구,2023-03-13,0.0
서초구,2023-03-14,0.0
서초구,2023-03-15,0.0
서초구,2023-03-16,0.0
서초구,2023-03-17,0.0
서초구,2023-03-18,0.0
서초구,2023-03-19,0.0
서초구,2023-03-20,0.0
서초구,2023-03-21,0.0
서초구,2023-03-22,0.0
서초구,2023-03-23,0.0
서초구,2023-03-24,0.0
서초구,2023-03-25,0.0
서초구,2023-03-26,0.0
서초구,2023-03-27,0.0
서초구,2023-03-28,0.0
서초구,2023-03-29,0.0
서초구,2023-03-30,0.0
서초구,2023-03-31,0.0
서초구,2023-04-01,0.0
서초구,2023-04-02,0.0
서초구,2023-04-03,0.0
서초구,2023-04-04,14.5
서초구,2023-04-05,79.0
서초구,2023-04-06,5.0
서초구,2023-04-07,0.0
서초구,2023-04-08,0.0
서초구,2023-04-09,0.0
서초구,2023-04-10,0.0
서초구,2023-04-11,2.0
서초구,2023-04-12,0.0
서초구,2023-04-13,0.0
서초구,2023-04-14,0.0
서초구,2023-04-15,3.5
서초구,2023-04-16,0.0
서초구,2023-04-17,0.0
서초구,2023-04-18,2.5
서초구,2023-04-19,0.0
서초구,2023-04-20,0.0
서초구,2023-04-21,0.0
서초구,2023-04-22,0.0
서초구,2023-04-23,0.0
서초구,2023-04-24,0.0
서초구,2023-04-25,0.5
서초구,2023-04-26,0.0
서초구,2023-04-27,0.0
서초구,2023-04-28,2.0
서초구,2023-04-29,43.5
서초구,2023-04-30,1.0
서초구,2023-05-01,0.0
서초구,2023-05-02,0.0
서초구,2023-05-03,0.0
서초구,2023-05-04,0.0
서초구,2023-05-05,42.5
서초구,2023-05-06,110.5
서초구,2023-05-07,0.0
서초구,2023-05-08,0.0
서초구,2023-05-09,0.0
서초구,2023-05-10,0.0
서초구,2023-05-11,0.0
서초구,2023-05-12,0.0
서초구,2023-05-13,0.0
서초구,2023-05-14,0.0
서초구,2023-05-15,0.0
서초구,2023-05-16,0.0
서초구,2023-05-17,0.0
서초구,2023-05-18,4.0
서초구,2023-05-19,0.0
서초구,2023-05-20,0.0
서초구,2023-05-21,0.0
서초구,2023-05-22,0.0
서초구,2023-05-23,0.0
서초구,2023-05-24,0.0
서초구,2023-05-25,0.0
서초구,2023-05-26,1.5
서초구,2023-05-27,50.5
서초구,2023-05-28,82.5
서초구,2023-05-29,12.0
서초구,2023-05-30,0.0
서초구,2023-05-31,0.0
서초구,2023-06-01,0.0
서초구,2023-06-02,0.0
서초구,2023-06-03,0.0
서초구,2023-06-04,0.0
서초구,2023-06-05,0.0
서초구,2023-06-06,0.0
서초구,2023-06-07,0.0
서초구,2023-06-08,2.0
서초구,2023-06-09,2.5
서초구,2023-06-10,1.0
서초구,2023-06-11,29.5
서초구,2023-06-12,0.0
서초구,2023-06-13,0.0
서초구,2023-06-14,0.0
서초구,2023-06-15,0.0
서초구,2023-06-16,0.0
서초구,2023-06-17,0.0
서초구,2023-06-18,0.0
서초구,2023-06-19,0.0
서초구,2023-06-20,24.0
서초구,2023-06-21,60.5
서초구,2023-06-22,0.0
서초구,2023-06-23,0.0
서초구,2023-06-24,0.0
서초구,2023-06-25,0.0
서초구,2023-06-26,61.5
서초구,2023-06-27,5.0
서초구,2023-06-28,0.0
서초구,2023-06-29,99.5
서초구,2023-06-30,1.5
성동구,2023-01-02,0.0
성동구,2023-01-03,0.0
성동구,2023-01-04,0.0
성동구,2023-01-05,0.0
성동구,2023-01-06,1.0
성동구,2023-01-07,6.0
성동구,2023-01-08,0.0
성동구,2023-01-09,0.0
성동구,2023-01-10,0.0
성동구,2023-01-11,0.0
성동구,2023-01-12,0.0
성동구,2023-01-13,56.5
성동구,2023-01-14,3.0
성동구,2023-01-15,7.0
성동구,2023-01-16,0.0
성동구,2023-01-17,0.0
성동구,2023-01-18,0.0
성동구,2023-01-19,2.5
성동구,2023-01-20,0.0
성동구,2023-01-21,0.0
성동구,2023-01-22,0.0
성동구,2023-01-23,0.0
성동구,2023-01-24,0.0
성동구,2023-01-25,0.0
성동구,2023-01-26,0.0
성동구,2023-01-27,0.0
성동구,2023-01-28,0.0
성동구,2023-01-29,0.0
성동구,2023-01-30,0.0
성동구,2023-01-31,0.0
성동구,2023-02-01,0.0
성동구,2023-02-02,0.0
성동구,2023-02-03,0.0
성동구,2023-02-04,0.0
성동구,2023-02-05,0.0
성동구,2023-02-06,0.0
성동구,2023-02-07,0.0
성동구,2023-02-08,0.0
성동구,2023-02-09,0.0
성동구,2023-02-10,1.0
성동구,2023-02-11,0.0
성동구,2023-02-12,0.0
성동구,2023-02-13,0.0
성동구,2023-02-14,0.0
성동구,2023-02-15,0.0
성동구,2023-02-16,0.0
성동구,2023-02-17,0.0
성동구,2023-02-18,0.0
성동구,2023-02-19,0.0
성동구,2023-02-20,0.0
성동구,2023-02-21,0.0
성동구,2023-02-22,0.0
성동구,2023-02-23,0.0
성동구,2023-02-24,0.0
성동구,2023-02-25,0.0
성동구,2023-02-26,0.0
성동구,2023-02-27,0.0
성동구,2023-02-28,0.0
성동구,2023-03-01,0.0
성동구,2023-03-02,0.0
성동구,2023-03-03,0.0
성동구,2023-03-04,0.0
성동구,2023-03-05,0.0
성동구,2023-03-06,0.0
성동구,2023-03-07,0.0
성동구,2023-03-08,0.5
성동구,2023-03-09,7.0
성동구,2023-03-10,0.0
성동구,2023-03-11,0.0
성동구,2023-03-12,8.5
성동구,2023-03-13,0.0
성동구,2023-03-14,0.0
성동구,2023-03-15,0.0
성동구,2023-03-16,0.0
성동구,2023-03-17,0.0
성동구,2023-03-18,0.0
성동구,2023-03-19,0.0
성동구,2023-03-20,0.0
성동구,2023-03-21,0.0
성동구,2023-03-22,0.0
성동구,2023-03-23,0.0
성동구,2023-03-24,0.0
성동구,2023-03-25,0.0
성동구,2023-03-26,0.0
성동구,2023-03-27,0.0
성동구,2023-03-28,0.0
성동구,2023-03-29,0.0
성동구,2023-03-30,0.0
성동구,2023-03-31,0.0
성동구,2023-04-01,0.0
성동구,2023-04-02,0.0
성동구,2023-04-03,0.0
성동구,2023-04-04,12.0
성동구,2023-04-05,95.0
성동구,2023-04-06,3.5
성동구,2023-04-07,0.0
성동구,2023-04-08,0.0
성동구,2023-04-09,0.0
성동구,2023-04-10,0.0
성동구,2023-04-11,1.5
성동구,2023-04-12,0.0
성동구,2023-04-13,0.0
성동구,2023-04-14,0.0
성동구,2023-04-15,8.0
성동구,2023-04-16,0.0
성동구,2023-04-17,0.0
성동구,2023-04-18,1.5
성동구,2023-04-19,0.0
성동구,2023-04-20,0.0
성동구,2023-04-21,0.0
성동구,2023-04-22,0.0
성동구,2023-04-23,0.0
성동구,2023-04-24,0.0
성동구,2023-04-25,1.0
성동구,2023-04-26,0.0
성동구,2023-04-27,0.0
성동구,2023-04-28,4.5
성동구,2023-04-29,55.5
성동구,2023-04-30,1.0
성동구,2023-05-01,0.0
성동구,2023-05-02,0.0
성동구,2023-05-03,0.0
성동구,2023-05-04,0.0
성동구,2023-05-05,53.0
성동구,2023-05-06,63.0
성동구,2023-05-07,0.0
성동구,2023-05-08,0.0
성동구,2023-05-09,0.0
성동구,2023-05-10,0.0
성동구,2023-05-11,0.0
성동구,2023-05-12,0.0
성동구,2023-05-13,0.0
성동구,2023-05-14,0.0
성동구,2023-05-15,0.0
성동구,2023-05-16,0.0
성동구,2023-05-17,0.0
성동구,2023-05-18,0.5
성동구,2023-05-19,0.0
성동구,2023-05-20,0.0
성동구,2023-05-21,0.0
성동구,2023-05-22,0.0
성동구,2023-05-23,0.0
성동구,2023-05-24,0.0
성동구,2023-05-25,0.0
성동구,2023-05-26,0.0
성동구,2023-05-27,66.5
성동구,2023-05-28,89.0
성동구,2023-05-29,5.5
성동구,2023-05-30,0.0
성동구,2023-05-31,0.0
성동구,2023-06-01,0.0
성동구,2023-06-02,0.0
성동구,2023-06-03,0.0
성동구,2023-06-04,0.0
성동구,2023-06-05,0.0
성동구,2023-06-06,0.0
성동구,2023-06-07,0.0
성동구,2023-06-08,1.0
성동구,2023-06-09,2.0
성동구,2023-06-10,2.5
성동구,2023-06-11,17.5
성동구,2023-06-12,0.0
성동구,2023-06-13,0.0
성동구,2023-06-14,0.0
성동구,2023-06-15,0.0
성동구,2023-06-16,0.0
성동구,2023-06-17,0.0
성동구,2023-06-18,0.0
성동구,2023-06-19,0.0
성동구,2023-06-20,16.5
성동구,2023-06-21,52.5
성동구,2023-06-22,0.0
성동구,2023-06-23,0.0
성동구,2023-06-24,0.0
성동구,2023-06-25,0.0
성동구,2023-06-26,61.5
성동구,2023-06-27,2.0
성동구,2023-06-28,0.0
성동구,2023-06-29,129.5
성동구,2023-06-30,1.5
성북구,2023-01-02,0.0
성북구,2023-01-03,0.0
성북구,2023-01-04,0.0
성북구,2023-01-05,0.0
성북구,2023-01-06,0.0
성북구,2023-01-07,7.0
성북구,2023-01-08,0.0
성북구,2023-01-09,0.0
성북구,2023-01-10,0.0
성북구,2023-01-11,0.0
성북구,2023-01-12,0.0
성북구,2023-01-13,71.5
성북구,2023-01-14,3.0
성북구,2023-01-15,7.5
성북구,2023-01-16,0.0
성북구,2023-01-17,0.0
성북구,2023-01-18,0.0
성북구,2023-01-19,1.5
성북구,2023-01-20,0.0
성북구,2023-01-21,0.0
성북구,2023-01-22,0.0
성북구,2023-01-23,0.0
성북구,2023-01-24,0.0
성북구,2023-01-25,0.0
성북구,2023-01-26,0.5
성북구,2023-01-27,0.0
성북구,2023-01-28,0.0
성북구,2023-01-29,0.0
성북구,2023-01-30,0.0
성북구,2023-01-31,0.0
성북구,2023-02-01,0.0
성북구,2023-02-02,0.0
성북구,2023-02-03,0.0
성북구,2023-02-04,0.0
성북구,2023-02-05,0.0
성북구,2023-02-06,0.0
성북구,2023-02-07,0.0
성북구,2023-02-08,0.0
성북구,2023-02-09,0.0
성북구,2023-02-10,1.0
성북구,2023-02-11,0.0
성북구,2023-02-12,0.0
성북구,2023-02-13,0.0
성북구,2023-02-14,0.0
성북구,2023-02-15,0.0
성북구,2023-02-16,0.0
성북구,2023-02-17,0.0
성북구,2023-02-18,0.0
성북구,2023-02-19,0.0
성북구,2023-02-20,0.0
성북구,2023-02-21,0.0
성북구,2023-02-22,0.0
성북구,2023-02-23,0.0
성북구,2023-02-24,0.0
성북구,2023-02-25,0.0
성북구,2023-02-26,0.0
성북구,2023-02-27,0.0
성북구,2023-02-28,0.0
성북구,2023-03-01,0.0
성북구,2023-03-02,0.0
성북구,2023-03-03,0.0
성북구,2023-03-04,0.0
성북구,2023-03-05,0.0
성북구,2023-03-06,0.0
성북구,2023-03-07,0.0
성북구,2023-03-08,0.0
성북구,2023-03-09,7.5
성북구,2023-03-10,0.0
성북구,2023-03-11,0.0
성북구,2023-03-12,9.0
성북구,2023-03-13,0.0
성북구,2023-03-14,0.0
성북구,2023-03-15,0.0
성북구,2023-03-16,0.0
성북구,2023-03-17,0.0
성북구,2023-03-18,0.0
성북구,2023-03-19,0.0
성북구,2023-03-20,0.0
성북구,2023-03-21,0.0
성북구,2023-03-22,0.0
성북구,2023-03-23,0.0
성북구,2023-03-24,0.0
성북구,2023-03-25,0.0
성북구,2023-03-26,0.0
성북구,2023-03-27,0.0
성북구,2023-03-28,0.0
성북구,2023-03-29,0.0
성북구,2023-03-30,0.0
성북구,2023-03-31,0.0
성북구,2023-04-01,0.0
성북구,2023-04-02,0.0
성북구,2023-04-03,0.0
성북구,2023-04-04,12.0
성북구,2023-04-05,102.5
성북구,2023-04-06,5.0
성북구,2023-04-07,0.0
성북구,2023-04-08,0.0
성북구,2023-04-09,0.0
성북구,2023-04-10,0.0
성북구,2023-04-11,4.5
성북구,2023-04-12,0.0
성북구,2023-04-13,0.0
성북구,2023-04-14,0.0
성북구,2023-04-15,7.0
성북구,2023-04-16,0.0
성북구,2023-04-17,0.0
성북구,2023-04-18,2.0
성북구,2023-04-19,0.0
성북구,2023-04-20,1.0
성북구,2023-04-21,0.0
성북구,2023-04-22,0.0
성북구,2023-04-23,0.0
성북구,2023-04-24,0.0
성북구,2023-04-25,1.5
성북구,2023-04-26,0.0
성북구,2023-04-27,0.0
성북구,2023-04-28,4.0
성북구,2023-04-29,50.5
성북구,2023-04-30,0.0
성북구,2023-05-01,0.0
성북구,2023-05-02,0.0
성북구,2023-05-03,0.0
성북구,2023-05-04,0.0
성북구,2023-05-05,64.5
성북구,2023-05-06,97.0
성북구,2023-05-07,0.0
성북구,2023-05-08,0.0
성북구,2023-05-09,0.0
성북구,2023-05-10,0.0
성북구,2023-05-11,0.0
성북구,2023-05-12,0.0
성북구,2023-05-13,0.0
성북구,2023-05-14,0.0
성북구,2023-05-15,0.0
성북구,2023-05-16,0.0
성북구,2023-05-17,0.0
성북구,2023-05-18,0.0
성북구,2023-05-19,0.0
성북구,2023-05-20,0.0
성북구,2023-05-21,0.0
성북구,2023-05-22,0.5
성북구,2023-05-23,0.0
성북구,2023-05-24,0.0
성북구,2023-05-25,0.0
성북구,2023-05-26,0.0
성북구,2023-05-27,73.5
성북구,2023-05-28,83.5
성북구,2023-05-29,6.0
성북구,2023-05-30,0.0
성북구,2023-05-31,0.0
성북구,2023-06-01,0.0
성북구,2023-06-02,0.0
성북구,2023-06-03,0.0
성북구,2023-06-04,0.0
성북구,2023-06-05,0.0
성북구,2023-06-06,0.0
성북구,2023-06-07,0.0
성북구,2023-06-08,28.5
성북구,2023-06-09,7.0
성북구,2023-06-10,14.0
성북구,2023-06-11,62.5
성북구,2023-06-12,0.0
성북구,2023-06-13,0.0
성북구,2023-06-14,4.5
성북구,2023-06-15,0.0
성북구,2023-06-16,0.0
성북구,2023-06-17,0.0
성북구,2023-06-18,0.0
성북구,2023-06-19,0.0
성북구,2023-06-20,11.5
성북구,2023-06-21,61.0
성북구,2023-06-22,0.0
성북구,2023-06-23,0.0
성북구,2023-06-24,0.0
성북구,2023-06-25,0.0
성북구,2023-06-26,59.5
성북구,2023-06-27,3.5
성북구,2023-06-28,0.0
성북구,2023-06-29,116.5
성북구,2023-06-30,1.0
송파구,2023-01-01,0.0
송파구,2023-01-02,0.0
송파구,2023-01-03,0.0
송파구,2023-01-04,0.0
송파구,2023-01-05,0.0
송파구,2023-01-06,1.0
송파구,2023-01-07,3.0
송파구,2023-01-08,0.0
송파구,2023-01-09,0.0
송파구,2023-01-10,0.0
송파구,2023-01-11,0.0
송파구,2023-01-12,0.0
송파구,2023-01-13,41.0
송파구,2023-01-14,6.0
송파구,2023-01-15,12.5
송파구,2023-01-16,0.0
송파구,2023-01-17,0.0
송파구,2023-01-18,0.0
송파구,2023-01-19,2.0
송파구,2023-01-20,0.0
송파구,2023-01-21,0.0
송파구,2023-01-22,0.0
송파구,2023-01-23,0.0
송파구,2023-01-24,0.0
송파구,2023-01-25,0.0
송파구,2023-01-26,0.0
송파구,2023-01-27,0.0
송파구,2023-01-28,0.0
송파구,2023-01-29,0.0
송파구,2023-01-30,0.0
송파구,2023-01-31,0.0
송파구,2023-02-01,0.0
송파구,2023-02-02,0.0
송파구,2023-02-03,0.0
송파구,2023-02-04,0.0
송파구,2023-02-05,0.0
송파구,2023-02-06,0.0
송파구,2023-02-07,0.0
송파구,2023-02-08,0.0
송파구,2023-02-09,0.0
송파구,2023-02-10,1.0
송파구,2023-02-11,0.0
송파구,2023-02-12,0.0
송파구,2023-02-13,0.0
송파구,2023-02-14,0.0
송파구,2023-02-15,0.0
송파구,2023-02-16,0.0
송파구,2023-02-17,0.0
송파구,2023-02-18,0.0
송파구,2023-02-19,1.0
송파구,2023-02-20,0.0
송파구,2023-02-21,0.0
송파구,2023-02-22,0.0
송파구,2023-02-23,0.0
송파구,2023-02-24,0.0
송파구,2023-02-25,0.0
송파구,2023-02-26,0.0
송파구,2023-02-27,0.0
송파구,2023-02-28,0.0
송파구,2023-03-01,0.0
송파구,2023-03-02,0.0
송파구,2023-03-03,0.0
송파구,2023-03-04,0.0
송파구,2023-03-05,0.0
송파구,2023-03-06,0.0
송파구,2023-03-07,0.0
송파구,2023-03-08,0.0
송파구,2023-03-09,5.5
송파구,2023-03-10,0.0
송파구,2023-03-11,0.0
송파구,2023-03-12,9.5
송파구,2023-03-13,0.0
송파구,2023-03-14,0.0
송파구,2023-03-15,0.0
송파구,2023-03-16,0.0
송파구,2023-03-17,0.0
송파구,2023-03-18,0.0
송파구,2023-03-19,0.0
송파구,2023-03-20,0.0
송파구,2023-03-21,0.0
송파구,2023-03-22,0.0
송파구,2023-03-23,0.0
송파구,2023-03-24,0.0
송파구,2023-03-25,0.0
송파구,2023-03-26,0.0
송파구,2023-03-27,0.0
송파구,2023-03-28,0.0
송파구,2023-03-29,0.0
송파구,2023-03-30,0.0
송파구,2023-03-31,0.0
송파구,2023-04-01,0.0
송파구,2023-04-02,0.0
송파구,2023-04-03,0.0
송파구,2023-04-04,16.5
송파구,2023-04-05,82.0
송파구,2023-04-06,6.0
송파구,2023-04-07,0.0
송파구,2023-04-08,0.0
송파구,2023-04-09,0.0
송파구,2023-04-10,0.0
송파구,2023-04-11,3.0
송파구,2023-04-12,0.0
송파구,2023-04-13,0.0
송파구,2023-04-14,0.0
송파구,2023-04-15,4.5
송파구,2023-04-16,0.0
송파구,2023-04-17,0.0
송파구,2023-04-18,2.5
송파구,2023-04-19,0.0
송파구,2023-04-20,0.0
송파구,2023-04-21,0.0
송파구,2023-04-22,0.0
송파구,2023-04-23,0.0
송파구,2023-04-24,0.0
송파구,2023-04-25,0.5
송파구,2023-04-26,0.0
송파구,2023-04-27,0.0
송파구,2023-04-28,1.5
송파구,2023-04-29,55.5
송파구,2023-04-30,2.0
송파구,2023-05-01,0.0
송파구,2023-05-02,0.0
송파구,2023-05-03,0.0
송파구,2023-05-04,0.0
송파구,2023-05-05,37.5
송파구,2023-05-06,122.5
송파구,2023-05-07,0.0
송파구,2023-05-08,0.0
송파구,2023-05-09,0.0
송파구,2023-05-10,0.0
송파구,2023-05-11,0.0
송파구,2023-05-12,0.0
송파구,2023-05-13,0.0
송파구,2023-05-14,0.0
송파구,2023-05-15,0.0
송파구,2023-05-16,0.0
송파구,2023-05-17,0.0
송파구,2023-05-18,1.5
송파구,2023-05-19,0.0
송파구,2023-05-20,0.0
송파구,2023-05-21,0.0
송파구,2023-05-22,29.5
송파구,2023-05-23,0.0
송파구,2023-05-24,0.0
송파구,2023-05-25,0.0
송파구,2023-05-26,0.5
송파구,2023-05-27,52.5
송파구,2023-05-28,92.0
송파구,2023-05-29,12.0
송파구,2023-05-30,0.0
송파구,2023-05-31,0.0
송파구,2023-06-01,0.0
송파구,2023-06-02,0.0
송파구,2023-06-03,0.0
송파구,2023-06-04,0.0
송파구,2023-06-05,0.0
송파구,2023-06-06,0.0
송파구,2023-06-07,0.0
송파구,2023-06-08,2.5
송파구,2023-06-09,5.0
송파구,2023-06-10,0.0
송파구,2023-06-11,36.5
송파구,2023-06-12,0.0
송파구,2023-06-13,0.0
송파구,2023-06-14,6.5
송파구,2023-06-15,0.0
송파구,2023-06-16,0.0
송파구,2023-06-17,0.0
송파구,2023-06-18,0.0
송파구,2023-06-19,0.0
송파구,2023-06-20,19.5
송파구,2023-06-21,77.5
송파구,2023-06-22,1.5
송파구,2023-06-23,0.0
송파구,2023-06-24,0.0
송파구,2023-06-25,0.0
송파구,2023-06-26,89.5
송파구,2023-06-27,3.5
송파구,2023-06-28,0.0
송파구,2023-06-29,107.0
송파구,2023-06-30,1.0
양천구,2023-01-02,0.0
양천구,2023-01-03,0.0
양천구,2023-01-04,0.0
양천구,2023-01-05,0.0
양천구,2023-01-06,6.0
양천구,2023-01-07,0.5
양천구,2023-01-08,0.0
양천구,2023-01-09,0.0
양천구,2023-01-10,0.0
양천구,2023-01-11,0.0
양천구,2023-01-12,0.0
양천구,2023-01-13,66.0
양천구,2023-01-14,4.0
양천구,2023-01-15,6.0
양천구,2023-01-16,0.0
양천구,2023-01-17,0.0
양천구,2023-01-18,0.5
양천구,2023-01-19,1.0
양천구,2023-01-20,1.5
양천구,2023-01-21,0.0
양천구,2023-01-22,0.0
양천구,2023-01-23,0.0
양천구,2023-01-24,0.0
양천구,2023-01-25,0.0
양천구,2023-01-26,0.5
양천구,2023-01-27,0.0
양천구,2023-01-28,0.0
양천구,2023-01-29,0.0
양천구,2023-01-30,0.0
양천구,2023-01-31,0.0
양천구,2023-02-01,0.0
양천구,2023-02-02,0.0
양천구,2023-02-03,0.0
양천구,2023-02-04,0.0
양천구,2023-02-05,0.0
양천구,2023-02-06,0.0
양천구,2023-02-07,0.0
양천구,2023-02-08,0.0
양천구,2023-02-09,0.0
양천구,2023-02-10,1.5
양천구,2023-02-11,0.0
양천구,2023-02-12,0.0
양천구,2023-02-13,0.0
양천구,2023-02-14,0.0
양천구,2023-02-15,0.0
양천구,2023-02-16,0.0
양천구,2023-02-17,0.0
양천구,2023-02-18,0.0
양천구,2023-02-19,1.5
양천구,2023-02-20,0.0
양천구,2023-02-21,0.0
양천구,2023-02-22,0.0
양천구,2023-02-23,0.0
양천구,2023-02-24,0.0
양천구,2023-02-25,0.0
양천구,2023-02-26,0.0
양천구,2023-02-27,0.0
양천구,2023-02-28,0.0
양천구,2023-03-01,0.0
양천구,2023-03-02,0.0
양천구,2023-03-03,0.0
양천구,2023-03-04,0.0
양천구,2023-03-05,0.0
양천구,2023-03-06,0.0
양천구,2023-03-07,0.0
양천구,2023-03-08,4.0
양천구,2023-03-09,8.0
양천구,2023-03-10,0.0
양천구,2023-03-11,0.0
양천구,2023-03-12,11.0
양천구,2023-03-13,0.0
양천구,2023-03-14,0.0
양천구,2023-03-15,0.0
양천구,2023-03-16,0.0
양천구,2023-03-17,0.0
양천구,2023-03-18,0.0
양천구,2023-03-19,0.0
양천구,2023-03-20,0.0
양천구,2023-03-21,0.0
양천구,2023-03-22,0.0
양천구,2023-03-23,0.0
양천구,2023-03-24,0.0
양천구,2023-03-25,0.0
양천구,2023-03-26,0.0
양천구,2023-03-27,0.0
양천구,2023-03-28,0.0
양천구,2023-03-29,0.0
양천구,2023-03-30,0.0
양천구,2023-03-31,0.0
양천구,2023-04-01,0.0
양천구,2023-04-02,0.0
양천구,2023-04-03,0.0
양천구,2023-04-04,13.5
양천구,2023-04-05,86.0
양천구,2023-04-06,5.0
양천구,2023-04-07,0.0
양천구,2023-04-08,0.0
양천구,2023-04-09,0.0
양천구,2023-04-10,0.0
양천구,2023-04-11,2.0
양천구,2023-04-12,0.0
양천구,2023-04-13,0.0
양천구,2023-04-14,0.0
양천구,2023-04-15,5.5
양천구,2023-04-16,0.0
양천구,2023-04-17,0.0
양천구,2023-04-18,1.5
양천구,2023-04-19,0.0
양천구,2023-04-20,0.0
양천구,2023-04-21,0.0
양천구,2023-04-22,0.0
양천구,2023-04-23,0.0
양천구,2023-04-24,0.0
양천구,2023-04-25,0.0
양천구,2023-04-26,0.0
양천구,2023-04-27,0.0
양천구,2023-04-28,3.5
양천구,2023-04-29,40.0
양천구,2023-04-30,1.0
양천구,2023-05-01,0.0
양천구,2023-05-02,0.0
양천구,2023-05-03,0.0
양천구,2023-05-04,0.0
양천구,2023-05-05,50.5
양천구,2023-05-06,85.0
양천구,2023-05-07,0.0
양천구,2023-05-08,0.0
양천구,2023-05-09,0.0
양천구,2023-05-10,0.0
양천구,2023-05-11,0.0
양천구,2023-05-12,0.0
양천구,2023-05-13,0.0
양천구,2023-05-14,0.0
양천구,2023-05-15,0.0
양천구,2023-05-16,0.0
양천구,2023-05-17,7.0
양천구,2023-05-18,0.0
양천구,2023-05-19,0.0
양천구,2023-05-20,0.0
양천구,2023-05-21,0.0
양천구,2023-05-22,0.0
양천구,2023-05-23,0.0
양천구,2023-05-24,0.0
양천구,2023-05-25,0.0
양천구,2023-05-26,1.0
양천구,2023-05-27,67.5
양천구,2023-05-28,102.0
양천구,2023-05-29,11.5
양천구,2023-05-30,0.0
양천구,2023-05-31,0.0
양천구,2023-06-01,0.0
양천구,2023-06-02,0.0
양천구,2023-06-03,0.0
양천구,2023-06-04,0.0
양천구,2023-06-05,0.0
양천구,2023-06-06,0.5
양천구,2023-06-07,0.0
양천구,2023-06-08,4.0
양천구,2023-06-09,1.0
양천구,2023-06-10,5.5
양천구,2023-06-11,56.0
양천구,2023-06-12,0.0
양천구,2023-06-13,0.0
양천구,2023-06-14,1.0
양천구,2023-06-15,0.0
양천구,2023-06-16,0.0
양천구,2023-06-17,0.0
양천구,2023-06-18,0.0
양천구,2023-06-19,0.0
양천구,2023-06-20,31.5
양천구,2023-06-21,90.5
양천구,2023-06-22,0.0
양천구,2023-06-23,0.0
양천구,2023-06-24,0.0
양천구,2023-06-25,0.0
양천구,2023-06-26,44.5
양천구,2023-06-27,4.0
양천구,2023-06-28,0.0
양천구,2023-06-29,91.0
양천구,2023-06-30,3.5
영등포구,2023-01-02,0.0
영등포구,2023-01-03,0.0
영등포구,2023-01-04,0.0
영등포구,2023-01-05,0.0
영등포구,2023-01-06,5.5
영등포구,2023-01-07,0.5
영등포구,2023-01-08,0.0
영등포구,2023-01-09,0.0
영등포구,2023-01-10,0.0
영등포구,2023-01-11,0.0
영등포구,2023-01-12,0.0
영등포구,2023-01-13,60.0
영등포구,2023-01-14,4.5
영등포구,2023-01-15,5.0
영등포구,2023-01-16,0.5
영등포구,2023-01-17,0.0
영등포구,2023-01-18,0.0
영등포구,2023-01-19,1.0
영등포구,2023-01-20,1.5
영등포구,2023-01-21,0.0
영등포구,2023-01-22,0.0
영등포구,2023-01-23,0.0
영등포구,2023-01-24,0.0
영등포구,2023-01-25,0.0
영등포구,2023-01-26,0.0
영등포구,2023-01-27,0.0
영등포구,2023-01-28,0.0
영등포구,2023-01-29,0.0
영등포구,2023-01-30,0.0
영등포구,2023-01-31,0.0
영등포구,2023-02-01,0.0
영등포구,2023-02-02,0.0
영등포구,2023-02-03,0.0
영등포구,2023-02-04,0.0
영등포구,2023-02-05,0.0
영등포구,2023-02-06,0.0
영등포구,2023-02-07,0.0
영등포구,2023-02-08,0.0
영등포구,2023-02-09,0.0
영등포구,2023-02-10,1.5
영등포구,2023-02-11,0.0
영등포구,2023-02-12,0.0
영등포구,2023-02-13,0.0
영등포구,2023-02-14,0.0
영등포구,2023-02-15,0.0
영등포구,2023-02-16,0.0
영등포구,2023-02-17,0.0
영등포구,2023-02-18,0.0
영등포구,2023-02-19,1.0
영등포구,2023-02-20,0.0
영등포구,2023-02-21,0.0
영등포구,2023-02-22,0.0
영등포구,2023-02-23,0.0
영등포구,2023-02-24,0.0
영등포구,2023-02-25,0.0
영등포구,2023-02-26,0.0
영등포구,2023-02-27,0.0
영등포구,2023-02-28,0.0
영등포구,2023-03-01,0.0
영등포구,2023-03-02,0.0
영등포구,2023-03-03,0.0
영등포구,2023-03-04,0.0
영등포구,2023-03-05,0.0
영등포구,2023-03-06,0.0
영등포구,2023-03-07,0.0
영등포구,2023-03-08,3.0
영등포구,2023-03-09,7.5
영등포구,2023-03-10,0.0
영등포구,2023-03-11,0.0
영등포구,2023-03-12,11.0
영등포구,2023-03-13,0.0
영등포구,2023-03-14,0.0
영등포구,2023-03-15,0.0
영등포구,2023-03-16,0.0
영등포구,2023-03-17,0.0
영등포구,2023-03-18,0.0
영등포구,2023-03-19,0.0
영등포구,2023-03-20,0.0
영등포구,2023-03-21,0.0
영등포구,2023-03-22,0.0
영등포구,2023-03-23,0.0
영등포구,2023-03-24,0.0
영등포구,2023-03-25,0.0
영등포구,2023-03-26,0.0
영등포구,2023-03-27,0.0
영등포구,2023-03-28,0.0
영등포구,2023-03-29,0.0
영등포구,2023-03-30,0.5
영등포구,2023-03-31,0.0
영등포구,2023-04-01,0.0
영등포구,2023-04-02,0.0
영등포구,2023-04-03,0.0
영등포구,2023-04-04,10.5
영등포구,2023-04-05,66.5
영등포구,2023-04-06,4.0
영등포구,2023-04-07,0.0
영등포구,2023-04-08,0.0
영등포구,2023-04-09,0.0
영등포구,2023-04-10,0.0
영등포구,2023-04-11,1.5
영등포구,2023-04-12,0.0
영등포구,2023-04-13,0.0
영등포구,2023-04-14,0.0
영등포구,2023-04-15,5.0
영등포구,2023-04-16,0.0
영등포구,2023-04-17,0.0
영등포구,2023-04-18,1.0
영등포구,2023-04-19,0.0
영등포구,2023-04-20,0.0
영등포구,2023-04-21,0.0
영등포구,2023-04-22,0.0
영등포구,2023-04-23,0.0
영등포구,2023-04-24,0.0
영등포구,2023-04-25,0.0
영등포구,2023-04-26,0.0
영등포구,2023-04-27,0.0
영등포구,2023-04-28,2.0
영등포구,2023-04-29,44.5
영등포구,2023-04-30,1.0
영등포구,2023-05-01,0.5
영등포구,2023-05-02,0.0
영등포구,2023-05-03,0.0
영등포구,2023-05-04,0.0
영등포구,2023-05-05,44.0
영등포구,2023-05-06,79.0
영등포구,2023-05-07,0.0
영등포구,2023-05-08,0.0
영등포구,2023-05-09,0.0
영등포구,2023-05-10,0.0
영등포구,2023-05-11,0.0
영등포구,2023-05-12,0.0
영등포구,2023-05-13,0.0
영등포구,2023-05-14,0.0
영등포구,2023-05-15,0.0
영등포구,2023-05-16,0.0
영등포구,2023-05-17,0.0
영등포구,2023-05-18,0.0
영등포구,2023-05-19,0.0
영등포구,2023-05-20,0.0
영등포구,2023-05-21,0.0
영등포구,2023-05-22,0.0
영등포구,2023-05-23,0.0
영등포구,2023-05-24,0.0
영등포구,2023-05-25,0.0
영등포구,2023-05-26,0.5
영등포구,2023-05-27,51.0
영등포구,2023-05-28,84.0
영등포구,2023-05-29,6.5
영등포구,2023-05-30,0.0
영등포구,2023-05-31,0.0
영등포구,2023-06-01,0.0
영등포구,2023-06-02,0.0
영등포구,2023-06-03,0.0
영등포구,2023-06-04,0.0
영등포구,2023-06-05,0.0
영등포구,2023-06-06,0.0
영등포구,2023-06-07,0.0
영등포구,2023-06-08,2.0
영등포구,2023-06-09,0.5
영등포구,2023-06-10,2.0
영등포구,2023-06-11,21.0
영등포구,2023-06-12,0.0
영등포구,2023-06-13,0.0
영등포구,2023-06-14,13.5
영등포구,2023-06-15,0.0
영등포구,2023-06-16,0.0
영등포구,2023-06-17,0.0
영등포구,2023-06-18,0.0
영등포구,2023-06-19,0.0
영등포구,2023-06-20,17.5
영등포구,2023-06-21,42.5
영등포구,2023-06-22,0.0
영등포구,2023-06-23,0.0
영등포구,2023-06-24,0.0
영등포구,2023-06-25,0.0
영등포구,2023-06-26,50.5
영등포구,2023-06-27,3.0
영등포구,2023-06-28,0.0
영등포구,2023-06-29,126.0
영등포구,2023-06-30,4.5
용산구,2023-01-02,0.0
용산구,2023-01-03,0.0
용산구,2023-01-04,0.0
용산구,2023-01-05,0.0
용산구,2023-01-06,1.5
용산구,2023-01-07,4.5
용산구,2023-01-08,0.0
용산구,2023-01-09,0.0
용산구,2023-01-10,0.0
용산구,2023-01-11,0.0
용산구,2023-01-12,0.0
용산구,2023-01-13,52.5
용산구,2023-01-14,4.0
용산구,2023-01-15,7.0
용산구,2023-01-16,0.0
용산구,2023-01-17,0.0
용산구,2023-01-18,0.0
용산구,2023-01-19,2.0
용산구,2023-01-20,0.0
용산구,2023-01-21,0.0
용산구,2023-01-22,0.0
용산구,2023-01-23,0.0
용산구,2023-01-24,0.0
용산구,2023-01-25,0.0
용산구,2023-01-26,0.0
용산구,2023-01-27,0.0
용산구,2023-01-28,0.0
용산구,2023-01-29,0.0
용산구,2023-01-30,0.0
용산구,2023-01-31,0.0
용산구,2023-02-01,0.0
용산구,2023-02-02,0.0
용산구,2023-02-03,0.0
용산구,2023-02-04,0.0
용산구,2023-02-05,0.0
용산구,2023-02-06,0.0
용산구,2023-02-07,0.0
용산구,2023-02-08,0.0
용산구,2023-02-09,0.0
용산구,2023-02-10,1.0
용산구,2023-02-11,0.0
용산구,2023-02-12,0.0
용산구,2023-02-13,0.0
용산구,2023-02-14,0.0
용산구,2023-02-15,0.0
용산구,2023-02-16,0.0
용산구,2023-02-17,0.0
용산구,2023-02-18,0.0
용산구,2023-02-19,1.5
용산구,2023-02-20,0.0
용산구,2023-02-21,0.0
용산구,2023-02-22,0.0
용산구,2023-02-23,0.0
용산구,2023-02-24,0.0
용산구,2023-02-25,0.0
용산구,2023-02-26,0.0
용산구,2023-02-27,0.0
용산구,2023-02-28,0.0
용산구,2023-03-01,0.0
용산구,2023-03-02,0.0
용산구,2023-03-03,0.0
용산구,2023-03-04,0.0
용산구,2023-03-05,0.0
용산구,2023-03-06,0.0
용산구,2023-03-07,0.0
용산구,2023-03-08,1.0
용산구,2023-03-09,6.5
용산구,2023-03-10,0.0
용산구,2023-03-11,0.0
용산구,2023-03-12,10.0
용산구,2023-03-13,0.0
용산구,2023-03-14,0.0
용산구,2023-03-15,0.0
용산구,2023-03-16,0.0
용산구,2023-03-17,0.0
용산구,2023-03-18,0.0
용산구,2023-03-19,0.0
용산구,2023-03-20,0.0
용산구,2023-03-21,0.0
용산구,2023-03-22,0.0
용산구,2023-03-23,0.0
용산구,2023-03-24,0.0
용산구,2023-03-25,0.0
용산구,2023-03-26,0.0
용산구,2023-03-27,0.0
용산구,2023-03-28,0.0
용산구,2023-03-29,0.0
용산구,2023-03-30,0.0
용산구,2023-03-31,0.0
용산구,2023-04-01,0.0
용산구,2023-04-02,0.0
용산구,2023-04-03,0.0
용산구,2023-04-04,11.5
용산구,2023-04-05,80.5
용산구,2023-04-06,4.0
용산구,2023-04-07,0.0
용산구,2023-04-08,0.0
용산구,2023-04-09,0.0
용산구,2023-04-10,0.0
용산구,2023-04-11,2.0
용산구,2023-04-12,0.0
용산구,2023-04-13,0.0
용산구,2023-04-14,0.0
용산구,2023-04-15,5.5
용산구,2023-04-16,0.0
용산구,2023-04-17,0.0
용산구,2023-04-18,1.5
용산구,2023-04-19,0.0
용산구,2023-04-20,0.0
용산구,2023-04-21,0.0
용산구,2023-04-22,0.0
용산구,2023-04-23,0.0
용산구,2023-04-24,0.0
용산구,2023-04-25,1.0
용산구,2023-04-26,0.0
용산구,2023-04-27,0.0
용산구,2023-04-28,3.0
용산구,2023-04-29,55.0
용산구,2023-04-30,1.5
용산구,2023-05-01,0.0
용산구,2023-05-02,0.0
용산구,2023-05-03,0.0
용산구,2023-05-04,0.0
용산구,2023-05-05,44.0
용산구,2023-05-06,87.5
용산구,2023-05-07,0.0
용산구,2023-05-08,0.0
용산구,2023-05-09,0.0
용산구,2023-05-10,0.0
용산구,2023-05-11,0.0
용산구,2023-05-12,0.0
용산구,2023-05-13,0.0
용산구,2023-05-14,0.0
용산구,2023-05-15,0.0
용산구,2023-05-16,0.0
용산구,2023-05-17,0.0
용산구,2023-05-18,0.0
용산구,2023-05-19,0.0
용산구,2023-05-20,0.0
용산구,2023-05-21,0.0
용산구,2023-05-22,0.5
용산구,2023-05-23,0.0
용산구,2023-05-24,0.0
용산구,2023-05-25,0.0
용산구,2023-05-26,0.5
용산구,2023-05-27,68.0
용산구,2023-05-28,81.5
용산구,2023-05-29,7.0
용산구,2023-05-30,0.0
용산구,2023-05-31,0.0
용산구,2023-06-01,0.0
용산구,2023-06-02,0.0
용산구,2023-06-03,0.0
용산구,2023-06-04,0.0
용산구,2023-06-05,0.0
용산구,2023-06-06,0.0
용산구,2023-06-07,0.0
용산구,2023-06-08,0.0
용산구,2023-06-09,2.0
용산구,2023-06-10,1.5
용산구,2023-06-11,19.0
용산구,2023-06-12,0.0
용산구,2023-06-13,0.0
용산구,2023-06-14,2.0
용산구,2023-06-15,0.0
용산구,2023-06-16,0.0
용산구,2023-06-17,0.0
용산구,2023-06-18,0.0
용산구,2023-06-19,0.0
용산구,2023-06-20,21.0
용산구,2023-06-21,40.5
용산구,2023-06-22,0.0
용산구,2023-06-23,0.0
용산구,2023-06-24,0.0
용산구,2023-06-25,0.0
용산구,2023-06-26,57.0
용산구,2023-06-27,2.5
용산구,2023-06-28,0.0
용산구,2023-06-29,121.0
용산구,2023-06-30,1.0
은평구,2023-01-02,0.0
은평구,2023-01-03,0.0
은평구,2023-01-04,0.0
은평구,2023-01-05,0.0
은평구,2023-01-06,6.5
은평구,2023-01-07,0.0
은평구,2023-01-08,0.0
은평구,2023-01-09,0.0
은평구,2023-01-10,0.0
은평구,2023-01-11,0.0
은평구,2023-01-12,0.0
은평구,2023-01-13,97.0
은평구,2023-01-14,5.5
은평구,2023-01-15,7.5
은평구,2023-01-16,0.5
은평구,2023-01-17,0.0
은평구,2023-01-18,0.0
은평구,2023-01-19,2.5
은평구,2023-01-20,0.0
은평구,2023-01-21,0.0
은평구,2023-01-22,0.0
은평구,2023-01-23,0.0
은평구,2023-01-24,0.0
은평구,2023-01-25,0.0
은평구,2023-01-26,0.5
은평구,2023-01-27,0.0
은평구,2023-01-28,0.0
은평구,2023-01-29,0.0
은평구,2023-01-30,0.0
은평구,2023-01-31,0.0
은평구,2023-02-01,0.0
은평구,2023-02-02,0.0
은평구,2023-02-03,0.0
은평구,2023-02-04,0.0
은평구,2023-02-05,0.0
은평구,2023-02-06,0.0
은평구,2023-02-07,0.0
은평구,2023-02-08,0.0
은평구,2023-02-09,0.0
은평구,2023-02-10,1.5
은평구,2023-02-11,0.0
은평구,2023-02-12,0.0
은평구,2023-02-13,0.0
은평구,2023-02-14,0.0
은평구,2023-02-15,0.0
은평구,2023-02-16,0.0
은평구,2023-02-17,0.0
은평구,2023-02-18,0.0
은평구,2023-02-19,0.0
은평구,2023-02-20,0.0
은평구,2023-02-21,0.0
은평구,2023-02-22,0.0
은평구,2023-02-23,0.0
은평구,2023-02-24,0.0
은평구,2023-02-25,0.0
은평구,2023-02-26,0.0
은평구,2023-02-27,0.0
은평구,2023-02-28,0.0
은평구,2023-03-01,0.0
은평구,2023-03-02,0.0
은평구,2023-03-03,0.0
은평구,2023-03-04,0.0
은평구,2023-03-05,0.0
은평구,2023-03-06,0.0
은평구,2023-03-07,0.0
은평구,2023-03-08,6.0
은평구,2023-03-09,10.0
은평구,2023-03-10,0.0
은평구,2023-03-11,0.0
은평구,2023-03-12,16.0
은평구,2023-03-13,0.0
은평구,2023-03-14,0.0
은평구,2023-03-15,0.0
은평구,2023-03-16,0.0
은평구,2023-03-17,0.0
은평구,2023-03-18,0.0
은평구,2023-03-19,0.0
은평구,2023-03-20,0.0
은평구,2023-03-21,0.0
은평구,2023-03-22,0.0
은평구,2023-03-23,0.0
은평구,2023-03-24,2.0
은평구,2023-03-25,0.0
은평구,2023-03-26,0.0
은평구,2023-03-27,0.0
은평구,2023-03-28,0.0
은평구,2023-03-29,0.0
은평구,2023-03-30,0.0
은평구,2023-03-31,0.0
은평구,2023-04-01,0.0
은평구,2023-04-02,0.0
은평구,2023-04-03,0.0
은평구,2023-04-04,19.0
은평구,2023-04-05,131.0
은평구,2023-04-06,7.0
은평구,2023-04-07,0.0
은평구,2023-04-08,0.0
은평구,2023-04-09,0.0
은평구,2023-04-10,0.0
은평구,2023-04-11,4.5
은평구,2023-04-12,0.0
은평구,2023-04-13,0.0
은평구,2023-04-14,0.0
은평구,2023-04-15,11.5
은평구,2023-04-16,0.0
은평구,2023-04-17,0.0
은평구,2023-04-18,1.0
은평구,2023-04-19,0.0
은평구,2023-04-20,1.0
은평구,2023-04-21,0.5
은평구,2023-04-22,0.0
은평구,2023-04-23,0.0
은평구,2023-04-24,0.0
은평구,2023-04-25,1.0
은평구,2023-04-26,0.0
은평구,2023-04-27,0.0
은평구,2023-04-28,6.0
은평구,2023-04-29,59.0
은평구,2023-04-30,0.0
은평구,2023-05-01,0.0
은평구,2023-05-02,0.0
은평구,2023-05-03,0.0
은평구,2023-05-04,0.0
은평구,2023-05-05,63.0
은평구,2023-05-06,100.0
은평구,2023-05-07,0.0
은평구,2023-05-08,0.0
은평구,2023-05-09,0.0
은평구,2023-05-10,0.0
은평구,2023-05-11,0.0
은평구,2023-05-12,0.0
은평구,2023-05-13,0.0
은평구,2023-05-14,0.0
은평구,2023-05-15,0.0
은평구,2023-05-16,0.0
은평구,2023-05-17,0.0
은평구,2023-05-18,2.5
은평구,2023-05-19,0.0
은평구,2023-05-22,0.0
은평구,2023-05-23,0.0
은평구,2023-05-24,0.0
은평구,2023-05-25,0.0
은평구,2023-05-26,1.0
은평구,2023-05-27,83.5
은평구,2023-05-28,105.5
은평구,2023-05-29,8.0
은평구,2023-05-30,0.0
은평구,2023-05-31,0.0
은평구,2023-06-01,0.0
은평구,2023-06-02,0.0
은평구,2023-06-03,0.0
은평구,2023-06-04,0.0
은평구,2023-06-05,0.0
은평구,2023-06-06,0.0
은평구,2023-06-07,0.0
은평구,2023-06-08,58.5
은평구,2023-06-09,12.0
은평구,2023-06-10,32.5
은평구,2023-06-11,51.0
은평구,2023-06-12,0.0
은평구,2023-06-13,0.0
은평구,2023-06-14,13.0
은평구,2023-06-15,0.0
은평구,2023-06-16,0.0
은평구,2023-06-17,0.0
은평구,2023-06-18,0.0
은평구,2023-06-19,0.0
은평구,2023-06-20,21.0
은평구,2023-06-21,82.5
은평구,2023-06-22,0.0
은평구,2023-06-23,0.0
은평구,2023-06-24,0.0
은평구,2023-06-25,0.0
은평구,2023-06-26,54.5
은평구,2023-06-27,5.5
은평구,2023-06-28,0.0
은평구,2023-06-29,114.5
은평구,2023-06-30,3.5
종로구,2023-01-01,0.0
종로구,2023-01-02,0.0
종로구,2023-01-03,0.0
종로구,2023-01-04,0.0
종로구,2023-01-05,0.0
종로구,2023-01-06,0.5
종로구,2023-01-07,6.0
종로구,2023-01-08,0.0
종로구,2023-01-09,0.0
종로구,2023-01-10,0.0
종로구,2023-01-11,0.0
종로구,2023-01-12,0.0
종로구,2023-01-13,68.0
종로구,2023-01-14,2.5
종로구,2023-01-15,5.5
종로구,2023-01-16,0.0
종로구,2023-01-17,0.0
종로구,2023-01-18,0.0
종로구,2023-01-19,1.5
종로구,2023-01-20,0.0
종로구,2023-01-21,0.0
종로구,2023-01-22,0.0
종로구,2023-01-23,0.0
종로구,2023-01-24,0.0
종로구,2023-01-25,0.0
종로구,2023-01-26,0.0
종로구,2023-01-27,0.0
종로구,2023-01-28,0.0
종로구,2023-01-29,0.0
종로구,2023-01-30,0.0
종로구,2023-01-31,0.0
종로구,2023-02-01,0.0
종로구,2023-02-02,0.0
종로구,2023-02-03,0.0
종로구,2023-02-04,0.0
종로구,2023-02-05,0.0
종로구,2023-02-06,0.0
종로구,2023-02-07,0.0
종로구,2023-02-08,0.0
종로구,2023-02-09,0.0
종로구,2023-02-10,0.5
종로구,2023-02-11,0.0
종로구,2023-02-12,0.0
종로구,2023-02-13,0.0
종로구,2023-02-14,0.0
종로구,2023-02-15,0.0
종로구,2023-02-16,0.0
종로구,2023-02-17,0.0
종로구,2023-02-18,0.0
종로구,2023-02-19,1.0
종로구,2023-02-20,0.0
종로구,2023-02-21,0.0
종로구,2023-02-22,0.0
종로구,2023-02-23,0.0
종로구,2023-02-24,0.0
종로구,2023-02-25,0.0
종로구,2023-02-26,0.0
종로구,2023-02-27,0.0
종로구,2023-02-28,0.0
종로구,2023-03-01,0.0
종로구,2023-03-02,0.0
종로구,2023-03-03,0.0
종로구,2023-03-04,0.0
종로구,2023-03-05,0.0
종로구,2023-03-06,0.0
종로구,2023-03-07,0.0
종로구,2023-03-08,2.0
종로구,2023-03-09,8.0
종로구,2023-03-10,0.0
종로구,2023-03-11,0.0
종로구,2023-03-12,12.0
종로구,2023-03-13,0.0
종로구,2023-03-14,0.0
종로구,2023-03-15,0.0
종로구,2023-03-16,0.0
종로구,2023-03-17,0.0
종로구,2023-03-18,0.0
종로구,2023-03-19,0.0
종로구,2023-03-20,0.0
종로구,2023-03-21,0.0
종로구,2023-03-22,0.0
종로구,2023-03-23,0.0
종로구,2023-03-24,0.0
종로구,2023-03-25,0.0
종로구,2023-03-26,0.0
종로구,2023-03-27,0.0
종로구,2023-03-28,0.0
종로구,2023-03-29,0.0
종로구,2023-03-30,0.0
종로구,2023-03-31,0.0
종로구,2023-04-01,0.0
종로구,2023-04-02,0.0
종로구,2023-04-03,0.0
종로구,2023-04-04,13.5
종로구,2023-04-05,99.0
종로구,2023-04-06,5.5
종로구,2023-04-07,0.0
종로구,2023-04-08,0.0
종로구,2023-04-09,0.0
종로구,2023-04-10,0.0
종로구,2023-04-11,5.0
종로구,2023-04-12,0.0
종로구,2023-04-13,0.0
종로구,2023-04-14,0.0
종로구,2023-04-15,7.5
종로구,2023-04-16,0.0
종로구,2023-04-17,0.0
종로구,2023-04-18,2.0
종로구,2023-04-19,0.0
종로구,2023-04-20,1.0
종로구,2023-04-21,0.0
종로구,2023-04-22,0.0
종로구,2023-04-23,0.0
종로구,2023-04-24,0.0
종로구,2023-04-25,1.0
종로구,2023-04-26,0.0
종로구,2023-04-27,0.0
종로구,2023-04-28,3.5
종로구,2023-04-29,50.0
종로구,2023-04-30,0.5
종로구,2023-05-01,0.0
종로구,2023-05-02,0.0
종로구,2023-05-03,0.0
종로구,2023-05-04,0.0
종로구,2023-05-05,62.0
종로구,2023-05-06,93.5
종로구,2023-05-07,0.0
종로구,2023-05-08,0.0
종로구,2023-05-09,0.0
종로구,2023-05-10,0.0
종로구,2023-05-11,0.0
종로구,2023-05-12,0.0
종로구,2023-05-13,0.0
종로구,2023-05-14,0.0
종로구,2023-05-15,0.0
종로구,2023-05-16,0.0
종로구,2023-05-17,0.0
종로구,2023-05-18,0.0
종로구,2023-05-19,0.0
종로구,2023-05-20,0.0
종로구,2023-05-21,0.0
종로구,2023-05-22,0.0
종로구,2023-05-23,0.0
종로구,2023-05-24,0.0
종로구,2023-05-25,0.0
종로구,2023-05-26,0.0
종로구,2023-05-27,61.5
종로구,2023-05-28,82.5
종로구,2023-05-29,4.5
종로구,2023-05-30,0.0
종로구,2023-05-31,0.0
종로구,2023-06-01,0.0
종로구,2023-06-02,0.0
종로구,2023-06-03,0.0
종로구,2023-06-04,0.0
종로구,2023-06-05,0.0
종로구,2023-06-06,0.0
종로구,2023-06-07,0.0
종로구,2023-06-08,18.0
종로구,2023-06-09,4.5
종로구,2023-06-10,4.0
종로구,2023-06-11,59.0
종로구,2023-06-12,0.0
종로구,2023-06-13,0.0
종로구,2023-06-14,32.5
종로구,2023-06-15,0.0
종로구,2023-06-16,0.0
종로구,2023-06-17,0.0
종로구,2023-06-18,0.0
종로구,2023-06-19,0.0
종로구,2023-06-20,13.5
종로구,2023-06-21,50.0
종로구,2023-06-22,0.0
종로구,2023-06-23,0.0
종로구,2023-06-24,0.0
종로구,2023-06-25,0.0
종로구,2023-06-26,58.0
종로구,2023-06-27,5.0
종로구,2023-06-28,0.0
종로구,2023-06-29,116.5
종로구,2023-06-30,2.0
중구,2023-01-01,0.0
중구,2023-01-02,0.0
중구,2023-01-03,0.0
중구,2023-01-04,0.0
중구,2023-01-05,0.0
중구,2023-01-06,0.5
중구,2023-01-07,6.0
중구,2023-01-08,0.0
중구,2023-01-09,0.0
중구,2023-01-10,0.0
중구,2023-01-11,0.0
중구,2023-01-12,0.0
중구,2023-01-13,62.5
중구,2023-01-14,4.0
중구,2023-01-15,7.0
중구,2023-01-16,0.0
중구,2023-01-17,0.0
중구,2023-01-18,0.0
중구,2023-01-19,2.5
중구,2023-01-20,0.5
중구,2023-01-21,0.0
중구,2023-01-22,0.0
중구,2023-01-23,0.0
중구,2023-01-24,0.0
중구,2023-01-25,0.0
중구,2023-01-26,0.0
중구,2023-01-27,0.0
중구,2023-01-28,0.0
중구,2023-01-29,0.0
중구,2023-01-30,0.0
중구,2023-01-31,0.0
중구,2023-02-01,0.0
중구,2023-02-02,0.0
중구,2023-02-03,0.0
중구,2023-02-04,0.0
중구,2023-02-05,0.0
중구,2023-02-06,0.0
중구,2023-02-07,0.0
중구,2023-02-08,0.0
중구,2023-02-09,0.0
중구,2023-02-10,1.0
중구,2023-02-11,0.0
중구,2023-02-12,0.0
중구,2023-02-13,0.0
중구,2023-02-14,0.0
중구,2023-02-15,0.0
중구,2023-02-16,0.0
중구,2023-02-17,0.0
중구,2023-02-18,0.0
중구,2023-02-19,0.5
중구,2023-02-20,0.0
중구,2023-02-21,0.0
중구,2023-02-22,0.0
중구,2023-02-23,0.0
중구,2023-02-24,0.0
중구,2023-02-25,0.0
중구,2023-02-26,0.0
중구,2023-02-27,0.0
중구,2023-02-28,0.0
중구,2023-03-01,0.0
중구,2023-03-02,0.0
중구,2023-03-03,0.0
중구,2023-03-04,0.0
중구,2023-03-05,0.0
중구,2023-03-06,0.0
중구,2023-03-07,0.0
중구,2023-03-08,1.5
중구,2023-03-09,7.5
중구,2023-03-10,0.0
중구,2023-03-11,0.0
중구,2023-03-12,9.5
중구,2023-03-13,0.0
중구,2023-03-14,0.0
중구,2023-03-15,0.0
중구,2023-03-16,0.0
중구,2023-03-17,0.0
중구,2023-03-18,0.0
중구,2023-03-19,0.0
중구,2023-03-20,0.0
중구,2023-03-21,0.0
중구,2023-03-22,0.0
중구,2023-03-23,0.0
중구,2023-03-24,0.0
중구,2023-03-25,0.0
중구,2023-03-26,0.0
중구,2023-03-27,0.0
중구,2023-03-28,0.0
중구,2023-03-29,0.0
중구,2023-03-30,0.0
중구,2023-03-31,0.0
중구,2023-04-01,0.0
중구,2023-04-02,0.0
중구,2023-04-03,0.0
중구,2023-04-04,13.0
중구,2023-04-05,93.0
중구,2023-04-06,5.0
중구,2023-04-07,0.0
중구,2023-04-08,0.0
중구,2023-04-09,0.0
중구,2023-04-10,0.0
중구,2023-04-11,5.0
중구,2023-04-12,0.0
중구,2023-04-13,0.0
중구,2023-04-14,0.0
중구,2023-04-15,9.0
중구,2023-04-16,0.0
중구,2023-04-17,0.0
중구,2023-04-18,2.0
중구,2023-04-19,0.0
중구,2023-04-20,1.0
중구,2023-04-21,0.0
중구,2023-04-22,0.0
중구,2023-04-23,0.0
중구,2023-04-24,0.0
중구,2023-04-25,1.0
중구,2023-04-26,0.0
중구,2023-04-27,0.0
중구,2023-04-28,3.5
중구,2023-04-29,49.0
중구,2023-04-30,0.0
중구,2023-05-01,0.0
중구,2023-05-02,0.0
중구,2023-05-03,0.0
중구,2023-05-04,0.0
중구,2023-05-05,50.5
중구,2023-05-06,101.0
중구,2023-05-07,0.0
중구,2023-05-08,0.0
중구,2023-05-09,0.0
중구,2023-05-10,0.0
중구,2023-05-11,0.0
중구,2023-05-12,0.0
중구,2023-05-13,0.0
중구,2023-05-14,0.0
중구,2023-05-15,0.0
중구,2023-05-16,2.5
중구,2023-05-17,0.0
중구,2023-05-18,1.5
중구,2023-05-19,0.0
중구,2023-05-20,0.0
중구,2023-05-21,0.5
중구,2023-05-22,0.0
중구,2023-05-23,0.0
중구,2023-05-24,0.0
중구,2023-05-25,0.0
중구,2023-05-26,0.0
중구,2023-05-27,65.5
중구,2023-05-28,81.0
중구,2023-05-29,5.5
중구,2023-05-30,0.0
중구,2023-05-31,0.0
중구,2023-06-01,0.0
중구,2023-06-02,0.0
중구,2023-06-03,0.0
중구,2023-06-04,0.0
중구,2023-06-05,0.0
중구,2023-06-06,0.0
중구,2023-06-07,0.0
중구,2023-06-08,2.5
중구,2023-06-09,1.5
중구,2023-06-10,4.5
중구,2023-06-11,43.5
중구,2023-06-12,0.0
중구,2023-06-13,0.0
중구,2023-06-14,18.5
중구,2023-06-15,0.0
중구,2023-06-16,0.0
중구,2023-06-17,0.0
중구,2023-06-18,0.0
중구,2023-06-19,0.0
중구,2023-06-20,14.5
중구,2023-06-21,47.0
중구,2023-06-22,0.0
중구,2023-06-23,0.0
중구,2023-06-24,0.0
중구,2023-06-25,0.0
중구,2023-06-26,57.0
중구,2023-06-27,3.0
중구,2023-06-28,0.0
중구,2023-06-29,114.0
중구,2023-06-30,2.0
중랑구,2023-01-02,0.0
중랑구,2023-01-03,0.0
중랑구,2023-01-04,0.0
중랑구,2023-01-05,0.0
중랑구,2023-01-06,0.5
중랑구,2023-01-07,6.5
중랑구,2023-01-08,0.0
중랑구,2023-01-09,0.0
중랑구,2023-01-10,0.0
중랑구,2023-01-11,0.0
중랑구,2023-01-12,0.0
중랑구,2023-01-13,68.0
중랑구,2023-01-14,3.0
중랑구,2023-01-15,8.5
중랑구,2023-01-16,0.0
중랑구,2023-01-17,0.0
중랑구,2023-01-18,0.0
중랑구,2023-01-19,1.5
중랑구,2023-01-20,1.0
중랑구,2023-01-21,0.0
중랑구,2023-01-22,0.0
중랑구,2023-01-23,0.0
중랑구,2023-01-24,0.0
중랑구,2023-01-25,0.0
중랑구,2023-01-26,0.0
중랑구,2023-01-27,0.0
중랑구,2023-01-28,0.0
중랑구,2023-01-29,0.0
중랑구,2023-01-30,0.0
중랑구,2023-01-31,0.0
중랑구,2023-02-01,0.0
중랑구,2023-02-02,0.0
중랑구,2023-02-03,0.0
중랑구,2023-02-04,0.0
중랑구,2023-02-05,0.0
중랑구,2023-02-06,0.0
중랑구,2023-02-07,0.0
중랑구,2023-02-08,0.0
중랑구,2023-02-09,0.0
중랑구,2023-02-10,1.0
중랑구,2023-02-11,0.0
중랑구,2023-02-12,0.0
중랑구,2023-02-13,0.0
중랑구,2023-02-14,0.0
중랑구,2023-02-15,0.0
중랑구,2023-02-16,0.0
중랑구,2023-02-17,0.0
중랑구,2023-02-18,0.0
중랑구,2023-02-19,0.0
중랑구,2023-02-20,0.0
중랑구,2023-02-21,0.0
중랑구,2023-02-22,0.0
중랑구,2023-02-23,0.0
중랑구,2023-02-24,0.0
중랑구,2023-02-25,0.0
중랑구,2023-02-26,0.0
중랑구,2023-02-27,0.0
중랑구,2023-02-28,0.0
중랑구,2023-03-01,0.0
중랑구,2023-03-02,0.0
중랑구,2023-03-03,0.0
중랑구,2023-03-04,0.0
중랑구,2023-03-05,0.0
중랑구,2023-03-06,0.0
중랑구,2023-03-07,0.0
중랑구,2023-03-08,0.0
중랑구,2023-03-09,3.0
중랑구,2023-03-10,0.0
중랑구,2023-03-11,0.0
중랑구,2023-03-12,4.5
중랑구,2023-03-13,0.0
중랑구,2023-03-14,0.0
중랑구,2023-03-15,0.0
중랑구,2023-03-16,0.0
중랑구,2023-03-17,0.0
중랑구,2023-03-18,0.0
중랑구,2023-03-19,0.0
중랑구,2023-03-20,0.0
중랑구,2023-03-21,0.0
중랑구,2023-03-22,0.0
중랑구,2023-03-23,0.0
중랑구,2023-03-24,0.0
중랑구,2023-03-25,0.0
중랑구,2023-03-26,0.0
중랑구,2023-03-27,0.0
중랑구,2023-03-28,0.0
중랑구,2023-03-29,0.0
중랑구,2023-03-30,0.0
중랑구,2023-03-31,0.0
중랑구,2023-04-01,0.0
중랑구,2023-04-02,0.0
중랑구,2023-04-03,0.0
중랑구,2023-04-04,10.5
중랑구,2023-04-05,55.5
중랑구,2023-04-06,2.5
중랑구,2023-04-07,0.0
중랑구,2023-04-08,0.0
중랑구,2023-04-09,0.0
중랑구,2023-04-10,0.0
중랑구,2023-04-11,4.0
중랑구,2023-04-12,0.0
중랑구,2023-04-13,0.0
중랑구,2023-04-14,0.0
중랑구,2023-04-15,4.5
중랑구,2023-04-16,0.0
중랑구,2023-04-17,0.0
중랑구,2023-04-18,1.0
중랑구,2023-04-19,0.0
중랑구,2023-04-20,0.0
중랑구,2023-04-21,0.0
중랑구,2023-04-22,0.0
중랑구,2023-04-23,0.0
중랑구,2023-04-24,0.0
중랑구,2023-04-25,1.0
중랑구,2023-04-26,0.0
중랑구,2023-04-27,0.0
중랑구,2023-04-28,4.5
중랑구,2023-04-29,52.5
중랑구,2023-04-30,1.0
중랑구,2023-05-01,0.0
중랑구,2023-05-02,0.0
중랑구,2023-05-03,0.0
중랑구,2023-05-04,0.0
중랑구,2023-05-05,55.0
중랑구,2023-05-06,81.5
중랑구,2023-05-07,0.0
중랑구,2023-05-08,0.0
중랑구,2023-05-09,0.0
중랑구,2023-05-10,0.0
중랑구,2023-05-11,0.0
중랑구,2023-05-12,0.0
중랑구,2023-05-13,0.0
중랑구,2023-05-14,0.0
중랑구,2023-05-15,0.0
중랑구,2023-05-16,0.0
중랑구,2023-05-17,0.0
중랑구,2023-05-18,0.0
중랑구,2023-05-19,0.0
중랑구,2023-05-20,0.0
중랑구,2023-05-21,0.0
중랑구,2023-05-22,0.0
중랑구,2023-05-23,0.0
중랑구,2023-05-24,0.0
중랑구,2023-05-25,0.0
중랑구,2023-05-26,0.0
중랑구,2023-05-27,58.5
중랑구,2023-05-28,81.0
중랑구,2023-05-29,6.0
중랑구,2023-05-30,0.0
중랑구,2023-05-31,0.0
중랑구,2023-06-01,0.0
중랑구,2023-06-02,0.0
중랑구,2023-06-03,0.0
중랑구,2023-06-04,0.0
중랑구,2023-06-05,0.0
중랑구,2023-06-06,0.0
중랑구,2023-06-07,0.0
중랑구,2023-06-08,19.5
중랑구,2023-06-09,5.0
중랑구,2023-06-10,2.5
중랑구,2023-06-11,25.5
중랑구,2023-06-12,0.0
중랑구,2023-06-13,0.0
중랑구,2023-06-14,12.0
중랑구,2023-06-15,0.0
중랑구,2023-06-16,0.0
중랑구,2023-06-17,0.0
중랑구,2023-06-18,0.0
중랑구,2023-06-19,0.0
중랑구,2023-06-20,12.5
중랑구,2023-06-21,59.0
중랑구,2023-06-22,0.5
중랑구,2023-06-23,0.0
중랑구,2023-06-24,0.0
중랑구,2023-06-26,65.0
중랑구,2023-06-27,2.0
중랑구,2023-06-28,0.0
중랑구,2023-06-29,133.5
중랑구,2023-06-30,0.0
