date,name,PM10,PM2.5,O3,NO2,CO,SO2
2023-02-12,평균,70,57,0.0185,0.0333,0.76,0.0028
2023-02-12,강남구,70,51,0.017,0.0379,0.73,0.0032
2023-02-12,강동구,74,56,0.0167,0.0241,0.62,0.0023
2023-02-12,강북구,76,62,0.0251,0.0232,0.78,0.0021
2023-02-12,강서구,74,56,0.0184,0.0354,0.83,0.0038
2023-02-12,관악구,74,52,0.0132,0.0425,0.89,0.0027
2023-02-12,광진구,63,55,0.0178,0.0275,0.66,0.0032
2023-02-12,구로구,75,59,0.0155,0.0331,0.74,0.0029
2023-02-12,금천구,71,63,0.0158,0.0424,0.83,0.0029
2023-02-12,노원구,75,64,0.0194,0.0324,0.8,0.0028
2023-02-12,도봉구,67,56,0.0259,0.0241,0.75,0.0026
2023-02-12,동대문구,68,57,0.0204,0.0323,0.75,0.0033
2023-02-12,동작구,73,65,0.0155,0.041,0.78,0.0026
2023-02-12,마포구,62,56,0.0158,0.037,0.81,0.003
2023-02-12,서대문구,68,58,0.0224,0.0321,,
2023-02-12,서초구,66,59,0.0156,0.0357,0.74,0.0025
2023-02-12,성동구,72,49,0.0175,0.0297,0.57,0.0023
2023-02-12,성북구,70,55,0.0207,0.0326,0.77,0.0027
2023-02-12,송파구,64,51,0.017,0.0349,0.79,0.0025
2023-02-12,양천구,75,66,0.0151,0.0336,0.8,0.0033
2023-02-12,영등포구,69,57,0.0159,0.0379,0.83,0.0028
2023-02-12,용산구,63,54,0.0191,0.0347,0.81,0.0029
2023-02-12,은평구,68,57,0.019,0.0334,0.74,0.0017
2023-02-12,종로구,68,58,0.0214,0.0315,0.77,0.0029
2023-02-12,중구,,,,,,
2023-02-12,중랑구,65,54,0.0237,0.0291,0.66,0.0025
2023-02-11,평균,45,35,0.0125,0.039,0.66,0.0028
2023-02-11,강남구,43,30,0.0135,0.0403,0.59,0.0031
2023-02-11,강동구,47,35,0.0085,0.0318,0.56,0.0023
2023-02-11,강북구,47,37,0.0172,0.03,0.73,0.002
2023-02-11,강서구,51,37,0.0122,0.042,0.72,0.0044
2023-02-11,관악구,53,36,0.0097,0.0456,0.76,0.0029
2023-02-11,광진구,41,34,0.01,0.0341,0.58,0.0033
2023-02-11,구로구,51,39,0.0106,0.0384,0.64,0.003
2023-02-11,금천구,49,43,0.0115,0.0435,0.66,0.003
2023-02-11,노원구,46,38,0.0138,0.0402,0.73,0.0028
2023-02-11,도봉구,42,35,0.0158,0.0331,0.65,0.0026
2023-02-11,동대문구,43,34,0.0148,0.0375,0.65,0.0034
2023-02-11,동작구,49,43,0.0108,0.0442,0.66,0.0025
2023-02-11,마포구,39,33,0.0116,0.0413,0.68,0.0033
2023-02-11,서대문구,45,36,0.0186,0.0382,,
2023-02-11,서초구,44,35,0.0108,0.0417,0.65,0.0026
2023-02-11,성동구,44,29,0.0114,0.0349,0.48,0.0023
2023-02-11,성북구,49,34,0.0112,0.044,0.69,0.0027
2023-02-11,송파구,43,33,0.0076,0.0453,0.73,0.0026
2023-02-11,양천구,50,41,0.009,0.04,0.68,0.0034
2023-02-11,영등포구,44,34,0.0109,0.0435,0.68,0.0029
2023-02-11,용산구,41,34,0.0127,0.0399,0.73,0.0028
2023-02-11,은평구,40,31,0.017,0.0331,0.56,0.0017
2023-02-11,종로구,42,34,0.0161,0.0359,0.67,0.0028
2023-02-11,중구,,,,,,
2023-02-11,중랑구,42,33,0.0146,0.0369,0.6,0.0025
2023-02-10,평균,22,17,0.0253,0.0212,0.41,0.0025
2023-02-10,강남구,23,16,0.0246,0.0253,0.39,0.003
2023-02-10,강동구,23,17,0.0236,0.017,0.35,0.0021
2023-02-10,강북구,24,18,0.0291,0.0149,0.43,0.0019
2023-02-10,강서구,24,18,0.0266,0.0224,0.45,0.003
2023-02-10,관악구,24,16,0.0214,0.0239,0.46,0.0023
2023-02-10,광진구,21,16,0.0269,0.0158,0.36,0.003
2023-02-10,구로구,22,14,0.0219,0.0195,0.37,0.0026
2023-02-10,금천구,22,19,0.0231,0.0337,0.45,0.0026
2023-02-10,노원구,24,19,0.0272,0.0166,0.42,0.0025
2023-02-10,도봉구,20,16,0.032,0.0142,0.39,0.0024
2023-02-10,동대문구,23,17,0.0289,0.0185,0.4,0.003
2023-02-10,동작구,23,18,0.025,0.0241,0.39,0.0021
2023-02-10,마포구,20,15,0.0235,0.024,0.42,0.0028
2023-02-10,서대문구,20,14,0.0277,0.0174,,
2023-02-10,서초구,21,15,0.024,0.0213,0.41,0.0024
2023-02-10,성동구,24,16,0.0262,0.0199,0.3,0.0025
2023-02-10,성북구,23,16,0.0259,0.0225,0.37,0.0025
2023-02-10,송파구,24,18,0.0214,0.0267,0.48,0.0022
2023-02-10,양천구,24,18,0.0208,0.0232,0.43,0.0033
2023-02-10,영등포구,22,15,0.0237,0.0244,0.43,0.0026
2023-02-10,용산구,24,19,0.0238,0.021,0.44,0.0026
2023-02-10,은평구,19,13,0.0246,0.0217,0.38,0.0016
2023-02-10,종로구,21,17,0.0279,0.0187,0.44,0.0024
2023-02-10,중구,,,,,,
2023-02-10,중랑구,22,17,0.027,0.0222,0.38,0.0024
2023-02-09,평균,36,23,0.022,0.0281,0.49,0.0031
2023-02-09,강남구,36,22,0.0206,0.0321,0.47,0.0035
2023-02-09,강동구,37,25,0.0192,0.0232,0.45,0.0026
2023-02-09,강북구,34,23,0.0235,0.0259,0.57,0.0024
2023-02-09,강서구,42,25,0.023,0.0301,0.62,0.0039
2023-02-09,관악구,41,24,0.0178,0.0325,0.59,0.0031
2023-02-09,광진구,32,21,0.0221,0.0233,,0.003
2023-02-09,구로구,39,22,0.0199,0.0268,0.4,0.0032
2023-02-09,금천구,35,26,0.0247,0.0272,0.53,0.0031
2023-02-09,노원구,35,25,0.0247,0.0256,0.54,0.0035
2023-02-09,도봉구,30,20,0.0265,0.0235,0.39,0.0028
2023-02-09,동대문구,36,22,0.022,0.0288,0.54,0.0038
2023-02-09,동작구,40,28,0.0206,0.0334,0.52,0.0028
2023-02-09,마포구,34,24,0.0213,0.0299,0.55,0.0035
2023-02-09,서대문구,30,18,0.0176,0.0328,,
2023-02-09,서초구,40,22,0.0178,0.0336,0.52,0.0028
2023-02-09,성동구,37,20,0.027,0.0221,0.35,0.0031
2023-02-09,성북구,37,23,0.0207,0.0319,0.45,0.0032
2023-02-09,송파구,39,25,0.0218,0.0311,0.55,0.0028
2023-02-09,양천구,39,28,0.0189,0.0285,0.53,0.0033
2023-02-09,영등포구,39,26,0.02,0.0327,0.55,0.0032
2023-02-09,용산구,40,26,0.0204,0.0273,0.45,0.0031
2023-02-09,은평구,29,16,0.0266,0.0246,0.33,0.002
2023-02-09,종로구,33,23,0.0225,0.0281,0.55,0.0032
2023-02-09,중구,,,,,,
2023-02-09,중랑구,33,22,0.0291,0.0205,0.43,0.0029
2023-02-08,평균,67,48,0.0215,0.0305,0.71,0.0032
2023-02-08,강남구,70,47,0.0231,0.0341,0.67,0.0035
2023-02-08,강동구,72,51,0.0156,0.031,0.71,0.003
2023-02-08,강북구,64,48,0.0297,0.019,0.68,0.0025
2023-02-08,강서구,75,48,0.0231,0.0295,0.68,0.0043
2023-02-08,관악구,75,47,0.0156,0.0356,0.78,0.0031
2023-02-08,광진구,64,49,0.0173,0.0335,1.34,0.0035
2023-02-08,구로구,70,46,0.0199,0.027,0.52,0.0036
2023-02-08,금천구,63,51,0.0208,0.0315,0.69,0.0035
2023-02-08,노원구,70,54,0.0236,0.0336,0.72,0.0034
2023-02-08,도봉구,62,45,0.0284,0.0237,0.8,0.003
2023-02-08,동대문구,65,48,0.0238,0.0277,0.7,0.0036
2023-02-08,동작구,66,54,0.023,0.0316,0.62,0.003
2023-02-08,마포구,59,48,0.0197,0.0312,0.69,0.0037
2023-02-08,서대문구,57,40,0.0268,0.0254,,
2023-02-08,서초구,69,50,0.0181,0.0355,0.67,0.0029
2023-02-08,성동구,73,43,0.0211,0.0288,0.52,0.0028
2023-02-08,성북구,66,47,0.017,0.0398,0.91,0.0035
2023-02-08,송파구,68,48,0.0164,0.0385,0.8,0.0031
2023-02-08,양천구,70,55,0.0198,0.0288,0.65,0.0033
2023-02-08,영등포구,64,46,0.0208,0.0332,0.68,0.0035
2023-02-08,용산구,72,51,0.0224,0.0252,0.64,0.0031
2023-02-08,은평구,57,40,0.025,0.0249,0.51,0.0021
2023-02-08,종로구,66,52,0.0246,0.0259,0.71,0.0032
2023-02-08,중구,,,,,,
2023-02-08,중랑구,68,51,0.02,0.0367,0.75,0.0029
2023-02-07,평균,79,60,0.0153,0.0447,0.82,0.0031
2023-02-07,강남구,82,58,0.0138,0.051,0.76,0.0034
2023-02-07,강동구,86,62,0.0102,0.0401,0.72,0.0027
2023-02-07,강북구,73,55,0.0263,0.0281,0.75,0.0024
2023-02-07,강서구,86,60,0.0168,0.0458,0.79,0.004
2023-02-07,관악구,89,60,0.0109,0.0573,1.01,0.0031
2023-02-07,광진구,76,61,0.0096,0.0447,1.04,0.0035
2023-02-07,구로구,88,65,0.0116,0.0444,0.67,0.0033
2023-02-07,금천구,84,69,0.0108,0.0502,0.85,0.0032
2023-02-07,노원구,80,64,0.0118,0.0522,0.91,0.0035
2023-02-07,도봉구,73,55,0.028,0.0303,1.01,0.003
2023-02-07,동대문구,78,61,0.0171,0.0439,0.8,0.0037
2023-02-07,동작구,84,71,0.0121,0.0563,0.9,0.0029
2023-02-07,마포구,67,59,0.0131,0.0425,0.79,0.0033
2023-02-07,서대문구,71,53,0.0319,0.0288,,
2023-02-07,서초구,86,68,0.0103,0.054,0.83,0.0028
2023-02-07,성동구,88,54,0.0099,0.0452,0.63,0.0027
2023-02-07,성북구,77,56,0.0148,0.0482,1.01,0.0035
2023-02-07,송파구,81,60,0.0099,0.0544,0.92,0.0029
2023-02-07,양천구,89,72,0.0134,0.0421,0.8,0.0035
2023-02-07,영등포구,76,60,0.0142,0.0492,0.78,0.0035
2023-02-07,용산구,79,56,0.012,0.0408,0.73,0.0033
2023-02-07,은평구,67,50,0.0214,0.0384,0.6,0.002
2023-02-07,종로구,76,60,0.0199,0.0415,0.81,0.0033
2023-02-07,중구,,,,,,
2023-02-07,중랑구,71,54,0.0178,0.0432,0.67,0.0029
2023-02-06,평균,79,59,0.0162,0.0455,0.83,0.0033
2023-02-06,강남구,80,56,0.0163,0.0482,0.74,0.0036
2023-02-06,강동구,87,63,0.0134,0.0359,0.65,0.0027
2023-02-06,강북구,82,62,0.0249,0.0306,0.78,0.0025
2023-02-06,강서구,81,54,0.0167,0.0552,0.9,0.004
2023-02-06,관악구,82,55,0.0136,0.0532,0.93,0.0032
2023-02-06,광진구,75,59,0.0162,0.0378,0.93,0.0034
2023-02-06,구로구,85,60,0.0142,0.0449,0.66,0.0036
2023-02-06,금천구,72,59,0.0178,0.0422,0.75,0.0031
2023-02-06,노원구,86,68,0.0153,0.0528,0.9,0.0036
2023-02-06,도봉구,76,58,0.0235,0.0387,1.11,0.003
2023-02-06,동대문구,79,62,0.0153,0.0477,0.83,0.0037
2023-02-06,동작구,79,65,0.0161,0.0509,0.79,0.003
2023-02-06,마포구,66,59,0.0138,0.0504,0.9,0.0039
2023-02-06,서대문구,,59,0.0097,0.0433,,
2023-02-06,서초구,83,63,0.0137,0.0509,0.81,0.003
2023-02-06,성동구,86,52,0.0149,0.0411,0.62,0.003
2023-02-06,성북구,82,59,0.0162,0.049,1.06,0.0038
2023-02-06,송파구,76,54,0.0136,0.0499,0.91,0.0033
2023-02-06,양천구,86,69,0.0121,0.0486,0.81,0.0036
2023-02-06,영등포구,76,58,0.0162,0.0526,0.82,0.004
2023-02-06,용산구,75,54,0.0175,0.0383,0.69,0.0034
2023-02-06,은평구,70,52,0.0223,0.0385,0.84,0.0022
2023-02-06,종로구,78,62,0.0158,0.0485,0.91,0.0035
2023-02-06,중구,,,,,,
2023-02-06,중랑구,77,61,0.0185,0.0427,0.69,0.003
2023-02-05,평균,66,50,0.0207,0.0374,0.77,0.0034
2023-02-05,강남구,64,45,0.0226,0.0367,0.68,0.0037
2023-02-05,강동구,,50,0.017,0.0307,0.64,0.0029
2023-02-05,강북구,71,55,0.0251,0.0288,0.76,0.0026
2023-02-05,강서구,73,49,0.0214,0.0454,0.82,0.0041
2023-02-05,관악구,73,49,0.019,0.0425,0.85,0.0035
2023-02-05,광진구,59,45,0.0187,0.0325,0.79,0.0033
2023-02-05,구로구,73,51,0.0186,0.0362,0.6,0.004
2023-02-05,금천구,62,51,0.0245,0.0317,0.69,0.0033
2023-02-05,노원구,74,60,0.0173,0.0475,0.89,0.0037
2023-02-05,도봉구,64,50,0.0242,0.0343,1.01,0.003
2023-02-05,동대문구,66,51,0.0217,0.039,0.79,0.0041
2023-02-05,동작구,66,54,0.0233,0.038,0.69,0.0031
2023-02-05,마포구,57,50,0.0181,0.0423,0.81,0.004
2023-02-05,서대문구,,53,0.0222,0.0347,,
2023-02-05,서초구,65,53,0.0194,0.037,0.73,0.003
2023-02-05,성동구,66,40,0.0188,0.0355,0.57,0.0027
2023-02-05,성북구,70,50,0.0177,0.0442,0.98,0.004
2023-02-05,송파구,62,44,0.0183,0.0413,0.77,0.0033
2023-02-05,양천구,74,60,0.0188,0.0371,0.73,0.0034
2023-02-05,영등포구,63,48,0.0221,0.0399,0.74,0.0039
2023-02-05,용산구,64,47,0.021,0.0318,0.66,0.0034
2023-02-05,은평구,64,46,0.0263,0.0326,1.04,0.0026
2023-02-05,종로구,65,52,0.0215,0.038,0.79,0.0035
2023-02-05,중구,,,,,,
2023-02-05,중랑구,66,51,0.0196,0.0409,0.68,0.0032
2023-02-04,평균,40,26,0.0191,0.0309,0.58,0.0033
2023-02-04,강남구,38,23,0.0234,0.0297,0.51,0.0036
2023-02-04,강동구,,29,0.0139,0.0298,0.54,0.003
2023-02-04,강북구,39,26,0.0254,0.0218,0.59,0.0027
2023-02-04,강서구,47,27,0.0174,0.0361,0.63,0.0039
2023-02-04,관악구,43,26,0.0178,0.034,0.63,0.0035
2023-02-04,광진구,38,24,0.0186,0.0286,0.53,0.0033
2023-02-04,구로구,46,28,0.0156,0.0311,0.45,0.0038
2023-02-04,금천구,37,28,0.0199,0.0285,0.55,0.0034
2023-02-04,노원구,43,30,0.0142,0.0405,0.71,0.0039
2023-02-04,도봉구,34,22,0.0282,0.022,0.68,0.0029
2023-02-04,동대문구,38,24,0.0205,0.0308,0.58,0.0038
2023-02-04,동작구,40,28,0.0226,0.0288,0.49,0.0032
2023-02-04,마포구,34,25,0.0161,0.0328,0.58,0.0036
2023-02-04,서대문구,,25,0.0219,0.0275,,
2023-02-04,서초구,42,25,0.0185,0.0316,0.52,0.0031
2023-02-04,성동구,41,21,0.02,0.0281,0.42,0.0028
2023-02-04,성북구,40,26,0.0174,0.0352,0.73,0.0039
2023-02-04,송파구,39,24,0.0164,0.0362,0.61,0.0032
2023-02-04,양천구,43,33,0.0138,0.0331,0.59,0.0032
2023-02-04,영등포구,41,27,0.0176,0.0343,0.58,0.0035
2023-02-04,용산구,42,26,0.0224,0.0233,0.51,0.0033
2023-02-04,은평구,37,21,0.0186,0.0315,0.83,0.0025
2023-02-04,종로구,37,26,0.021,0.0295,0.6,0.0033
2023-02-04,중구,,,,,,
2023-02-04,중랑구,39,27,0.0168,0.0356,0.56,0.0032
2023-02-03,평균,40,19,0.0176,0.0249,0.5,0.0031
2023-02-03,강남구,38,18,0.0177,0.0292,0.46,0.0034
2023-02-03,강동구,40,21,0.0142,0.0237,0.42,0.0028
2023-02-03,강북구,39,20,0.0239,0.0169,0.51,0.0024
2023-02-03,강서구,47,19,0.0181,0.0254,0.49,0.0039
2023-02-03,관악구,41,20,0.0132,0.0318,0.57,0.0032
2023-02-03,광진구,36,18,0.0178,0.0237,0.42,0.0031
2023-02-03,구로구,43,17,0.0137,0.025,0.38,0.0035
2023-02-03,금천구,35,21,0.015,0.0281,0.52,0.0033
2023-02-03,노원구,42,23,0.0213,0.0217,0.49,0.0032
2023-02-03,도봉구,34,16,0.027,0.0163,0.56,0.0026
2023-02-03,동대문구,37,19,0.0214,0.0226,0.49,0.0036
2023-02-03,동작구,40,22,0.0165,0.028,0.46,0.0029
2023-02-03,마포구,34,19,0.0151,0.0257,0.5,0.0034
2023-02-03,서대문구,,15,0.0191,0.0204,,
2023-02-03,서초구,43,18,0.0131,0.0312,0.48,0.0029
2023-02-03,성동구,41,17,0.0174,0.0244,0.37,0.0027
2023-02-03,성북구,39,18,0.0194,0.0254,0.6,0.0036
2023-02-03,송파구,44,20,0.0147,0.0313,0.56,0.003
2023-02-03,양천구,44,24,0.0131,0.0254,0.5,0.003
2023-02-03,영등포구,38,18,0.0138,0.0294,0.51,0.0031
2023-02-03,용산구,45,22,0.0176,0.0216,0.49,0.0031
2023-02-03,은평구,35,13,0.0186,0.022,0.73,0.0022
2023-02-03,종로구,37,20,0.0208,0.0226,0.51,0.0031
2023-02-03,중구,,,,,,
2023-02-03,중랑구,37,19,0.0193,0.0255,0.45,0.0029
2023-02-02,평균,43,16,0.0207,0.0194,0.43,0.0027
2023-02-02,강남구,40,16,0.0208,0.0226,0.39,0.003
2023-02-02,강동구,43,18,0.0172,0.019,0.36,0.0024
2023-02-02,강북구,42,18,0.0281,0.0113,0.4,0.0022
2023-02-02,강서구,50,15,0.021,0.0186,0.43,0.0031
2023-02-02,관악구,42,15,0.0185,0.0209,0.46,0.0026
2023-02-02,광진구,39,16,0.0201,0.0201,0.37,0.0031
2023-02-02,구로구,46,12,0.0188,0.0161,0.32,0.003
2023-02-02,금천구,37,18,0.0179,0.0256,0.48,0.003
2023-02-02,노원구,44,20,0.0268,0.0129,0.39,0.0028
2023-02-02,도봉구,36,14,0.0286,0.0131,0.51,0.0025
2023-02-02,동대문구,39,17,0.0216,0.0198,0.43,0.0031
2023-02-02,동작구,45,19,0.021,0.0198,0.38,0.0025
2023-02-02,마포구,36,16,0.0188,0.0191,0.43,0.0027
2023-02-02,서대문구,45,13,0.0226,0.0159,0.38,0.0026
2023-02-02,서초구,48,13,0.0189,0.0214,0.4,0.0026
2023-02-02,성동구,42,16,0.0175,0.0228,0.32,0.0023
2023-02-02,성북구,41,16,0.0203,0.0226,0.54,0.0032
2023-02-02,송파구,50,18,0.0165,0.0273,0.5,0.0025
2023-02-02,양천구,48,19,0.0155,0.0196,0.44,0.0027
2023-02-02,영등포구,40,14,0.0196,0.0195,0.43,0.0025
2023-02-02,용산구,51,19,0.0223,0.0156,0.45,0.0027
2023-02-02,은평구,40,12,0.0219,0.0191,0.69,0.002
2023-02-02,종로구,40,17,0.0223,0.0185,0.44,0.0027
2023-02-02,중구,,,,,,
2023-02-02,중랑구,41,17,0.019,0.0239,0.42,0.0026
2023-02-01,평균,65,35,0.028,0.0211,0.55,0.0028
2023-02-01,강남구,62,33,0.0297,0.0231,0.49,0.003
2023-02-01,강동구,68,38,0.0259,0.0186,0.47,0.0025
2023-02-01,강북구,71,40,0.0326,0.0135,0.55,0.0023
2023-02-01,강서구,65,28,0.03,0.0191,0.49,0.0029
2023-02-01,관악구,65,31,0.0239,0.0235,0.56,0.0026
2023-02-01,광진구,61,35,0.0272,0.021,0.44,0.0034
2023-02-01,구로구,69,33,0.0248,0.0175,0.39,0.0028
2023-02-01,금천구,59,38,0.0262,0.0272,0.55,0.0028
2023-02-01,노원구,69,42,0.0273,0.0231,0.57,0.0029
2023-02-01,도봉구,63,36,0.0362,0.0146,0.73,0.0027
2023-02-01,동대문구,62,38,0.0305,0.0195,0.55,0.0032
2023-02-01,동작구,72,43,0.0296,0.0226,0.52,0.0025
2023-02-01,마포구,50,30,0.027,0.019,0.5,0.0028
2023-02-01,서대문구,60,33,0.0276,0.0181,0.53,0.0025
2023-02-01,서초구,65,35,0.0269,0.0199,0.5,0.0025
2023-02-01,성동구,84,42,0.0252,0.0298,0.59,0.0027
2023-02-01,성북구,65,36,0.0268,0.0247,0.67,0.0033
2023-02-01,송파구,70,35,0.0241,0.0289,0.63,0.0025
2023-02-01,양천구,66,34,0.0236,0.0211,0.51,0.0031
2023-02-01,영등포구,56,30,0.0264,0.0228,0.52,0.003
2023-02-01,용산구,68,32,0.0304,0.0165,0.5,0.0027
2023-02-01,은평구,60,31,0.0312,0.017,0.85,0.0019
2023-02-01,종로구,62,37,0.03,0.0193,0.56,0.0028
2023-02-01,중구,,,,,,
2023-02-01,중랑구,63,37,0.0282,0.0251,0.54,0.003
2023-01-31,평균,38,16,0.0177,0.0326,0.52,0.0032
2023-01-31,강남구,37,16,0.0189,0.0335,0.46,0.0034
2023-01-31,강동구,39,18,0.0169,0.0256,0.43,0.0026
2023-01-31,강북구,40,18,0.0185,0.0298,0.55,0.0025
2023-01-31,강서구,41,14,0.0137,0.0381,0.59,0.0036
2023-01-31,관악구,37,13,0.0151,0.0375,0.57,0.0031
2023-01-31,광진구,37,16,0.0161,0.0295,0.4,0.0032
2023-01-31,구로구,40,12,0.015,0.0303,0.39,0.0033
2023-01-31,금천구,30,14,0.0332,0.0263,0.39,0.0032
2023-01-31,노원구,42,20,0.0163,0.0372,0.58,0.0036
2023-01-31,도봉구,37,16,0.0195,0.0306,0.69,0.0027
2023-01-31,동대문구,39,19,0.0172,0.0348,0.55,0.0037
2023-01-31,동작구,35,15,0.0229,0.0307,0.44,0.0028
2023-01-31,마포구,33,16,0.0154,0.0331,0.55,0.0034
2023-01-31,서대문구,38,14,0.0179,0.031,0.52,0.0037
2023-01-31,서초구,42,15,0.0165,0.0345,0.51,0.0029
2023-01-31,성동구,40,15,0.016,0.0353,0.49,0.0035
2023-01-31,성북구,43,19,0.0147,0.0371,0.65,0.0036
2023-01-31,송파구,39,16,0.0197,0.0319,0.52,0.0031
2023-01-31,양천구,40,16,0.0129,0.0338,0.52,0.0034
2023-01-31,영등포구,35,14,0.0148,0.0368,0.42,0.0036
2023-01-31,용산구,44,18,0.0198,0.0261,0.42,0.0031
2023-01-31,은평구,35,11,0.0227,0.0261,0.72,0.0024
2023-01-31,종로구,38,19,0.0162,0.0366,0.63,0.0035
2023-01-31,중구,,,,,,
2023-01-31,중랑구,37,17,0.0156,0.0363,0.47,0.003
2023-01-30,평균,43,16,0.019,0.0254,0.51,0.0032
2023-01-30,강남구,40,15,0.0212,0.0259,0.44,0.0033
2023-01-30,강동구,44,18,0.0166,0.0204,0.46,0.0027
2023-01-30,강북구,42,15,0.0287,0.0128,0.47,0.0026
2023-01-30,강서구,51,17,0.0177,0.0292,0.52,0.0038
2023-01-30,관악구,43,16,0.0155,0.0316,0.56,0.003
2023-01-30,광진구,41,16,0.0195,0.0224,0.38,0.0031
2023-01-30,구로구,47,13,0.0155,0.0253,0.36,0.0034
2023-01-30,금천구,35,17,0.0191,0.0246,0.49,0.0032
2023-01-30,노원구,45,20,0.018,0.0314,0.63,0.0036
2023-01-30,도봉구,39,13,0.0304,0.0141,0.55,0.0027
2023-01-30,동대문구,41,17,0.0226,0.0222,0.48,0.0035
2023-01-30,동작구,43,18,0.0205,0.0274,0.46,0.0029
2023-01-30,마포구,37,17,0.0132,0.029,0.53,0.0034
2023-01-30,서대문구,45,16,0.0176,0.0259,0.77,0.0056
2023-01-30,서초구,44,12,0.0177,0.0268,0.47,0.0029
2023-01-30,성동구,43,14,0.0206,0.0243,0.42,0.0032
2023-01-30,성북구,43,16,0.0186,0.0292,0.6,0.0038
2023-01-30,송파구,49,17,0.0169,0.0304,0.55,0.0029
2023-01-30,양천구,46,18,0.0128,0.0291,0.52,0.0029
2023-01-30,영등포구,39,15,0.0155,0.0298,0.38,0.0032
2023-01-30,용산구,52,20,0.0194,0.021,0.51,0.003
2023-01-30,은평구,42,12,0.0193,0.0242,0.72,0.0023
2023-01-30,종로구,43,18,0.0206,0.0246,0.55,0.0031
2023-01-30,중구,,,,,,
2023-01-30,중랑구,39,16,0.0193,0.0287,0.48,0.0029
2023-01-29,평균,46,15,0.0198,0.0225,0.51,0.0031
2023-01-29,강남구,42,14,0.0216,0.0212,0.45,0.003
2023-01-29,강동구,45,15,0.0183,0.0175,0.41,0.0025
2023-01-29,강북구,50,17,0.0228,0.0186,0.54,0.0026
2023-01-29,강서구,54,14,0.0204,0.0245,0.54,0.0037
2023-01-29,관악구,45,15,0.016,0.0287,0.59,0.0032
2023-01-29,광진구,43,15,0.0203,0.0194,0.39,0.0029
2023-01-29,구로구,53,13,0.017,0.022,0.4,0.0035
2023-01-29,금천구,37,14,0.0222,0.0221,0.5,0.0033
2023-01-29,노원구,51,19,0.0188,0.0253,0.58,0.0036
2023-01-29,도봉구,45,14,0.0257,0.0167,0.59,0.0026
2023-01-29,동대문구,45,17,0.0196,0.0233,0.52,0.0035
2023-01-29,동작구,46,16,0.0216,0.0238,0.47,0.0029
2023-01-29,마포구,39,15,0.018,0.0259,0.54,0.0035
2023-01-29,서대문구,47,14,0.0186,0.0232,0.59,0.0042
2023-01-29,서초구,46,12,0.0204,0.0209,0.48,0.0029
2023-01-29,성동구,45,13,0.02,0.0227,0.44,0.003
2023-01-29,성북구,50,17,0.0179,0.0264,0.61,0.0037
2023-01-29,송파구,46,15,0.02,0.0229,0.51,0.003
2023-01-29,양천구,50,16,0.0158,0.0238,0.51,0.0028
2023-01-29,영등포구,42,13,0.019,0.0231,0.35,0.0032
2023-01-29,용산구,55,17,0.0198,0.018,0.45,0.003
2023-01-29,은평구,46,11,0.0219,0.0201,0.67,0.0025
2023-01-29,종로구,45,17,0.0189,0.0249,0.57,0.0031
2023-01-29,중구,,,,,,
2023-01-29,중랑구,43,16,0.0196,0.0241,0.48,0.0027
2023-01-28,평균,38,12,0.0218,0.0182,0.41,0.003
2023-01-28,강남구,36,13,0.0236,0.0182,0.38,0.0031
2023-01-28,강동구,39,14,0.0201,0.0153,0.36,0.0027
2023-01-28,강북구,41,15,0.0262,0.0136,0.46,0.0027
2023-01-28,강서구,41,10,0.0222,0.019,0.43,0.0032
2023-01-28,관악구,34,11,0.0193,0.0206,0.45,0.003
2023-01-28,광진구,37,13,0.0223,0.0178,0.33,0.0028
2023-01-28,구로구,43,7,0.0191,0.0162,0.3,0.0032
2023-01-28,금천구,28,12,0.0209,0.0232,0.46,0.0033
2023-01-28,노원구,44,17,0.0211,0.0197,0.47,0.0032
2023-01-28,도봉구,36,10,0.0288,0.0119,0.45,0.0025
2023-01-28,동대문구,38,14,0.0241,0.0164,0.43,0.0036
2023-01-28,동작구,37,13,0.0234,0.0186,0.37,0.0028
2023-01-28,마포구,30,12,0.0196,0.0209,0.42,0.003
2023-01-28,서대문구,38,10,0.0208,0.0181,0.35,0.0032
2023-01-28,서초구,42,9,0.0217,0.0183,0.39,0.0029
2023-01-28,성동구,39,12,0.0221,0.0184,0.37,0.003
2023-01-28,성북구,41,12,0.0225,0.0189,0.47,0.0038
2023-01-28,송파구,40,14,0.0199,0.0219,0.48,0.0029
2023-01-28,양천구,38,14,0.0168,0.0206,0.43,0.0023
2023-01-28,영등포구,33,10,0.0198,0.0197,0.3,0.0028
2023-01-28,용산구,46,15,0.0233,0.0143,0.44,0.003
2023-01-28,은평구,37,8,0.0216,0.0179,0.55,0.0024
2023-01-28,종로구,38,14,0.023,0.0171,0.44,0.003
2023-01-28,중구,,,,,,
2023-01-28,중랑구,37,14,0.0216,0.0205,0.42,0.0027
2023-01-27,평균,39,19,0.024,0.0166,0.47,0.003
2023-01-27,강남구,40,20,0.0263,0.0164,0.44,0.0031
2023-01-27,강동구,40,22,0.0189,0.0172,0.43,0.0025
2023-01-27,강북구,40,22,0.0291,0.0106,0.49,0.0026
2023-01-27,강서구,45,19,0.0247,0.0169,0.47,0.0032
2023-01-27,관악구,39,19,0.0217,0.018,0.5,0.003
2023-01-27,광진구,37,20,0.0222,0.0182,0.42,0.003
2023-01-27,구로구,43,16,0.0211,0.0152,0.36,0.0033
2023-01-27,금천구,33,21,0.0243,0.0218,0.54,0.0035
2023-01-27,노원구,43,26,0.0199,0.0224,0.53,0.003
2023-01-27,도봉구,34,18,0.031,0.0112,0.54,0.0025
2023-01-27,동대문구,39,22,0.0269,0.0136,0.47,0.0036
2023-01-27,동작구,41,23,0.027,0.0164,0.43,0.0028
2023-01-27,마포구,34,20,0.0208,0.0191,0.49,0.0029
2023-01-27,서대문구,41,19,0.0215,0.0174,0.48,0.0032
2023-01-27,서초구,44,16,0.0252,0.0151,0.45,0.0029
2023-01-27,성동구,41,18,0.0241,0.0171,0.43,0.0031
2023-01-27,성북구,40,20,0.0213,0.0216,0.63,0.0036
2023-01-27,송파구,35,12,0.0241,0.0175,0.46,0.0031
2023-01-27,양천구,43,23,0.0187,0.0191,0.48,0.0023
2023-01-27,영등포구,37,18,0.0223,0.0178,0.38,0.0029
2023-01-27,용산구,40,17,0.0291,0.0098,0.42,0.0032
2023-01-27,은평구,38,8,0.0273,0.0121,0.5,0.0025
2023-01-27,종로구,40,24,0.0249,0.0152,0.5,0.0029
2023-01-27,중구,,,,,,
2023-01-27,중랑구,38,21,0.0234,0.0196,0.48,0.0026
2023-01-26,평균,31,19,0.0075,0.0337,0.52,0.0024
2023-01-26,강남구,30,20,0.0073,0.035,0.45,0.0024
2023-01-26,강동구,29,20,0.0076,0.0262,0.39,0.0022
2023-01-26,강북구,31,20,0.0098,0.0304,0.52,0.002
2023-01-26,강서구,37,21,0.0055,0.0384,0.61,0.0026
2023-01-26,관악구,34,19,0.0066,0.039,0.59,0.0025
2023-01-26,광진구,29,18,0.0092,0.0284,0.46,0.0025
2023-01-26,구로구,33,20,0.006,0.0324,0.43,0.0026
2023-01-26,금천구,29,23,0.0071,0.0395,0.62,0.0029
2023-01-26,노원구,33,22,0.0093,0.0345,0.49,0.0024
2023-01-26,도봉구,24,19,0.0108,0.0285,0.6,0.0016
2023-01-26,동대문구,29,20,0.0067,0.0338,0.52,0.0029
2023-01-26,동작구,35,23,0.0099,0.036,0.49,0.0022
2023-01-26,마포구,33,22,0.0052,0.0373,0.57,0.0022
2023-01-26,서대문구,31,18,0.0079,0.0332,0.59,0.0025
2023-01-26,서초구,29,19,0.0078,0.0354,0.5,0.0024
2023-01-26,성동구,29,15,0.0071,0.0334,0.44,0.0027
2023-01-26,성북구,33,21,0.0063,0.0359,0.7,0.003
2023-01-26,송파구,24,13,0.0064,0.0333,0.43,0.0021
2023-01-26,양천구,39,26,0.0046,0.0344,0.56,0.0024
2023-01-26,영등포구,36,21,0.006,0.0368,0.5,0.0023
2023-01-26,용산구,23,14,0.0065,0.0339,0.44,0.0029
2023-01-26,은평구,23,9,0.011,0.0268,0.5,0.0019
2023-01-26,종로구,30,21,0.0058,0.0348,0.55,0.0024
2023-01-26,중구,,,,,,
2023-01-26,중랑구,35,21,0.0093,0.0311,0.43,0.0019
2023-01-25,평균,21,9,0.0178,0.0235,0.42,0.0026
2023-01-25,강남구,21,9,0.0184,0.0241,0.38,0.0026
2023-01-25,강동구,22,9,0.0155,0.0204,0.35,0.0024
2023-01-25,강북구,23,10,0.0213,0.0192,0.46,0.0023
2023-01-25,강서구,27,7,0.0196,0.0228,0.42,0.0027
2023-01-25,관악구,22,8,0.0154,0.0265,0.45,0.0026
2023-01-25,광진구,19,9,0.0179,0.0225,0.46,0.0023
2023-01-25,구로구,22,5,0.0156,0.0211,0.3,0.0028
2023-01-25,금천구,19,11,0.0177,0.0278,0.43,0.0033
2023-01-25,노원구,25,12,0.018,0.0262,0.45,0.0028
2023-01-25,도봉구,16,8,0.0221,0.0202,0.44,0.0018
2023-01-25,동대문구,22,9,0.0172,0.024,0.42,0.0031
2023-01-25,동작구,22,10,0.0183,0.025,0.39,0.0024
2023-01-25,마포구,18,9,0.0178,0.023,0.42,0.0025
2023-01-25,서대문구,20,7,0.0186,0.022,0.51,0.0026
2023-01-25,서초구,19,5,0.0171,0.0253,0.4,0.0026
2023-01-25,성동구,22,8,0.0169,0.0247,0.38,0.0026
2023-01-25,성북구,22,9,0.0176,0.0261,0.61,0.0034
2023-01-25,송파구,22,9,0.0172,0.025,0.44,0.0023
2023-01-25,양천구,24,11,0.0157,0.0222,0.4,0.0019
2023-01-25,영등포구,19,6,0.0175,0.0238,0.39,0.0025
2023-01-25,용산구,21,10,0.0196,0.022,0.43,0.003
2023-01-25,은평구,20,5,0.0195,0.0198,0.41,0.0022
2023-01-25,종로구,20,10,0.0163,0.0248,0.44,0.0027
2023-01-25,중구,,,,,,
2023-01-25,중랑구,26,10,0.0165,0.0257,0.39,0.002
2023-01-24,평균,28,10,0.0295,0.0069,0.34,0.0024
2023-01-24,강남구,26,10,0.0319,0.0065,0.29,0.0024
2023-01-24,강동구,31,13,0.0278,0.0063,0.27,0.0022
2023-01-24,강북구,33,13,0.0327,0.0039,0.33,0.0021
2023-01-24,강서구,33,9,0.0309,0.0065,0.33,0.0025
2023-01-24,관악구,25,9,0.0252,0.0088,0.36,0.0024
2023-01-24,광진구,26,11,0.0298,0.0068,0.36,0.0026
2023-01-24,구로구,28,6,0.0254,0.0055,0.25,0.0025
2023-01-24,금천구,22,12,0.0304,0.0107,0.38,0.0031
2023-01-24,노원구,32,15,0.0306,0.0053,0.33,0.0025
2023-01-24,도봉구,23,9,0.035,0.0035,0.34,0.002
2023-01-24,동대문구,27,10,0.0313,0.0065,0.33,0.0029
2023-01-24,동작구,29,13,0.0294,0.0076,0.29,0.0021
2023-01-24,마포구,25,10,0.0274,0.0079,0.35,0.0022
2023-01-24,서대문구,29,8,0.0284,0.0055,0.36,0.002
2023-01-24,서초구,27,5,0.0298,0.0062,0.34,0.0025
2023-01-24,성동구,30,10,0.0299,0.0068,0.28,0.0022
2023-01-24,성북구,30,10,0.0301,0.0074,0.47,0.003
2023-01-24,송파구,29,10,0.0283,0.0097,0.36,0.0022
2023-01-24,양천구,29,12,0.0254,0.0078,0.34,0.0017
2023-01-24,영등포구,26,9,0.0282,0.0074,0.33,0.0023
2023-01-24,용산구,31,13,0.0315,0.0063,0.38,0.0027
2023-01-24,은평구,29,6,0.0288,0.0064,0.36,0.0019
2023-01-24,종로구,29,13,0.0306,0.0068,0.33,0.0024
2023-01-24,중구,,,,,,
2023-01-24,중랑구,28,11,0.0287,0.0092,0.32,0.002
2023-01-23,평균,55,30,0.0192,0.0233,0.58,0.0027
2023-01-23,강남구,54,28,0.0214,0.0221,0.48,0.0027
2023-01-23,강동구,56,31,0.0181,0.0171,0.44,0.0022
2023-01-23,강북구,60,34,0.0223,0.0186,0.58,0.0021
2023-01-23,강서구,64,29,0.0189,0.0253,0.61,0.0028
2023-01-23,관악구,56,27,0.016,0.0287,0.63,0.0025
2023-01-23,광진구,54,32,0.0211,0.0177,0.49,0.0031
2023-01-23,구로구,56,28,0.0161,0.0226,0.43,0.0027
2023-01-23,금천구,49,31,0.0181,0.0278,0.58,0.0029
2023-01-23,노원구,59,35,0.0199,0.0237,0.58,0.0028
2023-01-23,도봉구,50,27,0.0242,0.0191,0.75,0.0023
2023-01-23,동대문구,54,28,0.0192,0.025,0.58,0.0031
2023-01-23,동작구,57,35,0.0208,0.027,0.56,0.0023
2023-01-23,마포구,48,29,0.017,0.0252,0.58,0.0029
2023-01-23,서대문구,51,28,0.0195,0.0216,0.86,0.0037
2023-01-23,서초구,52,27,0.0179,0.024,0.57,0.0025
2023-01-23,성동구,56,27,0.0195,0.0222,0.48,0.0024
2023-01-23,성북구,56,31,0.0182,0.0271,0.72,0.003
2023-01-23,송파구,56,30,0.0179,0.0245,0.55,0.0023
2023-01-23,양천구,59,33,0.0159,0.0242,0.58,0.0029
2023-01-23,영등포구,51,29,0.0174,0.0251,0.55,0.0028
2023-01-23,용산구,57,29,0.0203,0.0222,0.56,0.0028
2023-01-23,은평구,51,25,0.0214,0.0181,0.65,0.0019
2023-01-23,종로구,55,33,0.0195,0.0264,0.6,0.0027
2023-01-23,중구,,,,,,
2023-01-23,중랑구,53,31,0.0211,0.0232,0.5,0.0024
2023-01-22,평균,28,13,0.0169,0.0247,0.44,0.0025
2023-01-22,강남구,26,12,0.0187,0.0236,0.35,0.0026
2023-01-22,강동구,27,13,0.0156,0.0195,0.34,0.0022
2023-01-22,강북구,31,15,0.0169,0.0226,0.51,0.002
2023-01-22,강서구,34,11,0.0133,0.031,0.5,0.0025
2023-01-22,관악구,28,12,0.0118,0.0312,0.5,0.0023
2023-01-22,광진구,26,13,0.0214,0.0159,0.33,0.0028
2023-01-22,구로구,27,11,0.012,0.0263,0.35,0.0025
2023-01-22,금천구,25,14,0.0131,0.0284,0.45,0.0027
2023-01-22,노원구,33,17,0.0158,0.03,0.51,0.0028
2023-01-22,도봉구,25,13,0.0191,0.0235,0.61,0.0021
2023-01-22,동대문구,27,11,0.0171,0.0256,0.43,0.0029
2023-01-22,동작구,29,16,0.0165,0.0269,0.41,0.0023
2023-01-22,마포구,25,13,0.0151,0.0269,0.47,0.0024
2023-01-22,서대문구,27,10,0.021,0.0196,0.53,0.0025
2023-01-22,서초구,24,10,0.0158,0.0253,0.42,0.0024
2023-01-22,성동구,27,11,0.0206,0.0202,0.35,0.0025
2023-01-22,성북구,30,14,0.0157,0.0282,0.56,0.0028
2023-01-22,송파구,28,12,0.0177,0.0245,0.42,0.0023
2023-01-22,양천구,31,14,0.0117,0.0279,0.47,0.0029
2023-01-22,영등포구,27,12,0.0136,0.0284,0.45,0.0024
2023-01-22,용산구,28,13,0.0176,0.0236,0.41,0.0027
2023-01-22,은평구,27,7,0.0245,0.0193,0.45,0.0019
2023-01-22,종로구,27,13,0.0184,0.0254,0.42,0.0025
2023-01-22,중구,,,,,,
2023-01-22,중랑구,27,13,0.0224,0.0187,0.35,0.0022
2023-01-21,평균,24,11,0.0166,0.0229,0.44,0.0026
2023-01-21,강남구,23,11,0.018,0.0232,0.38,0.0026
2023-01-21,강동구,25,12,0.0122,0.0219,0.39,0.0022
2023-01-21,강북구,25,12,0.0171,0.0201,0.52,0.002
2023-01-21,강서구,30,10,0.0174,0.0236,0.47,0.0028
2023-01-21,관악구,23,10,0.0158,0.0244,0.46,0.0025
2023-01-21,광진구,23,11,0.0162,0.0218,0.38,0.0028
2023-01-21,구로구,23,8,0.0159,0.02,0.32,0.0026
2023-01-21,금천구,18,11,0.0211,0.0186,0.4,0.0029
2023-01-21,노원구,28,15,0.0165,0.0253,0.48,0.0028
2023-01-21,도봉구,21,11,0.0178,0.0222,0.54,0.002
2023-01-21,동대문구,25,11,0.0155,0.0261,0.46,0.0031
2023-01-21,동작구,24,12,0.018,0.0233,0.4,0.0023
2023-01-21,마포구,22,11,0.0134,0.0264,0.48,0.0028
2023-01-21,서대문구,23,9,0.0164,0.0226,0.61,0.0032
2023-01-21,서초구,21,6,0.0179,0.0221,0.41,0.0025
2023-01-21,성동구,24,9,0.0165,0.0231,0.38,0.0026
2023-01-21,성북구,26,12,0.0153,0.0269,0.58,0.0031
2023-01-21,송파구,24,11,0.0166,0.0246,0.43,0.0024
2023-01-21,양천구,26,13,0.0147,0.0222,0.44,0.0024
2023-01-21,영등포구,23,9,0.0171,0.0219,0.42,0.0024
2023-01-21,용산구,25,12,0.0173,0.0224,0.42,0.0028
2023-01-21,은평구,20,6,0.0189,0.0178,0.41,0.0019
2023-01-21,종로구,24,12,0.0162,0.0258,0.46,0.0026
2023-01-21,중구,,,,,,
2023-01-21,중랑구,25,12,0.0167,0.0235,0.4,0.0021
2023-01-20,평균,65,17,0.0261,0.0134,0.38,0.0026
2023-01-20,강남구,62,16,0.0276,0.014,0.34,0.0028
2023-01-20,강동구,65,16,0.0232,0.012,0.31,0.0023
2023-01-20,강북구,71,22,0.0308,0.0081,0.38,0.0021
2023-01-20,강서구,76,15,0.0268,0.0136,0.39,0.0028
2023-01-20,관악구,65,14,0.0222,0.016,0.42,0.0025
2023-01-20,광진구,60,20,0.0264,0.0124,0.32,0.003
2023-01-20,구로구,71,17,0.0222,0.0123,0.29,0.0026
2023-01-20,금천구,57,17,0.026,0.0177,0.43,0.0031
2023-01-20,노원구,70,22,0.0278,0.0114,0.38,0.0026
2023-01-20,도봉구,62,15,0.0338,0.0075,0.45,0.0022
2023-01-20,동대문구,60,13,0.0287,0.0119,0.38,0.003
2023-01-20,동작구,70,22,0.0272,0.0137,0.34,0.0023
2023-01-20,마포구,55,18,0.0219,0.0171,0.41,0.0028
2023-01-20,서대문구,64,15,0.0258,0.0129,0.42,0.002
2023-01-20,서초구,68,15,0.0263,0.0125,0.38,0.0024
2023-01-20,성동구,62,17,0.0255,0.0145,0.34,0.0028
2023-01-20,성북구,64,18,0.027,0.014,0.43,0.003
2023-01-20,송파구,72,20,0.0235,0.0188,0.42,0.0024
2023-01-20,양천구,71,17,0.0214,0.0147,0.39,0.0027
2023-01-20,영등포구,58,16,0.024,0.015,0.39,0.0027
2023-01-20,용산구,71,18,0.0282,0.0122,0.41,0.0028
2023-01-20,은평구,61,14,0.026,0.0096,0.33,0.0019
2023-01-20,종로구,62,17,0.0284,0.0126,0.38,0.0027
2023-01-20,중구,,,,,,
2023-01-20,중랑구,58,17,0.0258,0.0159,0.37,0.0024
2023-01-19,평균,62,25,0.0154,0.0332,0.62,0.0032
2023-01-19,강남구,57,23,0.0158,0.0328,0.55,0.0032
2023-01-19,강동구,62,26,0.0132,0.0257,0.49,0.0027
2023-01-19,강북구,71,31,0.0166,0.0304,0.63,0.0026
2023-01-19,강서구,73,24,0.0155,0.0371,0.69,0.0037
2023-01-19,관악구,62,21,0.0148,0.0376,0.69,0.0033
2023-01-19,광진구,59,28,0.0138,0.028,0.54,0.0031
2023-01-19,구로구,66,23,0.0138,0.0319,0.5,0.0033
2023-01-19,금천구,53,23,0.0188,0.0325,0.57,0.0037
2023-01-19,노원구,69,33,0.0139,0.0378,0.64,0.0035
2023-01-19,도봉구,59,24,0.0159,0.0312,0.73,0.0024
2023-01-19,동대문구,61,23,0.0159,0.034,0.64,0.0036
2023-01-19,동작구,61,28,0.0198,0.0318,0.56,0.003
2023-01-19,마포구,53,27,0.0142,0.0365,0.66,0.0033
2023-01-19,서대문구,60,23,0.0159,0.0338,0.81,0.004
2023-01-19,서초구,66,24,0.0149,0.0352,0.62,0.0027
2023-01-19,성동구,61,23,0.0125,0.0355,0.6,0.0031
2023-01-19,성북구,66,28,0.0124,0.039,0.75,0.0034
2023-01-19,송파구,63,25,0.017,0.0321,0.6,0.0031
2023-01-19,양천구,66,26,0.0124,0.034,0.64,0.0033
2023-01-19,영등포구,58,25,0.0137,0.0372,0.66,0.0034
2023-01-19,용산구,66,24,0.0178,0.0306,0.57,0.0033
2023-01-19,은평구,63,19,0.019,0.0258,,0.0023
2023-01-19,종로구,63,28,0.0165,0.0351,0.65,0.0035
2023-01-19,중구,,,,,,
2023-01-19,중랑구,58,27,0.0148,0.0321,0.56,0.0025
2023-01-18,평균,54,25,0.0143,0.0301,0.59,0.003
2023-01-18,강남구,51,23,0.0161,0.0323,0.53,0.0031
2023-01-18,강동구,53,25,0.0117,0.0264,0.5,0.0027
2023-01-18,강북구,54,26,0.0174,0.0222,0.58,0.0023
2023-01-18,강서구,70,26,0.0126,0.0334,0.6,0.0036
2023-01-18,관악구,56,22,0.0137,0.0329,0.58,0.0031
2023-01-18,광진구,47,25,0.0144,0.0267,0.5,0.0032
2023-01-18,구로구,61,23,0.0132,0.0278,0.42,0.0032
2023-01-18,금천구,49,27,0.0128,0.0325,0.57,0.0034
2023-01-18,노원구,55,30,0.0161,0.0298,0.57,0.003
2023-01-18,도봉구,50,25,0.0196,0.0246,0.7,0.0024
2023-01-18,동대문구,51,23,0.0165,0.0302,0.61,0.0035
2023-01-18,동작구,58,29,0.0162,0.0318,0.53,0.0029
2023-01-18,마포구,47,28,0.0122,0.0333,0.6,0.0034
2023-01-18,서대문구,52,23,0.0157,0.0281,0.89,0.0043
2023-01-18,서초구,56,23,0.0152,0.0311,0.56,0.0026
2023-01-18,성동구,51,19,0.0151,0.0303,0.52,0.003
2023-01-18,성북구,55,25,0.0143,0.033,0.7,0.0032
2023-01-18,송파구,54,23,0.0123,0.0347,0.61,0.0028
2023-01-18,양천구,62,29,0.0095,0.0315,0.59,0.0029
2023-01-18,영등포구,53,26,0.0126,0.0325,0.55,0.0032
2023-01-18,용산구,54,23,0.0159,0.0292,0.6,0.003
2023-01-18,은평구,49,18,0.009,0.0252,,0.002
2023-01-18,종로구,52,26,0.0161,0.0318,0.63,0.0033
2023-01-18,중구,,,,,,
2023-01-18,중랑구,48,24,0.0152,0.0315,0.55,0.0026
2023-01-17,평균,33,18,0.0096,0.0336,0.54,0.0028
2023-01-17,강남구,31,17,0.0109,0.0352,0.49,0.003
2023-01-17,강동구,37,21,0.0066,0.0291,0.47,0.0025
2023-01-17,강북구,33,19,0.0116,0.0275,0.55,0.0021
2023-01-17,강서구,43,19,0.0087,0.0369,0.59,0.0033
2023-01-17,관악구,28,14,0.0111,0.0347,0.53,0.003
2023-01-17,광진구,31,18,0.0029,0.0357,0.57,0.0032
2023-01-17,구로구,35,15,0.0102,0.0299,0.38,0.003
2023-01-17,금천구,26,18,0.0104,0.0333,0.48,0.0033
2023-01-17,노원구,36,22,0.0108,0.0344,0.55,0.0029
2023-01-17,도봉구,29,19,0.0108,0.0309,0.67,0.0023
2023-01-17,동대문구,31,16,0.0103,0.0347,0.56,0.0033
2023-01-17,동작구,30,18,0.0114,0.0318,0.45,0.0025
2023-01-17,마포구,28,19,0.0088,0.0354,0.58,0.0029
2023-01-17,서대문구,31,16,0.0109,0.0342,0.74,0.0033
2023-01-17,서초구,32,15,0.0106,0.0352,0.5,0.0026
2023-01-17,성동구,32,15,0.01,0.0343,0.48,0.003
2023-01-17,성북구,33,17,0.0101,0.0349,0.63,0.003
2023-01-17,송파구,33,18,0.01,0.0352,0.56,0.0027
2023-01-17,양천구,36,20,0.0078,0.0322,0.52,0.0026
2023-01-17,영등포구,31,16,0.0092,0.0339,0.51,0.0029
2023-01-17,용산구,31,16,0.0125,0.0306,0.52,0.003
2023-01-17,은평구,41,19,0.0032,0.0364,,0.0026
2023-01-17,종로구,31,18,0.0111,0.0351,0.58,0.003
2023-01-17,중구,,,,,,
2023-01-17,중랑구,32,19,0.0097,0.0341,0.51,0.0023
2023-01-16,평균,22,13,0.0238,0.016,0.41,0.0026
2023-01-16,강남구,22,13,0.0242,0.018,0.37,0.0029
2023-01-16,강동구,25,16,0.0181,0.0165,0.35,0.0023
2023-01-16,강북구,22,14,0.03,0.0086,0.39,0.0021
2023-01-16,강서구,27,11,0.0271,0.0139,0.38,0.0029
2023-01-16,관악구,21,12,0.0203,0.0187,0.42,0.0028
2023-01-16,광진구,22,14,0.0219,0.014,0.32,0.0031
2023-01-16,구로구,19,7,0.0222,0.0141,0.26,0.0028
2023-01-16,금천구,20,14,0.0224,0.0218,0.42,0.0031
2023-01-16,노원구,24,18,0.0266,0.012,0.39,0.0027
2023-01-16,도봉구,16,12,0.0299,0.0108,0.47,0.0023
2023-01-16,동대문구,22,13,0.0251,0.0157,0.39,0.0031
2023-01-16,동작구,22,13,0.0237,0.0173,0.34,0.0023
2023-01-16,마포구,20,12,0.0217,0.0184,0.42,0.0026
2023-01-16,서대문구,20,11,0.0243,0.0154,0.45,0.0022
2023-01-16,서초구,20,8,0.0238,0.0164,0.38,0.0024
2023-01-16,성동구,24,12,0.0216,0.019,0.36,0.0027
2023-01-16,성북구,22,12,0.0233,0.0183,0.46,0.0027
2023-01-16,송파구,24,14,0.0192,0.0238,0.45,0.0025
2023-01-16,양천구,22,14,0.0221,0.0152,0.38,0.0023
2023-01-16,영등포구,19,10,0.0234,0.0158,0.38,0.0025
2023-01-16,용산구,22,14,0.0267,0.0135,0.44,0.0027
2023-01-16,은평구,21,10,0.0248,0.0105,0.81,0.003
2023-01-16,종로구,21,15,0.0253,0.016,0.41,0.0028
2023-01-16,중구,,,,,,
2023-01-16,중랑구,23,15,0.0225,0.0195,0.39,0.0023
2023-01-15,평균,14,10,0.0195,0.0137,0.41,0.0024
2023-01-15,강남구,15,10,0.0206,0.0155,0.35,0.0028
2023-01-15,강동구,15,12,0.0161,0.013,0.34,0.0022
2023-01-15,강북구,12,9,0.0235,0.0103,0.41,0.0023
2023-01-15,강서구,19,11,0.0213,0.0118,0.4,0.0025
2023-01-15,관악구,18,11,0.0153,0.0163,0.45,0.0024
2023-01-15,광진구,14,10,0.0184,0.0127,0.32,0.0031
2023-01-15,구로구,15,9,0.017,0.0118,0.26,0.0022
2023-01-15,금천구,16,13,0.0175,0.0185,0.42,0.0027
2023-01-15,노원구,13,11,0.0198,0.0127,0.4,0.0025
2023-01-15,도봉구,9,8,0.0256,0.0095,,0.0022
2023-01-15,동대문구,13,9,0.0215,0.0119,0.4,0.0027
2023-01-15,동작구,16,12,0.0192,0.0162,0.35,0.0022
2023-01-15,마포구,13,9,0.0174,0.0159,0.42,0.0024
2023-01-15,서대문구,12,7,0.0207,0.0127,0.45,0.0016
2023-01-15,서초구,13,8,0.0189,0.0122,,0.0022
2023-01-15,성동구,15,10,0.0192,0.0134,0.35,0.0024
2023-01-15,성북구,14,,0.0198,0.0159,0.44,0.0023
2023-01-15,송파구,15,12,0.0179,0.0166,0.41,0.0021
2023-01-15,양천구,16,13,0.0169,0.0145,0.41,0.0029
2023-01-15,영등포구,15,10,0.0187,0.0144,0.4,0.0024
2023-01-15,용산구,16,12,0.0207,0.0128,0.43,0.0022
2023-01-15,은평구,14,8,0.0207,0.0111,0.84,0.0026
2023-01-15,종로구,12,10,0.0221,0.012,0.39,0.0027
2023-01-15,중구,,,,,,
2023-01-15,중랑구,14,10,0.0201,0.0177,0.37,0.0023
2023-01-14,평균,12,8,0.0116,0.0229,0.6,0.003
2023-01-14,강남구,11,6,0.0127,0.0278,0.5,0.0036
2023-01-14,강동구,7,3,0.0116,0.0187,0.42,0.0025
2023-01-14,강북구,13,8,0.0121,0.0234,0.7,0.0031
2023-01-14,강서구,15,7,0.0103,0.0217,0.6,0.0026
2023-01-14,관악구,16,8,0.0082,0.0251,0.61,0.0027
2023-01-14,광진구,7,3,0.0128,0.0185,0.46,0.0032
2023-01-14,구로구,12,8,0.0103,0.0175,0.38,0.0023
2023-01-14,금천구,15,10,0.0102,0.0247,0.59,0.003
2023-01-14,노원구,16,11,0.0124,0.0234,0.6,0.0033
2023-01-14,도봉구,13,10,0.0136,0.0212,0.91,0.0027
2023-01-14,동대문구,14,8,0.0118,0.0255,0.62,0.0034
2023-01-14,동작구,11,6,0.0099,0.0302,0.53,0.0034
2023-01-14,마포구,12,8,0.0106,0.024,0.58,0.0036
2023-01-14,서대문구,14,9,0.0123,0.0215,0.71,0.0022
2023-01-14,서초구,13,7,0.0101,0.0223,,0.0024
2023-01-14,성동구,11,5,0.0144,0.0217,0.5,0.0038
2023-01-14,성북구,16,18,0.0106,0.0278,0.64,0.0027
2023-01-14,송파구,10,6,0.0105,0.0263,0.59,0.0026
2023-01-14,양천구,14,8,0.0096,0.0203,0.56,0.0034
2023-01-14,영등포구,16,8,0.0098,0.023,0.58,0.0028
2023-01-14,용산구,11,7,0.0139,0.0212,0.54,0.0024
2023-01-14,은평구,11,7,0.0123,0.0163,1,0.0028
2023-01-14,종로구,11,8,0.0134,0.0238,0.59,0.0036
2023-01-14,중구,,,,,,
2023-01-14,중랑구,10,5,0.0157,0.0238,0.51,0.0028
2023-01-13,평균,21,13,0.0068,0.0363,0.72,0.0034
2023-01-13,강남구,21,12,0.007,0.0398,0.61,0.0036
2023-01-13,강동구,20,12,0.0057,0.03,0.54,0.0029
2023-01-13,강북구,15,8,0.0075,0.0318,0.93,0.0031
2023-01-13,강서구,24,13,0.0078,0.0358,0.69,0.0034
2023-01-13,관악구,25,12,0.0046,0.0379,0.64,0.003
2023-01-13,광진구,17,10,0.0081,0.0267,0.53,0.0033
2023-01-13,구로구,18,14,0.0053,0.0317,0.39,0.0026
2023-01-13,금천구,26,15,0.0043,0.0363,0.55,0.0038
2023-01-13,노원구,23,17,0.0025,0.0497,0.94,0.0037
2023-01-13,도봉구,18,13,0.0082,0.0342,1.03,0.003
2023-01-13,동대문구,26,14,0.0055,0.0417,0.79,0.0039
2023-01-13,동작구,20,13,0.0043,0.0436,0.65,0.0037
2023-01-13,마포구,18,13,0.0098,0.0358,0.7,0.0043
2023-01-13,서대문구,16,11,0.0151,0.0249,0.78,0.0029
2023-01-13,서초구,24,16,0.0046,0.0415,,0.0027
2023-01-13,성동구,26,12,0.005,0.0409,0.69,0.0044
2023-01-13,성북구,23,15,0.0058,0.0403,0.8,0.003
2023-01-13,송파구,24,15,0.0047,0.041,0.86,0.0031
2023-01-13,양천구,26,15,0.005,0.035,0.67,0.004
2023-01-13,영등포구,23,13,0.005,0.0384,0.66,0.0032
2023-01-13,용산구,18,13,0.0068,0.0358,0.66,0.0029
2023-01-13,은평구,15,9,0.0151,0.0209,1,0.0037
2023-01-13,종로구,19,12,0.0084,0.0372,0.78,0.0039
2023-01-13,중구,,,,,,
2023-01-13,중랑구,21,11,0.0079,0.0395,0.67,0.0032
2023-01-12,평균,64,44,0.0064,0.0546,0.87,0.004
2023-01-12,강남구,67,45,0.0051,0.0575,0.7,0.0041
2023-01-12,강동구,69,48,0.0053,0.0434,0.67,0.0033
2023-01-12,강북구,53,36,0.0102,0.0447,0.83,0.0035
2023-01-12,강서구,70,42,0.0054,0.0553,0.93,0.004
2023-01-12,관악구,81,48,0.0043,0.0651,1,0.004
2023-01-12,광진구,63,45,0.0059,0.0435,0.61,0.0034
2023-01-12,구로구,75,51,0.0037,0.0518,0.64,0.0036
2023-01-12,금천구,67,51,0.0024,0.0596,0.82,0.0042
2023-01-12,노원구,60,43,0.005,0.0673,1.08,0.0049
2023-01-12,도봉구,49,35,0.0114,0.0467,0.9,0.0028
2023-01-12,동대문구,55,39,0.0065,0.0561,0.93,0.0046
2023-01-12,동작구,74,55,0.0046,0.0664,0.95,0.0044
2023-01-12,마포구,52,43,0.0075,0.0548,0.82,0.0049
2023-01-12,서대문구,53,37,0.0152,0.0425,0.8,0.0046
2023-01-12,서초구,75,51,0.0041,0.0587,,0.0031
2023-01-12,성동구,71,40,0.0045,0.0578,0.86,0.005
2023-01-12,성북구,62,41,0.0059,0.0583,1,0.0039
2023-01-12,송파구,73,47,0.0049,0.059,0.98,0.0037
2023-01-12,양천구,73,51,0.0037,0.0566,0.94,0.0044
2023-01-12,영등포구,72,53,0.004,0.0621,1.01,0.0042
2023-01-12,용산구,60,40,0.0054,0.0552,0.83,0.0034
2023-01-12,은평구,46,29,0.0137,0.0389,1.01,0.0035
2023-01-12,종로구,53,40,0.0063,0.0568,0.97,0.0047
2023-01-12,중구,,,,,,
2023-01-12,중랑구,58,43,0.0096,0.0526,0.69,0.0035
2023-01-11,평균,74,48,0.0049,0.0606,0.98,0.0043
2023-01-11,강남구,76,48,0.0051,0.0658,0.96,0.0045
2023-01-11,강동구,76,50,0.0041,0.0493,0.82,0.0035
2023-01-11,강북구,62,37,0.0062,0.0506,0.87,0.0036
2023-01-11,강서구,87,49,0.0044,0.0632,1,0.0054
2023-01-11,관악구,87,50,0.0062,0.0672,1.03,0.0045
2023-01-11,광진구,71,46,0.0049,0.0509,0.89,0.0041
2023-01-11,구로구,92,59,0.0034,0.0574,0.78,0.0044
2023-01-11,금천구,71,51,0.0045,0.0548,0.72,0.0039
2023-01-11,노원구,68,44,0.0048,0.0696,1,0.0045
2023-01-11,도봉구,56,37,0.0065,0.0519,0.98,0.0029
2023-01-11,동대문구,66,45,0.0051,0.063,1.07,0.0047
2023-01-11,동작구,81,56,0.0066,0.0627,0.91,0.0041
2023-01-11,마포구,63,51,0.0047,0.0664,1.03,0.0055
2023-01-11,서대문구,71,46,0.0055,0.0605,1.34,0.0063
2023-01-11,서초구,82,58,0.0035,0.0668,0.89,0.0034
2023-01-11,성동구,76,40,0.0051,0.0618,0.96,0.0045
2023-01-11,성북구,68,41,0.0045,0.0614,1.04,0.004
2023-01-11,송파구,77,47,0.0049,0.0615,0.98,0.0039
2023-01-11,양천구,85,55,0.0039,0.0608,0.93,0.0043
2023-01-11,영등포구,78,54,0.0038,0.0684,1,0.0048
2023-01-11,용산구,76,47,0.0052,0.0611,1.02,0.0036
2023-01-11,은평구,66,41,0.0054,0.0512,1.16,0.0038
2023-01-11,종로구,69,51,0.0049,0.0648,1.1,0.0046
2023-01-11,중구,,,,,,
2023-01-11,중랑구,67,45,0.0053,0.0634,0.92,0.0037
2023-01-10,평균,61,33,0.0084,0.044,0.75,0.0037
2023-01-10,강남구,60,31,0.009,0.0444,0.66,0.0038
2023-01-10,강동구,65,36,0.008,0.0351,0.64,0.003
2023-01-10,강북구,62,30,0.0125,0.0351,0.76,0.0028
2023-01-10,강서구,69,31,0.0072,0.0446,0.74,0.0041
2023-01-10,관악구,63,31,0.0074,0.0503,0.8,0.0035
2023-01-10,광진구,62,32,0.0064,0.0435,0.71,0.0042
2023-01-10,구로구,67,30,0.0076,0.0406,0.51,0.0036
2023-01-10,금천구,58,38,0.0063,0.0455,0.71,0.0036
2023-01-10,노원구,61,34,0.0099,0.0518,0.83,0.0042
2023-01-10,도봉구,53,29,0.0135,0.0363,0.74,0.0029
2023-01-10,동대문구,57,32,0.01,0.0429,0.71,0.004
2023-01-10,동작구,66,37,0.0074,0.0495,0.73,0.0034
2023-01-10,마포구,53,37,0.0068,0.0483,0.76,0.0043
2023-01-10,서대문구,57,30,0.008,0.0442,1.16,0.0067
2023-01-10,서초구,62,33,0.0059,0.0478,0.58,0.0032
2023-01-10,성동구,63,28,0.0087,0.0439,0.67,0.0038
2023-01-10,성북구,62,33,0.0102,0.0447,0.74,0.0036
2023-01-10,송파구,66,35,0.0088,0.045,0.76,0.0031
2023-01-10,양천구,65,35,0.0059,0.044,0.73,0.0035
2023-01-10,영등포구,60,34,0.0074,0.0485,0.74,0.0036
2023-01-10,용산구,62,33,0.0043,0.0449,0.76,0.0034
2023-01-10,은평구,56,27,0.0084,0.0367,1.04,0.0034
2023-01-10,종로구,59,36,0.0088,0.0459,0.78,0.0037
2023-01-10,중구,,,,,,
2023-01-10,중랑구,58,34,0.0127,0.0413,0.65,0.0031
2023-01-09,평균,94,40,0.016,0.0304,0.67,0.0034
2023-01-09,강남구,91,39,0.0127,0.0353,0.63,0.0036
2023-01-09,강동구,100,45,0.0158,0.0233,0.55,0.0029
2023-01-09,강북구,99,38,0.0216,0.0239,0.67,0.0032
2023-01-09,강서구,112,39,0.0184,0.0286,0.63,0.0034
2023-01-09,관악구,91,33,0.0151,0.0319,0.68,0.0031
2023-01-09,광진구,96,38,0.0074,0.0207,0.94,0.0023
2023-01-09,구로구,101,38,0.0147,0.027,0.45,0.0031
2023-01-09,금천구,77,36,0.0157,0.0328,0.68,0.0034
2023-01-09,노원구,96,41,0.0217,0.0281,0.6,0.0036
2023-01-09,도봉구,90,38,0.0236,0.0234,0.68,0.0028
2023-01-09,동대문구,91,39,0.0166,0.0317,0.67,0.0036
2023-01-09,동작구,95,39,0.0168,0.0343,0.61,0.0036
2023-01-09,마포구,80,41,0.0151,0.0327,0.66,0.0045
2023-01-09,서대문구,92,36,0.017,0.029,0.82,0.0051
2023-01-09,서초구,90,40,0.0141,0.0313,0.52,0.0031
2023-01-09,성동구,95,34,0.0156,0.0312,0.6,0.0037
2023-01-09,성북구,96,41,0.0163,0.0331,0.62,0.0034
2023-01-09,송파구,99,45,0.0141,0.034,0.68,0.003
2023-01-09,양천구,100,41,0.0141,0.0298,0.63,0.0033
2023-01-09,영등포구,88,44,0.015,0.0322,0.64,0.0033
2023-01-09,용산구,93,39,0.0154,0.0289,0.63,0.0036
2023-01-09,은평구,92,35,0.0186,0.0241,0.94,0.0036
2023-01-09,종로구,92,45,0.0169,0.0332,0.7,0.0036
2023-01-09,중구,107,54,0.0082,0.0482,0.81,0.0036
2023-01-09,중랑구,88,41,0.0196,0.032,0.59,0.0034
2023-01-08,평균,132,58,0.0111,0.0359,0.84,0.0031
2023-01-08,강남구,119,64,0.0106,0.0378,0.87,0.0031
2023-01-08,강동구,129,74,0.01,0.0274,0.8,0.0025
2023-01-08,강북구,152,51,0.0141,0.0306,0.85,0.0026
2023-01-08,강서구,159,50,0.0111,0.0387,0.85,0.0032
2023-01-08,관악구,132,45,0.0091,0.0423,0.87,0.0029
2023-01-08,광진구,124,59,0.0122,0.0202,1.07,0.0022
2023-01-08,구로구,139,54,0.009,0.0356,0.6,0.003
2023-01-08,금천구,109,45,0.0134,0.0299,0.68,0.0031
2023-01-08,노원구,146,61,0.0112,0.0434,0.88,0.0033
2023-01-08,도봉구,132,55,0.0152,0.0313,0.85,0.0024
2023-01-08,동대문구,125,55,0.011,0.0368,0.85,0.0033
2023-01-08,동작구,143,58,0.0092,0.0432,0.77,0.003
2023-01-08,마포구,119,62,0.0093,0.0408,0.87,0.0039
2023-01-08,서대문구,129,52,0.0115,0.036,1.03,0.0054
2023-01-08,서초구,125,65,0.0078,0.0379,0.72,0.0028
2023-01-08,성동구,127,55,0.0112,0.0344,0.85,0.0029
2023-01-08,성북구,134,61,0.0106,0.0391,0.83,0.0032
2023-01-08,송파구,126,67,0.0103,0.0371,0.9,0.0025
2023-01-08,양천구,146,57,0.0089,0.0378,0.82,0.0033
2023-01-08,영등포구,129,66,0.008,0.0421,0.87,0.003
2023-01-08,용산구,129,56,0.0092,0.0343,0.79,0.0032
2023-01-08,은평구,129,48,0.0137,0.0283,0.99,0.0031
2023-01-08,종로구,135,66,0.0111,0.0388,0.84,0.0032
2023-01-08,중구,133,60,0.013,0.0411,0.79,0.0033
2023-01-08,중랑구,128,64,0.0169,0.0321,0.78,0.0027
2023-01-07,평균,121,89,0.0222,0.0284,0.94,0.0033
2023-01-07,강남구,119,86,0.0229,0.0307,0.88,0.0036
2023-01-07,강동구,127,98,0.0169,0.0274,0.88,0.0026
2023-01-07,강북구,123,77,0.0281,0.0205,0.94,0.0029
2023-01-07,강서구,135,87,0.0249,0.0277,0.9,0.0038
2023-01-07,관악구,127,79,0.0212,0.0291,0.97,0.0032
2023-01-07,광진구,116,82,0.0184,0.0196,1.18,0.0024
2023-01-07,구로구,126,94,0.0214,0.0242,0.66,0.0034
2023-01-07,금천구,117,96,0.0264,0.0261,0.93,0.0035
2023-01-07,노원구,122,91,0.0218,0.0333,0.99,0.0032
2023-01-07,도봉구,114,82,0.0303,0.0202,0.98,0.0027
2023-01-07,동대문구,118,86,0.022,0.0288,0.95,0.0035
2023-01-07,동작구,125,95,0.026,0.03,0.89,0.0035
2023-01-07,마포구,110,96,0.0172,0.0349,0.96,0.0043
2023-01-07,서대문구,116,90,0.0204,0.0286,1.14,0.0046
2023-01-07,서초구,114,94,0.0189,0.0291,0.75,0.0029
2023-01-07,성동구,125,76,0.0211,0.0288,0.87,0.0033
2023-01-07,성북구,124,89,0.021,0.0316,0.91,0.0034
2023-01-07,송파구,113,84,0.0178,0.0354,0.97,0.0027
2023-01-07,양천구,132,98,0.0204,0.0285,0.88,0.0035
2023-01-07,영등포구,116,95,0.0224,0.0293,0.92,0.0035
2023-01-07,용산구,107,76,0.0213,0.0262,0.89,0.0035
2023-01-07,은평구,123,89,0.0234,0.0234,1.22,0.0035
2023-01-07,종로구,125,101,0.0231,0.0281,0.96,0.0033
2023-01-07,중구,123,98,0.0272,0.0321,0.9,0.0036
2023-01-07,중랑구,117,92,0.0198,0.0362,0.97,0.0031
2023-01-06,평균,78,61,0.0111,0.047,0.88,0.0038
2023-01-06,강남구,79,59,0.0109,0.048,0.8,0.0038
2023-01-06,강동구,82,65,0.0116,0.0351,0.7,0.0031
2023-01-06,강북구,74,52,0.0106,0.0445,0.85,0.0031
2023-01-06,강서구,92,66,0.0112,0.0547,1.1,0.0045
2023-01-06,관악구,82,55,0.0115,0.0497,0.93,0.0034
2023-01-06,광진구,76,59,0.0091,0.0294,0.97,0.0025
2023-01-06,구로구,85,67,0.0111,0.0419,0.68,0.0035
2023-01-06,금천구,78,65,0.0197,0.0395,0.73,0.004
2023-01-06,노원구,75,62,0.0107,0.0548,0.86,0.0042
2023-01-06,도봉구,66,54,0.0109,0.0453,0.88,0.0028
2023-01-06,동대문구,73,56,0.0059,0.0519,0.94,0.004
2023-01-06,동작구,79,64,0.0134,0.0485,0.81,0.0035
2023-01-06,마포구,71,67,0.0106,0.0519,1,0.0049
2023-01-06,서대문구,71,57,0.0134,0.0472,1.05,0.0065
2023-01-06,서초구,81,65,0.0082,0.0512,0.74,0.0033
2023-01-06,성동구,83,52,0.011,0.0461,0.83,0.0038
2023-01-06,성북구,73,57,0.0077,0.0516,0.95,0.0039
2023-01-06,송파구,76,57,0.0124,0.0445,0.83,0.0033
2023-01-06,양천구,93,74,0.0096,0.0492,0.93,0.0039
2023-01-06,영등포구,86,71,0.0095,0.0541,0.99,0.004
2023-01-06,용산구,68,55,0.0108,0.0433,0.77,0.0039
2023-01-06,은평구,72,56,0.0158,0.0377,1.01,0.0039
2023-01-06,종로구,75,65,0.0078,0.0528,0.97,0.004
2023-01-06,중구,77,69,0.0114,0.0545,0.91,0.0042
2023-01-06,중랑구,75,62,0.0118,0.0471,0.79,0.0033
2023-01-05,평균,49,36,0.0056,0.0517,0.91,0.0039
2023-01-05,강남구,47,32,0.0056,0.0523,0.8,0.0038
2023-01-05,강동구,52,38,0.003,0.0443,0.72,0.003
2023-01-05,강북구,47,31,0.0143,0.0353,0.75,0.0029
2023-01-05,강서구,66,38,0.0052,0.056,1.07,0.0051
2023-01-05,관악구,53,34,0.0046,0.0612,1.06,0.0037
2023-01-05,광진구,47,34,0.0042,0.0303,0.97,0.0025
2023-01-05,구로구,57,39,0.0048,0.0479,0.76,0.0039
2023-01-05,금천구,51,42,0.0047,0.0503,0.76,0.0044
2023-01-05,노원구,53,41,0.0064,0.0607,0.95,0.0045
2023-01-05,도봉구,45,33,0.0107,0.0445,0.8,0.0028
2023-01-05,동대문구,49,35,0.0051,0.0543,0.96,0.0041
2023-01-05,동작구,52,39,0.0041,0.0601,0.92,0.0034
2023-01-05,마포구,41,41,0.0042,0.0607,1.08,0.0046
2023-01-05,서대문구,45,31,0.0075,0.0483,1.11,0.0079
2023-01-05,서초구,52,34,0.0035,0.0583,0.79,0.0034
2023-01-05,성동구,49,27,0.0036,0.053,0.82,0.0036
2023-01-05,성북구,47,35,0.0048,0.0558,1.08,0.0042
2023-01-05,송파구,46,35,0.0029,0.0556,0.96,0.0034
2023-01-05,양천구,58,44,0.0043,0.0552,1.03,0.0037
2023-01-05,영등포구,51,38,0.0045,0.0592,0.95,0.004
2023-01-05,용산구,44,34,0.0049,0.0483,0.8,0.0039
2023-01-05,은평구,41,26,0.0093,0.038,0.93,0.0037
2023-01-05,종로구,49,39,0.0043,0.0553,0.97,0.004
2023-01-05,중구,48,42,0.0085,0.0558,0.88,0.0038
2023-01-05,중랑구,46,35,0.0044,0.0525,0.78,0.0031
2023-01-04,평균,35,23,0.0104,0.0407,0.68,0.0037
2023-01-04,강남구,35,22,0.0111,0.0412,0.61,0.0036
2023-01-04,강동구,37,26,0.0089,0.0349,0.55,0.0028
2023-01-04,강북구,33,20,0.0165,0.0297,0.69,0.0029
2023-01-04,강서구,48,26,0.0095,0.0464,0.8,0.0046
2023-01-04,관악구,36,21,0.0068,0.0497,0.73,0.0036
2023-01-04,광진구,34,22,0.0092,0.0238,0.76,0.0021
2023-01-04,구로구,38,23,0.0081,0.0398,0.51,0.0037
2023-01-04,금천구,29,21,0.0112,0.0373,0.54,0.0037
2023-01-04,노원구,35,25,0.0097,0.0497,0.75,0.0041
2023-01-04,도봉구,28,20,0.0176,0.0333,0.62,0.0026
2023-01-04,동대문구,34,22,0.013,0.039,0.67,0.0039
2023-01-04,동작구,36,24,0.0077,0.0458,0.61,0.0034
2023-01-04,마포구,32,27,0.0087,0.0454,0.73,0.0046
2023-01-04,서대문구,34,21,0.0121,0.04,0.96,0.0074
2023-01-04,서초구,39,22,0.0075,0.0456,0.53,0.0034
2023-01-04,성동구,36,17,0.0093,0.0417,0.62,0.0036
2023-01-04,성북구,31,21,0.0107,0.0441,0.83,0.004
2023-01-04,송파구,36,23,0.008,0.0449,0.69,0.0033
2023-01-04,양천구,38,28,0.006,0.0447,0.74,0.0034
2023-01-04,영등포구,38,24,0.0079,0.0471,0.71,0.0037
2023-01-04,용산구,33,24,0.0104,0.0372,0.64,0.0037
2023-01-04,은평구,31,17,0.0129,0.032,0.8,0.0038
2023-01-04,종로구,34,26,0.0116,0.0408,0.71,0.0037
2023-01-04,중구,35,29,0.0168,0.0433,0.68,0.0035
2023-01-04,중랑구,32,23,0.0087,0.0409,0.62,0.0029
2023-01-03,평균,30,17,0.0142,0.0296,0.56,0.0033
2023-01-03,강남구,29,15,0.0162,0.0303,0.51,0.0034
2023-01-03,강동구,34,21,0.0117,0.028,0.49,0.0028
2023-01-03,강북구,32,17,0.0184,0.0228,0.61,0.0026
2023-01-03,강서구,37,16,0.0149,0.0302,0.55,0.0038
2023-01-03,관악구,30,15,0.0133,0.0339,0.6,0.0032
2023-01-03,광진구,31,19,0.0124,0.0195,0.67,0.0021
2023-01-03,구로구,30,13,0.0113,0.0283,0.39,0.0033
2023-01-03,금천구,25,17,0.0146,0.0292,0.51,0.0034
2023-01-03,노원구,35,22,0.0156,0.0349,0.62,0.0037
2023-01-03,도봉구,26,15,0.0194,0.0259,0.54,0.0025
2023-01-03,동대문구,30,17,0.0164,0.0296,0.59,0.0038
2023-01-03,동작구,28,17,0.0109,0.0332,0.51,0.0027
2023-01-03,마포구,28,19,0.011,0.0297,0.55,0.003
2023-01-03,서대문구,29,15,0.0135,0.0307,0.77,0.0065
2023-01-03,서초구,27,12,0.0114,0.0329,0.38,0.0032
2023-01-03,성동구,29,13,0.0135,0.0324,0.49,0.0032
2023-01-03,성북구,28,17,0.0135,0.034,0.69,0.0039
2023-01-03,송파구,31,18,0.0121,0.0352,0.6,0.0029
2023-01-03,양천구,30,17,0.0129,0.0283,0.53,0.0027
2023-01-03,영등포구,28,15,0.0137,0.0301,0.52,0.0032
2023-01-03,용산구,28,17,0.0149,0.0262,0.55,0.0034
2023-01-03,은평구,26,11,0.015,0.0243,0.7,0.0035
2023-01-03,종로구,29,19,0.0146,0.0305,0.63,0.0034
2023-01-03,중구,28,20,0.0181,0.0309,0.54,0.0032
2023-01-03,중랑구,32,20,0.0157,0.0295,0.52,0.0027
2023-01-02,평균,24,11,0.0205,0.0187,0.44,0.0031
2023-01-02,강남구,24,11,0.0212,0.0206,0.43,0.0034
2023-01-02,강동구,26,13,0.0173,0.0194,0.38,0.0028
2023-01-02,강북구,22,11,0.0207,0.008,0.49,0.0022
2023-01-02,강서구,32,11,0.022,0.0176,0.44,0.0034
2023-01-02,관악구,26,11,0.0183,0.0209,0.45,0.0031
2023-01-02,광진구,21,12,0.0173,0.0118,0.53,0.002
2023-01-02,구로구,25,8,0.0186,0.0163,0.28,0.0032
2023-01-02,금천구,23,14,0.0188,0.0243,0.49,0.0035
2023-01-02,노원구,25,14,0.0223,0.0212,0.45,0.0033
2023-01-02,도봉구,21,10,0.0287,0.013,0.38,0.0028
2023-01-02,동대문구,24,12,0.0235,0.0169,0.45,0.0035
2023-01-02,동작구,27,14,0.0187,0.0214,0.41,0.003
2023-01-02,마포구,21,10,0.0193,0.0175,0.47,0.0026
2023-01-02,서대문구,23,9,0.0205,0.0178,0.35,0.0038
2023-01-02,서초구,23,8,0.0199,0.0186,0.29,0.0032
2023-01-02,성동구,25,11,0.0186,0.0239,0.42,0.0032
2023-01-02,성북구,20,10,0.02,0.0223,0.51,0.0036
2023-01-02,송파구,27,13,0.0169,0.0256,0.51,0.003
2023-01-02,양천구,26,12,0.0177,0.0188,0.44,0.0027
2023-01-02,영등포구,22,9,0.0188,0.0188,0.43,0.0031
2023-01-02,용산구,25,14,0.021,0.0166,0.49,0.0033
2023-01-02,은평구,23,7,0.0216,0.016,0.62,0.0038
2023-01-02,종로구,24,14,0.0239,0.0169,0.42,0.0031
2023-01-02,중구,23,14,0.0265,0.019,0.43,0.0031
2023-01-02,중랑구,23,13,0.0195,0.0232,0.42,0.0029
2023-01-01,평균,52,37,0.0226,0.0236,0.65,0.0036
2023-01-01,강남구,52,36,0.024,0.024,0.6,0.004
2023-01-01,강동구,56,43,0.017,0.027,0.7,0.003
2023-01-01,강북구,51,34,0.026,,0.7,0.004
2023-01-01,강서구,62,38,0.025,0.021,0.6,0.004
2023-01-01,관악구,54,35,0.02,0.025,0.6,0.003
2023-01-01,광진구,48,36,0.018,0.018,0.8,0.003
2023-01-01,구로구,53,35,0.021,0.019,0.4,0.003
2023-01-01,금천구,47,38,0.024,0.023,0.6,0.004
2023-01-01,노원구,51,39,0.022,0.031,0.7,0.004
2023-01-01,도봉구,43,32,0.029,0.02,0.7,0.003
2023-01-01,동대문구,52,37,0.024,0.023,0.7,0.004
2023-01-01,동작구,56,41,0.025,0.022,0.6,0.004
2023-01-01,마포구,49,40,0.02,0.023,0.6,0.003
2023-01-01,서대문구,53,37,0.022,0.024,0.7,0.005
2023-01-01,서초구,52,37,0.024,0.018,0.5,0.003
2023-01-01,성동구,53,33,0.022,0.027,0.6,0.003
2023-01-01,성북구,45,34,0.021,0.03,0.8,0.004
2023-01-01,송파구,51,35,0.018,0.03,0.7,0.003
2023-01-01,양천구,53,39,0.02,0.023,0.6,0.003
2023-01-01,영등포구,51,34,0.023,0.023,0.6,0.004
2023-01-01,용산구,50,37,0.024,0.019,0.6,0.004
2023-01-01,은평구,55,37,0.023,0.021,0.8,0.004
2023-01-01,종로구,53,42,0.025,0.022,0.7,0.004
2023-01-01,중구,54,46,0.026,0.023,0.6,0.004
2023-01-01,중랑구,52,39,0.021,0.03,0.7,0.003
