LOCATION,TIME,CO,CO2,GHG,NOX,SOX,VOC,PM2.5
AUS,1990,6064.261,276.693957,438082.427,1715.4119999999998,1678.077,1603.395,10.6
AUS,1991,6079.665,278.077607,438074.634,1688.006,1660.795,1593.365,10.1
AUS,1992,6233.789,282.213441,441777.454,1735.42,1746.54,1597.303,9.9
AUS,1993,6467.664,286.269543,442307.562,1779.886,1841.1,1614.664,10.2
AUS,1994,6614.625,292.44145999999995,442635.414,1781.296,1863.377,1626.292,10.0
AUS,1995,6447.015,303.254351,451101.516,1787.086,1766.335,1607.352,9.8
AUS,1996,6626.434,313.51885500000003,457600.101,1840.35,1858.046,1574.335,10.0
AUS,1997,6639.2390000000005,321.684577,469861.1910000001,1895.588,1916.138,1571.3490000000002,10.2
AUS,1998,6260.321,342.162767,484063.135,1933.67,1836.491,1559.2779999999998,10.0
AUS,1999,6112.246999999999,348.433345,489997.209,1966.116,1929.105,1524.562,10.0
AUS,2000,5669.942,354.393183,501615.349,1973.898,2465.583,1489.9540000000002,10.2
AUS,2001,5387.827,360.869763,509482.511,2061.2200000000003,2718.519,1478.206,10.0
AUS,2002,5241.998,369.079967,513197.33,2144.054,2917.188,1493.136,10.4
AUS,2003,4727.461,368.299901,511740.157,2228.603,2915.248,1311.803,10.3
AUS,2004,4823.659,382.147603,528853.961,2283.5080000000003,2638.346,1319.806,10.5
AUS,2005,4169.975,384.640343,535616.302,2303.024,2645.026,1295.408,10.5
AUS,2006,4136.496999999999,389.9732570000001,540044.1880000001,2312.528,2604.004,1302.658,10.8
AUS,2007,3543.557,400.361936,546765.767,2320.086,2562.117,1260.063,10.8
AUS,2008,3377.911,403.467727,549154.664,2373.079,2630.592,1254.917,10.8
AUS,2009,3302.232,409.668214,552152.806,2354.132,2717.682,1266.79,10.7
AUS,2010,3128.977,412.095827,547197.5970000001,2446.666,2486.048,1249.571,10.4
AUS,2011,3072.57,409.912443,549031.928,2393.7670000000003,2619.228,1260.216,10.2
AUS,2012,3034.156,410.315808,552329.8450000001,2545.834,2628.857,1268.094,10.0
AUS,2013,2965.114,402.91313,543822.188,2615.33,2518.564,1280.448,9.9
AUS,2014,2890.621,392.729885,535474.25,2634.173,2606.188,1307.501,9.7
AUS,2015,2835.441,399.377074,544254.6669999999,2650.751,2484.984,1336.741,9.8
AUS,2016,2767.812,409.513287,552377.662,2717.378,2567.585,1309.957,9.5
AUS,2017,2914.944,411.800131,559603.856,2795.897,2380.723,1355.493,9.5
AUT,1990,1416.692,68.40268,79057.527,246.304,83.226,377.552,14.0
AUT,1991,1422.975,72.858227,82721.822,256.801,79.774,370.83,14.0
AUT,1992,1357.039,67.81299200000001,76152.51999999999,243.441,61.036,343.948,13.6
AUT,1993,1285.668,67.991954,76527.543,233.446,59.422,321.875,13.5
AUT,1994,1210.6280000000002,68.516176,76735.63500000001,223.893,53.045,296.39,12.5
AUT,1995,1092.991,72.135362,79963.29699999999,222.796,52.6,278.464,13.4
AUT,1996,1086.325,76.118925,83123.37,242.686,49.384,267.693,13.5
AUT,1997,1002.474,75.373136,82730.00799999999,227.141,45.397,251.51,12.9
AUT,1998,951.002,76.184085,82023.181,240.245,40.022,242.111,12.9
AUT,1999,819.644,74.668097,80465.21699999999,230.915,37.886,229.451,12.8
AUT,2000,814.05,75.22658200000001,80629.42499999999,237.062,35.437,202.209,13.2
AUT,2001,783.074,79.794432,84524.55600000001,248.905,36.412,195.941,12.3
AUT,2002,746.97,81.348219,86278.212,257.142,35.181,190.388,12.1
AUT,2003,749.186,86.69390100000001,91647.591,269.635,34.924,185.885,12.3
AUT,2004,728.841,88.132136,91439.087,268.75,29.745,170.655,12.1
AUT,2005,700.733,88.645442,92599.837,275.572,28.986,175.04399999999998,12.2
AUT,2006,700.073,86.380391,90169.572,265.06100000000004,29.839,177.39499999999998,12.5
AUT,2007,674.0129999999999,83.396998,87388.485,257.008,26.038,172.75799999999998,12.5
AUT,2008,652.569,82.921715,86781.246,242.288,22.593,166.87099999999998,12.0
AUT,2009,629.571,76.541657,80146.638,227.026,16.416,152.678,11.8
AUT,2010,646.7080000000001,82.493104,84703.422,227.187,17.797,153.235,12.1
AUT,2011,627.249,80.86999,82515.59199999999,217.671,16.873,147.623,11.9
AUT,2012,626.271,77.649008,79797.794,211.433,16.44,145.091,12.1
AUT,2013,629.0840000000001,78.26668000000001,80237.982,210.305,15.95,138.495,11.9
AUT,2014,588.5070000000001,74.545457,76671.635,201.514,16.11,130.932,12.2
AUT,2015,599.556,75.68372,78893.606,197.879,15.645,125.246,11.2
AUT,2016,593.39,76.14809199999999,79830.397,189.232,14.707,123.916,11.4
AUT,2017,582.696,78.46767200000001,82141.83,179.18200000000002,14.16,124.574,11.3
AUT,2018,536.936,75.754388,78863.297,166.77700000000002,12.798,120.862,11.3
AUT,2019,551.3910000000001,77.246774,80003.149,158.328,12.29,120.424,11.6
AUT,2020,527.149,71.381404,73919.132,136.742,11.67,123.061,11.3
BEL,1990,1659.1709999999998,120.268647,145859.106,462.143,400.066,388.17,12.2
BEL,1991,1594.163,125.210073,148594.432,461.194,401.167,380.467,11.4
BEL,1992,1597.239,123.240269,148092.486,462.718,391.364,380.111,11.7
BEL,1993,1510.639,120.796349,146911.5,457.115,363.733,370.151,11.7
BEL,1994,1441.273,125.892421,151460.417,455.317,317.868,350.765,11.1
BEL,1995,1403.84,125.503683,153594.97600000002,448.608,282.107,341.129,11.0
BEL,1996,1351.15,131.009404,157243.434,432.486,270.948,330.944,10.9
BEL,1997,1215.225,127.942717,148835.29,416.342,246.553,312.591,10.9
BEL,1998,1152.391,130.927806,154027.98,418.031,231.555,302.981,9.9
BEL,1999,1077.75,126.921484,147747.267,388.122,189.149,283.923,10.1
BEL,2000,1090.145,128.73460699999998,148891.851,389.542,186.109,256.93,11.2
BEL,2001,1009.402,130.212773,147333.39899999998,376.085,179.828,249.959,11.0
BEL,2002,1050.072,122.227199,147429.33899999998,363.87,171.148,232.231,11.3
BEL,2003,998.344,127.219091,147745.72600000002,358.458,165.572,220.619,11.3
BEL,2004,939.589,125.133776,148538.176,369.29,168.386,206.917,12.1
BEL,2005,873.1139999999999,122.536152,145432.224,353.012,155.504,199.934,12.2
BEL,2006,807.5010000000001,119.349543,142729.132,335.041,145.739,192.519,10.9
BEL,2007,668.2829999999999,115.088774,139103.881,322.978,133.821,181.195,10.3
BEL,2008,673.134,118.032352,139043.888,293.121,103.126,172.125,10.5
BEL,2009,460.816,110.999416,126450.231,260.233,80.19800000000001,158.49800000000002,10.1
BEL,2010,538.731,118.540802,133656.563,260.887,64.983,156.84,10.3
BEL,2011,431.077,107.516151,123204.197,242.339,57.185,143.771,10.1
BEL,2012,369.651,106.372553,120454.495,229.979,51.005,139.818,10.1
BEL,2013,556.282,107.78964,120534.549,219.486,46.252,135.551,10.3
BEL,2014,345.125,101.369413,114889.123,208.669,43.868,128.398,10.6
BEL,2015,397.457,106.598011,119000.968,209.185,44.448,127.371,10.4
BEL,2016,379.067,105.585554,117429.962,197.173,36.895,126.107,9.4
BEL,2017,305.734,104.176356,116919.537,185.078,35.122,124.093,9.3
BEL,2018,354.051,104.949244,117595.227,177.905,34.457,122.937,9.2
BEL,2019,388.806,104.210393,116473.872,164.959,31.973,121.641,9.2
CAN,1990,12008.431,426.238109,588624.0800000001,2382.445,3119.452,2974.799,8.5
CAN,1991,11791.272,420.302436,582051.9809999999,2290.4680000000003,2892.819,2913.318,8.2
CAN,1992,11724.275,433.351867,599263.783,2329.666,2764.957,2934.0840000000003,7.8
CAN,1993,12000.867,430.202135,601764.632,2380.442,2672.775,3021.683,7.5
CAN,1994,11965.574,445.848455,621955.575,2499.4480000000003,2452.897,3048.714,7.4
CAN,1995,11821.819,455.74678,639092.0950000001,2560.057,2589.939,3044.222,7.4
CAN,1996,11457.824,470.255162,660790.119,2629.046,2598.373,3035.713,7.4
CAN,1997,11125.975,485.3083620000001,676416.841,2772.177,2545.2960000000003,2965.311,7.2
CAN,1998,10838.415,492.199734,682457.461,2810.866,2509.625,2906.057,7.3
CAN,1999,10635.383,501.965246,694539.7829999999,2874.418,2404.46,2834.821,7.5
CAN,2000,10406.437,522.235816,719487.16,2843.352,2407.499,2764.631,7.6
CAN,2001,9551.508000000002,514.60027,710194.733,2703.403,2383.5660000000003,2524.591,7.6
CAN,2002,9213.92,533.285172,715512.58,2644.384,2338.695,2491.241,7.7
CAN,2003,9057.413,553.522322,734163.747,2603.762,2265.998,2429.775,7.7
CAN,2004,8547.213,545.1409940000001,736748.522,2460.826,2276.336,2387.553,7.8
CAN,2005,7649.213000000001,558.149319,732242.802,2362.32,2157.905,2340.3720000000003,8.0
CAN,2006,7137.234,548.437373,725311.491,2204.117,1949.812,2217.916,8.2
CAN,2007,7060.917,579.67998,748092.836,2210.286,1901.476,2191.94,8.4
CAN,2008,6838.150000000001,558.852702,730823.2170000001,2136.464,1710.036,2143.2870000000003,8.4
CAN,2009,6495.928,530.538399,689569.823,2007.47,1438.275,1980.817,8.4
CAN,2010,6262.034000000001,544.4875460000001,701888.187,2020.488,1325.884,1936.75,8.4
CAN,2011,5852.902,557.1779170000001,711333.537,1964.0,1240.744,1796.454,8.2
CAN,2012,5575.239,555.599507,716391.136,1853.071,1235.186,1804.259,8.3
CAN,2013,5528.912,565.2141849999999,723116.915,1805.462,1227.829,1837.877,8.2
CAN,2014,5435.139999999999,570.305869,720215.782,1757.071,1185.641,1856.416,8.0
CAN,2015,5332.812,567.340338,722938.5160000001,1687.277,1104.8000000000002,1769.53,8.0
CAN,2016,5236.986999999999,566.370486,704947.389,1627.458,1081.591,1657.569,8.1
CAN,2017,5295.726,576.986088,712253.2899999999,1679.792,984.727,1673.476,8.2
CAN,2018,5280.585,588.386412,724635.3300000001,1697.323,836.177,1718.9840000000002,8.2
CAN,2019,5228.109,574.709803,723698.5360000001,1686.8090000000002,733.6959999999999,1686.949,8.0
CAN,2020,4802.53,524.685791,658805.71,1502.859,668.995,1501.8,8.1
CHE,1990,938.83,55.735537,54942.063,165.452,42.123000000000005,346.945,12.9
CHE,1991,893.469,58.088813,56826.611,161.572,41.699,329.94100000000003,12.9
CHE,1992,823.427,58.194563,56576.124,153.602,38.87,303.50100000000003,12.3
CHE,1993,717.7560000000001,56.209021,53988.092,139.651,33.198,270.791,12.1
CHE,1994,656.691,55.302996,52936.912,136.44,30.021,253.339,11.8
CHE,1995,607.138,56.190386,53826.076,131.44799999999998,29.805,234.548,11.4
CHE,1996,582.631,56.914998,54476.096,124.815,28.169,221.805,11.3
CHE,1997,546.5799999999999,56.101318,53259.747,119.927,24.332,207.674,11.2
CHE,1998,523.076,57.74029,54791.761,119.2,25.156,194.901,11.1
CHE,1999,505.963,58.122109,54593.428,118.535,21.832,186.646,11.1
CHE,2000,475.955,57.603768,53846.838,115.949,18.634,175.45499999999998,11.2
CHE,2001,443.905,59.01665800000001,55371.939,112.036,19.536,165.33100000000002,10.6
CHE,2002,413.205,57.592314,53815.687,106.544,17.012,152.383,10.3
CHE,2003,399.997,58.715481,54877.835,105.181,17.248,142.78199999999998,10.3
CHE,2004,380.833,59.26191,55473.252,104.518,16.947,132.112,10.1
CHE,2005,363.052,59.923701,56097.402,105.115,15.816,128.269,9.7
CHE,2006,338.095,59.956267,55766.261,103.397,14.983,124.519,9.7
CHE,2007,321.03,58.60623,53824.113,101.736,13.05,121.153,9.9
CHE,2008,311.847,60.104464,55218.387,101.152,13.13,118.453,9.9
CHE,2009,293.38700000000006,58.680623,53733.203,95.551,11.599,114.864,9.6
CHE,2010,287.072,60.232821,55313.918,94.639,11.708,111.739,9.7
CHE,2011,259.82800000000003,57.077287,51192.762,89.766,9.386,107.083,9.5
CHE,2012,251.264,58.338557,52522.852000000006,89.927,9.598,104.012,9.3
CHE,2013,241.598,59.318174,53368.436,89.593,8.870999999999999,101.118,9.3
CHE,2014,217.352,56.573302,49431.516,84.999,8.023,96.934,9.1
CHE,2015,206.917,56.345789,48909.389,80.061,6.189,93.096,8.9
CHE,2016,207.171,56.987517,49217.853,77.84700000000001,5.691,90.246,8.7
CHE,2017,199.341,56.448972,48250.842,73.709,5.446,89.087,8.6
CHE,2018,188.834,56.033296,46746.659,69.824,5.204,87.91199999999999,8.5
CHE,2019,187.722,56.12434,46475.892,66.008,4.798,86.91499999999999,8.7
CHE,2020,169.57999999999998,54.177065,43794.806,58.918,4.193,84.69500000000001,8.5
CHL,2005,4658.609,62.854634,80301.372,128.72899999999998,302.016,2408.882,7.2
CHL,2006,4791.231000000001,64.327498,82827.426,149.442,402.192,2435.447,6.9
CHL,2007,4767.9400000000005,71.765016,91558.793,173.93,424.584,2446.095,7.4
CHL,2008,4948.487,75.313464,91399.373,215.746,369.926,2504.74,7.4
CHL,2009,4997.213,72.932781,88103.439,233.389,349.742,2521.764,7.2
CHL,2010,5198.457,77.504765,87947.224,241.709,321.02000000000004,2545.226,7.6
CHL,2011,5221.698,84.40667,96514.543,255.755,339.928,2542.93,7.1
CHL,2012,5108.513,86.555782,102430.712,271.21,251.352,2545.389,8.3
CHL,2013,5051.502,91.27194,102684.19,230.717,229.608,2557.425,7.2
CHL,2014,3737.433,84.968877,99273.711,245.912,156.127,1811.838,7.9
CHL,2015,2274.914,90.637194,106348.137,197.052,161.811,1180.198,7.9
CHL,2016,2552.379,94.788183,110162.103,191.846,365.629,1341.4260000000002,6.4
CHL,2017,2593.78,95.688749,111221.678,189.593,322.15599999999995,1341.452,5.7
CHL,2018,2604.112,95.401725,112318.61,158.45,282.454,1122.3290000000002,6.3
COL,2010,2094.453,68.896149,155063.826,366.249,514.634,646.007,4.2
COL,2011,1958.306,73.638296,154101.959,364.932,410.235,603.694,4.3
COL,2012,2020.95,73.623733,157729.242,375.536,488.471,679.681,4.4
COL,2013,1993.579,81.152412,162659.193,387.411,517.739,685.8439999999999,4.3
COL,2014,2128.087,83.220845,165842.774,396.157,549.743,710.4680000000001,4.2
COL,2015,2012.13,84.07461500000001,170640.606,402.746,543.227,703.045,4.2
COL,2016,2134.62,87.062226,175632.464,411.569,549.6370000000001,725.217,4.5
COL,2017,2034.253,80.26302299999999,171038.969,391.139,426.401,711.3779999999999,4.2
COL,2018,2147.761,83.758195,180730.865,405.63,492.2840000000001,730.8539999999999,4.2
CRI,1990,235.381,14.263601,8199.266,32.683,1.857,42.115,6.1
CRI,1991,180.586,14.199831,8059.238,31.121,2.097,44.312000000000005,6.1
CRI,1992,332.493,13.317132,8800.095,39.375,2.699,48.412000000000006,5.6
CRI,1993,283.779,13.921091,8895.245,39.432,2.307,54.207,5.6
CRI,1994,329.281,13.77677,9625.166,43.406,3.008,62.04,6.1
CRI,1995,269.457,14.078795,9696.428,42.68,2.777,66.352,5.9
CRI,1996,388.398,14.361403,9565.556,46.272,2.74,65.05199999999999,5.6
CRI,1997,413.208,14.901782,9275.098,48.145,1.993,67.447,5.6
CRI,1998,391.339,15.111688,9814.482,50.741,2.046,76.798,5.6
CRI,1999,338.797,15.46463,9954.328,51.172,1.894,86.96300000000001,5.4
CRI,2000,357.889,15.869251000000002,9948.318,51.455,1.73,91.382,4.2
CRI,2001,404.88700000000006,15.83496,10294.603,53.19,3.22,87.90299999999999,4.3
CRI,2002,444.284,16.069293000000002,10521.125,55.413,2.543,90.991,4.2
CRI,2003,372.416,16.267916,10895.636,54.197,5.170999999999999,98.941,4.1
CRI,2004,448.666,16.66307,10926.791,57.503,3.59,101.049,4.1
CRI,2005,374.888,16.962776,11198.666,56.298,3.633,86.256,4.1
CRI,2006,386.879,17.367884,11820.322,59.357,4.663,90.636,4.2
CRI,2007,556.9879999999999,17.900335,12681.621,63.744,6.99,119.425,4.3
CRI,2008,415.968,18.341074,12712.266,65.018,6.524,102.084,4.3
CRI,2009,396.39,18.348384,12537.375,63.698,5.654,110.031,4.1
CRI,2010,477.153,18.773763,12898.803999999998,66.864,5.589,102.548,3.7
CRI,2011,432.618,19.113699,13287.763,66.713,8.89,102.338,3.3
CRI,2012,587.699,19.612682,13408.441,73.0,9.226,112.036,3.2
CRI,2013,676.595,19.751384,13738.654,75.47200000000001,10.434,113.684,3.1
CRI,2014,491.336,20.110817,13853.042,71.086,9.77,116.714,3.2
CRI,2015,645.42,20.667649,13606.455,76.661,5.585,129.009,3.2
CRI,2016,678.526,20.865906,14237.371,81.369,6.257000000000001,131.233,3.4
CRI,2017,570.869,21.294729,14480.526,79.661,6.136,143.206,3.3
CZE,1990,2239.907,169.41930000000002,198794.454,831.642,1923.873,621.6469999999999,11.3
CZE,1991,2129.531,154.757089,180877.209,789.231,1810.422,555.18,11.5
CZE,1992,2088.097,148.884422,175051.81,740.957,1515.8829999999998,527.4979999999999,11.8
CZE,1993,1857.654,142.817162,168339.963,603.388,1428.972,490.98,11.5
CZE,1994,1779.65,136.571719,159426.06100000002,501.36,1271.556,469.074,11.6
CZE,1995,1696.1950000000002,136.174038,158387.281,426.468,1161.464,430.684,11.5
CZE,1996,1756.141,140.437728,161725.328,407.784,1003.085,428.988,11.6
CZE,1997,1622.194,137.79283,157215.625,377.141,761.853,408.076,11.9
CZE,1998,1394.387,131.059278,151049.265,357.376,466.663,379.327,11.8
CZE,1999,1254.102,123.22686,141075.726,330.60900000000004,254.485,362.247,11.9
CZE,2000,1209.447,136.689704,151153.92299999998,339.509,256.50600000000003,351.211,11.8
CZE,2001,1171.768,136.73227500000002,150774.898,336.853,251.084,337.613,11.8
CZE,2002,1121.644,132.566881,146980.15600000002,329.35799999999995,245.316,325.089,11.9
CZE,2003,1141.292,135.977888,150167.61,332.742,239.802,320.855,12.1
CZE,2004,1124.619,136.35897699999998,151024.784,332.502,236.176,310.009,11.5
CZE,2005,1033.627,134.43862199999998,148949.54100000003,328.644,228.804,300.873,12.0
CZE,2006,1020.795,135.145584,150181.4,319.537,226.866,298.665,11.9
CZE,2007,1017.184,136.929771,151844.59900000002,317.552,232.575,290.956,12.1
CZE,2008,954.419,130.79234,146782.658,297.924,186.374,284.24800000000005,12.1
CZE,2009,972.971,125.200061,137293.379,279.429,184.818,281.045,12.1
CZE,2010,1012.942,126.33862,140180.89899999998,276.429,179.425,277.589,11.4
CZE,2011,972.749,123.045108,138581.203,261.525,183.429,264.62800000000004,11.5
CZE,2012,960.23,119.013154,134622.991,248.471,175.413,258.486,11.6
CZE,2013,973.16,114.508348,129264.004,234.791,159.04000000000002,256.529,11.5
CZE,2014,938.73,111.277642,127092.115,228.868,147.23700000000002,251.55,11.9
CZE,2015,932.263,112.649471,128518.638,222.931,141.613,251.991,11.5
CZE,2016,931.069,114.510009,130119.281,212.755,126.001,248.648,11.7
CZE,2017,931.15,115.23192,130964.302,208.553,120.314,249.061,11.6
CZE,2018,939.791,114.306283,129192.211,200.652,105.639,248.935,11.8
CZE,2019,904.396,108.985909,123462.832,186.747,87.361,239.741,11.9
CZE,2020,870.1189999999999,99.534166,113082.619,167.969,72.83099999999999,217.527,11.6
DEU,1990,13245.872,954.737684,1251240.534,2874.679,5528.931,3941.014,14.9
DEU,1991,10975.355,932.224162,1205079.64,2650.444,4013.674,3422.645,13.9
DEU,1992,9460.721,891.811541,1155639.968,2502.558,3277.136,3104.564,13.8
DEU,1993,8558.062,885.8919040000001,1146320.797,2400.398,2937.72,2919.675,13.5
DEU,1994,7542.368,873.126392,1127806.419,2271.689,2445.929,2499.481,13.4
DEU,1995,7186.566,870.6269149999999,1120674.528,2212.981,1763.619,2370.451,13.4
DEU,1996,6621.513000000001,901.352102,1137882.84,2129.714,1493.54,2271.848,13.1
DEU,1997,6389.64,868.999715,1102200.797,2055.654,1240.237,2216.543,13.0
DEU,1998,5880.437,861.043854,1077617.186,2027.393,989.379,2158.878,12.7
DEU,1999,5473.277999999999,828.889373,1043193.538,1993.095,807.405,1995.094,12.8
DEU,2000,5146.122,826.321609,1040204.484,1916.209,650.468,1827.896,12.9
DEU,2001,4951.341,845.699218,1054881.883,1859.421,629.394,1731.67,12.5
DEU,2002,4652.613,832.0019,1033050.387,1796.975,565.522,1638.814,12.3
DEU,2003,4324.888,834.778397,1029402.486,1750.086,537.77,1556.532,11.9
DEU,2004,4110.648,818.664916,1010303.384,1702.351,497.416,1553.207,11.8
DEU,2005,3883.73,800.901575,984998.915,1651.615,478.472,1505.307,11.7
DEU,2006,3854.957,812.9018560000001,991909.402,1661.393,479.727,1501.615,11.8
DEU,2007,3815.742,781.189443,964876.789,1610.178,462.167,1438.648,11.5
DEU,2008,3793.52,788.173186,964986.071,1547.024,455.943,1375.735,11.4
DEU,2009,3246.138,733.902159,898346.973,1450.478,397.268,1260.328,11.2
DEU,2010,3556.031,773.008376,932390.535,1462.854,407.708,1378.1509999999998,11.6
DEU,2011,3472.017,745.431595,907513.464,1437.122,391.536,1288.337,11.3
DEU,2012,3214.587,759.4215929999999,913359.084,1428.348,372.93,1272.291,11.3
DEU,2013,3172.4210000000003,778.031811,933516.948,1427.5259999999998,361.121,1227.3529999999998,11.1
DEU,2014,3001.292,737.341731,893405.452,1381.809,339.401,1188.178,11.1
DEU,2015,3106.24,743.944402,896668.8489999999,1358.894,337.854,1161.335,11.1
DEU,2016,2982.155,748.8171540000001,898570.727,1330.7099999999998,313.06699999999995,1154.739,11.0
DEU,2017,2997.21,733.174174,881593.445,1279.104,304.442,1159.293,10.9
DEU,2018,2886.679,708.8601510000001,846181.396,1193.7040000000002,292.97,1112.057,10.9
DEU,2019,2785.974,659.623512,794643.232,1118.804,262.591,1085.054,10.6
DNK,1990,857.221,64.53479999999999,71834.905,355.267,212.64,254.272,12.3
DNK,1991,894.902,76.17599200000001,82448.989,414.504,284.985,264.087,12.2
DNK,1992,873.403,69.512768,76532.374,362.008,219.731,263.888,12.5
DNK,1993,857.98,72.164537,78686.024,360.54,177.91,254.03500000000005,12.3
DNK,1994,809.131,76.758742,82614.64,362.895,180.539,255.696,12.5
DNK,1995,766.7280000000001,73.143666,79763.981,340.165,173.264,250.708,12.7
DNK,1996,745.271,88.28547400000001,92946.351,379.909,209.586,252.614,12.7
DNK,1997,686.596,77.211204,83427.193,323.895,123.883,238.161,12.6
DNK,1998,643.703,72.825335,79470.92599999999,299.917,95.708,227.013,12.1
DNK,1999,585.337,69.359405,76839.335,277.559,70.731,218.874,12.1
DNK,2000,561.824,65.079522,72676.063,262.05600000000004,38.527,216.318,12.2
DNK,2001,550.424,66.818975,74412.00099999999,258.599,35.379999999999995,204.933,12.0
DNK,2002,520.452,66.486922,73884.897,255.341,33.655,198.488,11.8
DNK,2003,523.491,72.433606,79021.289,266.354,41.779,194.08,12.0
DNK,2004,502.58,66.290692,73073.601,247.796,34.014,189.012,11.8
DNK,2005,502.577,62.763529,68760.876,238.064,31.092,183.055,11.8
DNK,2006,485.919,71.540684,76514.49100000001,237.675,36.124,177.603,11.6
DNK,2007,490.46,66.351871,71893.445,221.314,33.338,174.479,11.6
DNK,2008,464.162,63.084031,68303.792,202.118,25.054,170.39999999999998,11.3
DNK,2009,422.393,60.917104,65556.731,179.8,18.369,158.561,10.6
DNK,2010,411.434,61.32436,65869.327,174.012,18.23,155.684,10.8
DNK,2011,360.906,55.901581,60663.519,162.959,16.56,147.73399999999998,11.0
DNK,2012,339.975,50.954228,56068.842,150.25199999999998,14.856000000000002,141.595,9.8
DNK,2013,324.008,52.696074,57789.687000000005,144.189,14.965,142.783,10.0
DNK,2014,295.851,48.690311,53618.402,133.128,12.507,132.91,10.1
DNK,2015,300.673,46.84484500000001,50843.571,131.161,11.326,135.59,9.9
DNK,2016,289.499,48.362618,52915.394,130.90300000000002,11.761,130.38,10.0
DNK,2017,277.566,46.590249,50782.728,127.901,12.048,127.873,9.7
DNK,2018,258.374,46.738519,50734.783,120.893,12.393,126.632,9.7
DNK,2019,240.636,44.022746,46949.744,112.245,10.863,120.842,9.5
DNK,2020,224.569,41.949737,44491.436,103.992,10.693,124.848,9.7
ESP,1990,4248.426,212.750598,287717.676,1363.337,2103.9990000000003,1076.8480000000002,12.9
ESP,1991,4321.066000000001,220.609736,295450.39,1405.802,2126.98,1077.9550000000002,12.8
ESP,1992,4334.768,232.209588,304841.628,1426.725,2108.969,1062.118,12.1
ESP,1993,4011.199,218.345769,294740.902,1361.996,2005.323,976.779,11.6
ESP,1994,3731.426,227.252715,310893.388,1368.511,1953.643,974.546,11.3
ESP,1995,3222.9790000000003,238.677254,327019.279,1375.211,1812.597,946.601,11.0
ESP,1996,3664.088,228.543174,318551.25100000005,1359.923,1595.003,974.064,10.8
ESP,1997,3487.304,246.603132,332627.956,1379.441,1664.304,962.403,11.6
ESP,1998,3358.0460000000003,253.375531,342191.48500000004,1376.28,1532.2820000000002,985.465,11.5
ESP,1999,3087.194,275.150515,368371.762,1380.68,1546.989,947.188,11.3
ESP,2000,2729.788,290.18432,383285.812,1388.134,1422.6570000000002,903.495,11.8
ESP,2001,2579.667,291.526769,382052.208,1355.362,1362.8300000000002,874.736,12.4
ESP,2002,2352.281,309.133349,400732.12,1379.104,1509.888,848.292,10.7
ESP,2003,2501.437,314.567664,407938.435,1388.573,1250.415,813.966,11.4
ESP,2004,2259.173,331.400327,423599.624,1404.915,1282.049,793.177,11.7
ESP,2005,2081.48,345.98977699999995,438769.681,1380.091,1234.6,754.576,11.9
ESP,2006,2088.866,337.32626400000004,432106.474,1349.546,1100.198,723.504,11.9
ESP,2007,2056.19,350.273101,442841.587,1349.542,1069.549,704.652,11.1
ESP,2008,1903.792,322.054215,409183.416,1151.52,392.717,652.774,10.2
ESP,2009,1935.936,288.561219,369819.103,1031.778,292.212,598.3760000000001,10.0
ESP,2010,1951.489,274.76063,354659.896,976.768,250.157,597.597,9.8
ESP,2011,1934.609,277.68709,354639.741,974.443,287.434,577.623,9.6
ESP,2012,1623.782,273.086404,347516.697,923.665,290.701,554.309,9.4
ESP,2013,1940.576,247.742943,320459.21,850.383,226.278,541.849,9.2
ESP,2014,1677.935,244.80286,321944.364,844.811,247.469,537.144,9.5
ESP,2015,1823.575,259.915194,333630.597,867.658,265.50800000000004,551.568,10.4
ESP,2016,1673.3190000000002,250.978137,321656.621,826.232,221.227,556.288,10.9
ESP,2017,1669.433,267.504706,334710.71400000004,829.739,224.746,576.902,10.9
ESP,2018,1888.152,261.106185,328912.133,817.37,202.858,591.213,10.4
ESP,2019,1624.435,245.472451,309820.744,759.3929999999999,154.20999999999998,582.568,10.7
ESP,2020,1464.205,206.8038,272250.11100000003,648.5310000000001,119.533,562.25,8.7
EST,1990,410.698,56.314901000000006,40302.03,119.834,453.531,106.022,9.8
EST,1991,394.245,52.709196,37426.671,107.137,411.723,101.083,9.1
EST,1992,245.971,38.205202,27233.267,72.975,316.629,69.445,7.8
EST,1993,235.703,31.003967000000003,21766.211,66.251,259.619,56.054,8.1
EST,1994,294.585,31.685631,22240.219,74.97800000000001,253.642,61.003,8.2
EST,1995,374.374,28.360219,20077.89,79.945,196.263,68.286,8.3
EST,1996,442.582,30.178454,21022.578,88.32300000000001,212.359,71.028,8.0
EST,1997,439.172,31.052422,20734.051,88.257,201.624,73.198,8.3
EST,1998,382.333,28.854318,19005.742,85.02600000000001,182.902,67.37100000000001,8.0
EST,1999,353.252,27.496309,17842.202,77.61,170.952,62.081,8.9
EST,2000,324.587,26.548818,17465.833,76.612,168.47899999999998,60.644000000000005,9.0
EST,2001,346.775,27.181922,17900.887,84.185,157.978,61.386,10.1
EST,2002,320.503,26.698774,17312.622000000003,83.46600000000001,149.621,58.875,12.0
EST,2003,324.105,29.976667,19247.309,85.151,173.171,57.231,11.8
EST,2004,294.509,30.240249,19376.471,79.271,153.584,57.188,11.5
EST,2005,266.858,30.544798,19154.749,73.94800000000001,133.155,54.904,13.0
EST,2006,245.807,29.606314,18503.783,71.003,121.761,52.982,13.4
EST,2007,278.145,35.489144,22062.886,79.169,153.75,49.157,14.8
EST,2008,275.679,31.708759,19956.756,74.411,121.267,45.732,14.2
EST,2009,275.07800000000003,26.410933,16520.628999999997,63.908,95.741,41.703,11.9
EST,2010,275.015,33.630038,21127.451,74.248,145.808,40.179,11.4
EST,2011,230.005,33.616481,21095.606,71.348,127.146,40.058,12.0
EST,2012,249.464,31.261594,19978.022,66.062,74.82900000000001,40.847,12.1
EST,2013,238.958,34.407425,21881.67,64.937,73.279,39.22,11.9
EST,2014,230.833,32.412967,21056.769,61.747,77.644,39.095,11.1
EST,2015,229.016,27.671484,17986.262,54.42,63.708,38.411,10.6
EST,2016,253.697,30.191987,19618.027,55.336,62.035,38.639,10.2
EST,2017,245.894,31.516692,20911.977000000003,56.35,68.703,39.957,10.3
EST,2018,246.406,29.929071,20045.255,54.474,54.525,39.56,10.0
EST,2019,243.551,21.755213,14548.809,45.49,33.354,39.982,10.4
EST,2020,242.152,18.747405,11415.663,41.589,19.594,42.74,10.8
FIN,1990,870.989,67.51361,71102.01,358.122,300.536,279.032,9.5
FIN,1991,842.4110000000001,68.113823,69055.219,347.879,242.556,266.864,9.2
FIN,1992,825.082,64.80698799999999,67694.968,338.187,189.109,259.72,8.9
FIN,1993,802.153,66.220465,69928.962,342.971,165.383,252.303,8.4
FIN,1994,778.855,73.714032,75507.24699999999,343.405,147.963,250.13,8.2
FIN,1995,767.829,69.344578,71757.634,317.88100000000003,125.521,242.793,8.3
FIN,1996,763.5360000000001,76.862974,77744.724,323.039,132.002,234.655,8.2
FIN,1997,754.628,74.663993,76424.18,316.164,121.412,234.94,8.6
FIN,1998,741.538,70.93775600000001,72741.295,299.339,111.942,229.625,8.6
FIN,1999,719.178,70.17132699999999,72061.954,293.605,109.082,220.979,8.6
FIN,2000,681.0360000000001,68.712688,70150.16500000001,280.217,96.686,211.215,8.6
FIN,2001,687.141,75.564543,75489.333,283.957,107.782,209.865,9.0
FIN,2002,667.457,78.284778,77900.68299999999,279.653,108.704,200.132,9.2
FIN,2003,646.115,87.821465,85506.76800000001,289.232,122.172,194.136,9.3
FIN,2004,625.637,83.214133,81755.06000000001,272.886,100.808,188.034,9.9
FIN,2005,600.044,69.418043,69717.991,238.602,82.443,175.295,10.0
FIN,2006,574.3389999999999,82.54099000000001,81128.013,257.27,100.043,167.863,10.1
FIN,2007,559.265,80.457212,79456.371,243.632,98.515,163.55800000000002,10.5
FIN,2008,521.706,70.950308,71323.708,222.899,80.485,144.377,10.3
FIN,2009,498.04,68.055592,67706.258,202.588,70.76,133.78900000000002,10.0
FIN,2010,515.197,77.300673,75570.039,212.821,79.667,134.312,9.7
FIN,2011,466.201,69.055616,67828.14899999999,194.004,71.675,124.446,9.8
FIN,2012,464.101,62.740861,62267.03200000001,183.28,60.497,119.843,9.3
FIN,2013,446.471,63.529513,62712.463,178.969,57.41,114.707,9.1
FIN,2014,440.8,59.122936,58530.393,169.505,51.429,112.037,8.8
FIN,2015,421.052,55.583333,55019.276,156.282,49.84,105.806,8.5
FIN,2016,430.576,58.667080000000006,57843.72,150.881,47.222,106.031,8.4
FIN,2017,419.214,55.941724,55040.859,146.14,41.928,103.222,8.4
FIN,2018,410.315,57.443833,55959.8,141.289,38.951,101.268,8.4
FIN,2019,400.754,53.983563,52735.633,133.297,34.480000000000004,99.806,8.2
FIN,2020,370.433,49.150185,47764.918000000005,115.866,27.363,99.675,8.2
FRA,1990,11141.687000000002,356.64790200000004,540840.229,2131.046,1309.847,2942.846,15.4
FRA,1991,11508.492,381.681331,566907.129,2186.274,1402.454,2974.618,15.4
FRA,1992,10742.791,370.71274,557289.4299999999,2151.214,1248.254,2892.227,15.4
FRA,1993,10209.072,352.242562,536253.553,2052.168,1086.414,2769.169,14.7
FRA,1994,9531.935,347.120427,528092.72,1983.938,1011.983,2620.083,14.6
FRA,1995,9341.689,355.158115,534181.155,1939.724,953.972,2537.686,14.5
FRA,1996,8795.296,371.11364,552530.869,1899.389,938.916,2468.6710000000003,14.5
FRA,1997,8168.555,362.729466,544952.696,1831.353,794.5780000000001,2350.369,14.3
FRA,1998,7894.072,384.386344,559293.58,1867.416,827.4350000000001,2293.055,14.5
FRA,1999,7398.597,378.66764,554367.961,1828.776,728.139,2200.673,14.4
FRA,2000,6716.575,376.914799,548723.542,1767.6989999999998,626.993,2094.197,13.9
FRA,2001,6310.348,380.525343,554292.3250000001,1726.3429999999998,569.952,1998.937,14.1
FRA,2002,6093.094,374.884159,548280.382,1684.368,525.3910000000001,1868.548,13.9
FRA,2003,5781.645,380.642713,552618.3600000001,1627.581,506.264,1815.602,13.4
FRA,2004,5843.224,381.373466,552217.898,1582.454,484.159,1697.267,13.1
FRA,2005,5327.459,384.258144,553908.276,1529.856,465.232,1611.975,12.9
FRA,2006,4728.521,375.14398,543318.495,1438.179,431.792,1509.1899999999998,13.1
FRA,2007,4461.829,366.45422,533562.749,1371.773,410.345,1378.424,12.9
FRA,2008,4264.563,362.231244,528096.398,1287.077,352.221,1300.715,12.5
FRA,2009,3803.324,348.943512,506889.963,1207.998,297.377,1226.755,12.6
FRA,2010,4202.8550000000005,352.882059,511160.812,1173.036,273.851,1237.36,12.3
FRA,2011,3489.458,340.046868,486271.799,1116.584,225.835,1166.063,12.4
FRA,2012,3194.907,343.853375,488207.712,1093.4450000000002,223.273,1116.131,12.2
FRA,2013,3245.822,344.187813,487913.22,1071.059,205.473,1108.593,11.6
FRA,2014,2720.099,312.49726,456757.907,995.905,161.569,1090.001,12.0
FRA,2015,2680.961,318.021188,460290.611,975.278,154.62,1062.642,11.9
FRA,2016,2710.182,320.718433,462648.572,924.193,138.728,1039.318,11.7
FRA,2017,2658.08,324.882725,465269.111,891.85,133.50400000000002,1026.966,11.7
FRA,2018,2534.955,314.22205,447076.665,833.877,124.759,1004.182,11.6
FRA,2019,2493.178,308.009197,437653.125,796.045,101.747,987.425,11.4
FRA,2020,2193.8500000000004,275.092652,398302.928,674.276,92.562,952.923,10.4
GBR,1990,8534.855,562.100011,806315.93,3153.268,3636.742,2980.361,9.8
GBR,1991,8655.079,572.899215,815184.216,3070.191,3566.967,2937.599,9.4
GBR,1992,8365.718,560.1307370000001,794913.324,3022.59,3472.771,2852.101,9.3
GBR,1993,8099.344,543.087893,775946.243,2879.074,3155.136,2730.135,9.3
GBR,1994,7483.281,535.725784,763737.312,2822.427,2868.374,2571.251,9.6
GBR,1995,6871.71,526.256422,757657.273,2686.628,2578.69,2430.281,9.3
GBR,1996,6961.494,546.518846,778398.109,2601.386,2192.048,2383.664,9.8
GBR,1997,6377.1050000000005,524.525623,754238.875,2422.702,1785.9,2280.4,10.0
GBR,1998,5957.582,527.279284,752819.717,2339.8,1783.427,2144.871,9.8
GBR,1999,5676.815,524.758885,723813.9430000001,2219.71,1375.492,1940.346,10.3
GBR,2000,5039.506,533.592588,723931.87,2130.2560000000003,1313.419,1799.333,10.4
GBR,2001,4712.185,548.523236,727075.843,2072.875,1242.859,1701.622,10.8
GBR,2002,4208.097,534.307335,705891.527,1971.488,1116.348,1594.981,11.1
GBR,2003,3812.594,546.801636,711325.212,1932.145,1085.346,1491.625,11.3
GBR,2004,3561.515,546.780964,707942.779,1867.992,919.403,1376.004,11.6
GBR,2005,3266.629,545.068669,699606.9709999999,1843.497,800.668,1283.4309999999998,11.4
GBR,2006,3041.717,546.3698800000001,692206.857,1773.0880000000002,753.7080000000001,1224.125,11.0
GBR,2007,2842.045,535.1730180000001,680042.438,1693.11,656.204,1176.721,11.1
GBR,2008,2596.221,521.177104,658737.961,1516.583,552.5690000000001,1086.176,10.8
GBR,2009,2059.892,472.813887,601909.981,1320.675,453.745,969.884,10.1
GBR,2010,1944.621,489.700942,615734.398,1292.251,461.866,930.372,10.1
GBR,2011,1768.485,451.965531,570242.527,1197.999,433.564,900.4920000000001,9.9
GBR,2012,1713.759,474.322965,586337.687,1217.92,468.006,882.89,9.6
GBR,2013,1700.028,459.859328,572049.585,1149.449,403.882,854.2479999999999,9.4
GBR,2014,1623.701,421.63235,531438.389,1070.897,328.58500000000004,839.3720000000001,9.4
GBR,2015,1569.913,407.108994,513888.085,1033.162,264.935,839.126,9.5
GBR,2016,1433.95,388.170339,488316.745,941.174,193.388,824.042,9.5
GBR,2017,1430.439,373.232378,476881.4360000001,905.552,188.858,833.131,9.7
GBR,2018,1420.887,367.432397,467876.993,863.6120000000001,175.419,849.47,9.8
GBR,2019,1372.336,353.168383,453240.431,805.697,157.755,833.803,9.7
GBR,2020,1263.339,315.943165,408971.174,704.311,137.84300000000002,794.994,9.7
GRC,1990,1357.736,80.017367,103995.885,448.976,556.8240000000001,347.641,10.3
GRC,1991,1343.741,80.321974,104016.391,448.347,550.546,348.588,10.2
GRC,1992,1277.355,82.605889,105297.781,455.906,566.5,342.187,10.0
GRC,1993,1281.29,82.415903,104838.047,446.327,557.0840000000001,342.32,10.7
GRC,1994,1264.538,84.13484,107467.799,454.624,574.3520000000001,344.417,10.4
GRC,1995,1165.427,86.978485,109591.499,440.072,565.481,332.12,10.1
GRC,1996,1166.589,86.939728,112626.458,447.86,562.703,338.261,9.7
GRC,1997,1164.6989999999998,88.073692,117481.481,463.582,597.5939999999999,336.202,9.5
GRC,1998,1166.983,91.724241,123005.206,492.722,624.131,342.44,9.0
GRC,1999,1162.209,92.099466,122997.303,485.982,607.46,344.716,9.5
GRC,2000,1101.88,99.453582,126671.175,470.788,604.75,336.982,8.6
GRC,2001,1107.083,101.781816,127742.787,498.541,619.3679999999999,333.901,8.8
GRC,2002,1052.996,102.133202,127730.888,492.865,602.216,348.135,8.2
GRC,2003,1012.493,106.078627,131581.043,503.461,611.084,360.775,8.9
GRC,2004,999.534,105.850598,132227.14299999998,507.366,612.144,372.219,9.1
GRC,2005,947.414,107.606324,136760.585,526.998,631.6039999999999,364.166,9.2
GRC,2006,964.683,106.693838,133282.801,526.702,586.062,338.301,8.7
GRC,2007,902.588,110.782891,135867.687,525.108,568.904,313.899,8.9
GRC,2008,831.068,107.03162,132493.902,496.343,490.542,285.022,8.7
GRC,2009,758.204,102.43818,125272.667,474.561,427.691,272.044,8.3
GRC,2010,671.696,95.12947,119170.667,396.856,251.225,234.405,8.3
GRC,2011,651.436,93.397228,116189.585,355.641,174.012,218.283,7.5
GRC,2012,699.296,87.806345,112934.172,311.584,155.634,210.485,7.6
GRC,2013,602.6320000000001,79.315177,103271.753,298.619,132.905,191.8,7.6
GRC,2014,610.5600000000001,76.166678,99846.424,293.846,114.1,187.76,7.1
GRC,2015,587.455,75.00321799999999,95974.156,287.219,111.09,179.97299999999998,6.7
GRC,2016,525.225,73.496623,92283.08,286.46500000000003,88.13199999999999,170.984,6.7
GRC,2017,538.707,73.600531,96119.254,292.30600000000004,98.743,164.914,6.7
GRC,2018,511.473,72.152208,92865.772,282.28200000000004,94.192,159.638,6.5
GRC,2019,503.663,67.240294,86161.307,272.331,87.90299999999999,159.094,6.3
HUN,1990,1590.621,74.62997899999999,94994.179,269.95,909.192,336.648,13.9
HUN,1991,1463.742,72.190196,88683.38799999999,237.066,912.311,295.986,13.3
HUN,1992,1159.439,65.493078,78854.879,212.939,783.8870000000001,264.873,13.0
HUN,1993,1232.302,65.720438,79872.753,212.531,788.866,251.48,13.1
HUN,1994,1108.752,65.033263,78758.258,211.459,689.999,236.137,12.9
HUN,1995,1076.323,64.665319,77655.198,209.348,672.806,230.798,12.2
HUN,1996,1047.114,65.823904,79812.038,212.856,670.865,222.107,12.5
HUN,1997,990.085,64.32608,78315.898,215.454,685.881,212.128,12.3
HUN,1998,916.591,64.791297,77792.061,215.744,620.271,204.842,12.2
HUN,1999,900.5319999999999,65.486536,78255.671,220.05,611.629,203.972,12.2
HUN,2000,940.248,62.120264000000006,75385.69499999999,206.842,469.086,207.56,12.0
HUN,2001,949.194,63.973444,77192.55500000001,206.87,380.364,207.523,13.2
HUN,2002,785.967,63.38392,75486.06199999999,198.815,299.172,193.043,13.3
HUN,2003,924.168,66.244935,78375.44099999999,203.029,270.351,197.91,13.2
HUN,2004,849.3670000000001,64.680802,77199.687,200.531,166.15800000000002,192.608,13.2
HUN,2005,766.284,64.53218199999999,76962.513,196.655,46.957,189.542,13.0
HUN,2006,666.417,64.141519,75667.80500000001,188.667,42.787,174.973,13.2
HUN,2007,621.048,62.502404,74018.195,184.37,39.67,159.48000000000002,12.6
HUN,2008,552.469,61.793214,71961.77200000001,177.933,39.221,149.867,11.8
HUN,2009,599.094,56.576409,65931.06,165.759,32.579,148.698,11.5
HUN,2010,606.835,56.915132,66540.439,162.371,33.376,143.217,10.8
HUN,2011,618.26,56.233688,64876.686,151.884,37.599,147.166,11.4
HUN,2012,635.711,52.668798,61563.322,144.476,33.453,148.129,11.1
HUN,2013,615.335,50.376668,58667.039,140.253,32.122,144.934,10.6
HUN,2014,526.333,50.469462,58999.119,138.255,28.381,134.966,10.9
HUN,2015,511.068,53.228351,62207.413,140.54999999999998,26.168,139.24800000000002,10.8
HUN,2016,495.26,54.173196,62702.609,132.042,25.305,139.471,11.1
HUN,2017,483.511,59.416725,65079.406,133.273,30.371,136.091,10.7
HUN,2018,415.213,59.391057,65040.29,131.942,25.225,129.561,11.4
HUN,2019,393.753,57.688767000000006,64778.417,125.842,19.194,129.848,10.7
HUN,2020,374.037,55.100533,62971.775,117.77,18.028,123.291,10.4
IRL,1990,722.965,41.667498,55658.708000000006,216.33,235.121,192.232,11.2
IRL,1991,707.3040000000001,42.394708,56569.503,219.423,235.099,193.844,11.2
IRL,1992,643.979,42.512361,56605.479,230.20800000000003,219.015,187.371,11.4
IRL,1993,614.963,42.74461,57202.826,220.21,207.267,184.202,11.2
IRL,1994,563.695,44.119655,58609.964,219.813,226.485,180.01999999999998,11.2
IRL,1995,536.1179999999999,45.0992,60097.341,217.636,208.482,177.43400000000003,11.5
IRL,1996,530.543,46.778207,62262.334,222.106,191.432,178.244,12.2
IRL,1997,479.887,48.2275,63700.995,214.754,215.033,174.18099999999998,12.8
IRL,1998,491.981,51.370019,66310.35800000001,226.443,228.251,177.184,13.2
IRL,1999,426.567,53.347324,67541.455,227.305,204.146,164.859,13.8
IRL,2000,410.946,55.932532,69730.77799999999,229.031,182.277,156.384,14.2
IRL,2001,395.615,58.454322000000005,71833.121,227.226,179.24399999999997,155.91,14.5
IRL,2002,378.374,57.499759,69993.064,217.211,133.875,155.615,14.3
IRL,2003,359.305,57.339803,70486.20300000001,215.214,103.397,153.134,13.5
IRL,2004,351.406,57.972636,69740.259,216.988,91.365,151.941,13.6
IRL,2005,352.81100000000004,60.163479,71548.78300000001,217.814,90.399,152.17,13.4
IRL,2006,328.787,60.845345,71036.24100000001,211.046,75.071,151.51999999999998,13.4
IRL,2007,307.76300000000003,60.060763,69890.83499999999,204.654,67.47800000000001,149.558,13.2
IRL,2008,302.529,59.124299,69345.893,185.196,55.734,144.50400000000002,12.2
IRL,2009,284.649,53.816299,63542.272,154.904,39.792,141.65,11.0
IRL,2010,264.18100000000004,53.862682,63046.001,146.246,32.466,137.74599999999998,11.6
IRL,2011,241.623,49.971783,58865.39,130.35399999999998,29.935,133.73000000000002,11.7
IRL,2012,233.371,50.262506,59952.555,133.162,28.336,135.177,11.5
IRL,2013,231.943,49.006212,59724.547000000006,134.945,28.323,137.258,10.6
IRL,2014,214.884,49.085472,59233.49,133.238,20.976000000000003,133.49,10.8
IRL,2015,215.585,52.155234,61737.195,136.227,19.206,134.746,10.7
IRL,2016,211.081,53.955805000000005,64018.861,135.833,18.391,136.972,11.2
IRL,2017,179.642,53.419055,63437.769,132.446,17.447,140.805,11.0
IRL,2018,174.034,53.89762,63747.23,132.55200000000002,16.382,140.765,11.0
IRL,2019,150.814,52.979176,61177.467,122.287,12.985,140.095,10.8
IRL,2020,145.897,52.122159,59068.166,113.464,12.862000000000002,135.214,10.1
ISL,1990,346.187,13.755898,3696.495,151.03,114.222,49.437000000000005,5.1
ISL,1991,336.313,13.575972,3489.273,143.565,109.075,48.976,5.0
ISL,1992,323.29900000000004,13.439651,3422.1780000000003,153.328,118.84,48.689,4.6
ISL,1993,306.545,13.524589,3509.674,159.983,116.458,47.617,4.4
ISL,1994,295.145,13.904057,3437.283,155.353,108.696,46.689,4.6
ISL,1995,293.208,13.654286,3567.981,163.066,104.059,45.682,4.7
ISL,1996,284.651,14.4959,3629.254,164.632,112.844,45.102,4.8
ISL,1997,280.473,14.348493,3788.387,162.053,110.578,44.122,5.1
ISL,1998,303.65,14.570158,3921.621,155.268,108.181,43.599,5.5
ISL,1999,314.93,14.584977,4137.995999999999,152.48,139.31,41.488,5.9
ISL,2000,295.893,14.951026,4169.002,148.638,161.197,39.661,6.2
ISL,2001,284.785,14.93556,4063.945,131.08,176.00099999999998,36.753,6.4
ISL,2002,280.287,15.095535,4158.324,139.922,184.707,35.448,6.6
ISL,2003,272.347,15.154304,4121.054,137.37099999999998,170.653,34.043,6.6
ISL,2004,272.411,15.590165,4225.335,141.713,149.387,34.172,6.8
ISL,2005,268.098,15.7673,4073.02,124.596,178.882,32.718,7.1
ISL,2006,290.01800000000003,16.010805,4634.624,119.784,172.277,31.977,7.2
ISL,2007,335.046,16.469835,4940.1230000000005,127.735,246.613,30.742,7.5
ISL,2008,491.741,16.251787,5324.524,116.071,309.233,28.669,7.2
ISL,2009,494.652,15.64988,5017.207,115.098,286.721,26.564,7.2
ISL,2010,487.692,15.389182,4921.777999999999,108.671,307.5,24.55,6.8
ISL,2011,474.651,15.488728,4706.956,98.479,339.18,23.72,6.8
ISL,2012,476.383,15.529894,4701.513999999999,97.178,349.672,23.032,6.8
ISL,2013,478.412,15.841822,4709.172,92.863,286.515,22.601,6.8
ISL,2014,470.001,15.917533,4701.8330000000005,90.692,257.879,22.654,7.0
ISL,2015,477.613,16.187458,4787.134999999999,93.075,234.691,23.492,7.7
ISL,2016,467.809,17.113042,4729.595,83.93299999999999,196.234,24.039,7.5
ISL,2017,476.81,17.330967,4813.676,83.37100000000001,185.644,22.658,7.7
ISL,2018,466.477,17.639303,4884.222,83.839,201.193,22.664,7.7
ISL,2019,440.063,17.998183,4737.0,77.997,211.218,21.476,7.4
ISL,2020,408.64,17.85661,4533.396000000001,71.398,192.0,20.247,7.4
ISR,1996,562.284,58.531088,57663.141,258.578,330.589,290.942,1.6
ISR,2000,435.9210000000001,66.875282,67173.54000000001,274.305,314.807,277.235,2.6
ISR,2003,326.449,73.132947,69903.72600000001,237.468,270.741,284.019,2.6
ISR,2004,302.12100000000004,73.306316,70229.609,224.221,251.487,262.387,2.4
ISR,2005,294.226,70.687968,70830.242,224.869,226.562,266.683,2.5
ISR,2006,270.595,74.208771,72176.228,218.425,207.916,271.653,2.3
ISR,2007,256.93,76.69971600000001,75407.693,219.205,202.998,283.035,2.5
ISR,2008,241.944,76.87979,76797.09599999999,208.989,191.324,278.475,2.6
ISR,2009,224.462,76.095485,72958.59,189.667,174.84699999999998,298.016,2.7
ISR,2010,209.889,81.069221,75835.72499999999,184.852,164.444,302.97700000000003,2.8
ISR,2011,189.292,80.11370199999999,77999.876,178.461,172.91,306.503,2.8
ISR,2012,160.99200000000002,86.743145,83936.24399999999,202.426,170.369,303.214,2.9
ITA,1990,6915.922,401.171983,521489.532,2165.645,1815.278,2028.523,11.0
ITA,1991,7305.49,400.194128,522705.875,2233.7160000000003,1702.085,2099.228,10.8
ITA,1992,7408.205000000001,397.684311,522000.538,2273.203,1601.914,2170.882,10.6
ITA,1993,7578.766,394.637911,515169.03,2167.953,1497.606,2165.436,10.3
ITA,1994,7158.271,390.365511,509380.349,2066.133,1413.894,2113.458,10.1
ITA,1995,7195.098,413.224969,535663.132,2027.149,1345.899,2094.382,9.6
ITA,1996,6903.01,410.3234690000001,530385.2409999999,1953.578,1235.221,2042.141,9.1
ITA,1997,6463.5960000000005,413.557301,538120.827,1875.05,1158.351,1995.909,9.1
ITA,1998,6024.9890000000005,424.242176,550595.6660000001,1759.921,1021.905,1906.325,9.0
ITA,1999,5579.6900000000005,430.250612,556150.1499999999,1660.476,919.529,1838.323,8.9
ITA,2000,4833.633,433.166632,559987.976,1536.866,770.109,1658.381,9.8
ITA,2001,4527.648,433.00139,561849.8150000001,1506.3,717.475,1593.402,9.7
ITA,2002,3922.441,440.043051,567763.026,1449.349,634.86,1496.889,9.3
ITA,2003,3998.853,458.187756,587258.12,1427.933,535.452,1476.4889999999998,9.3
ITA,2004,3452.924,467.994798,592913.676,1377.162,498.094,1371.687,9.0
ITA,2005,3526.836,469.431826,594207.596,1316.399,418.502,1362.646,8.7
ITA,2006,3380.051,462.204459,584063.0730000001,1264.499,396.113,1326.603,8.4
ITA,2007,3436.245,454.471104,578824.327,1196.762,354.214,1307.916,8.4
ITA,2008,3569.5440000000003,441.704473,566252.534,1075.927,298.92,1285.005,8.0
ITA,2009,3164.402,396.097096,511663.585,987.424,245.564,1202.982,7.3
ITA,2010,3124.448,404.45233,523474.451,956.637,225.793,1134.716,7.0
ITA,2011,2473.123,396.587414,510863.122,917.575,203.016,1042.037,7.0
ITA,2012,2741.6330000000003,378.947218,491958.086,866.697,182.537,1048.743,7.5
ITA,2013,2543.2380000000003,349.765729,456483.293,793.801,151.01999999999998,1012.998,7.4
ITA,2014,2293.019,331.415267,435406.55,770.001,134.083,939.274,7.6
ITA,2015,2303.947,341.932166,445743.051,731.175,128.026,911.796,7.1
ITA,2016,2227.646,338.047076,442969.647,715.908,122.052,895.0809999999999,7.1
ITA,2017,2295.2740000000003,334.021224,437348.268,672.588,118.665,936.3,7.4
ITA,2018,2083.4550000000004,329.765522,433638.149,673.114,111.129,909.158,7.8
ITA,2019,2094.648,322.05931,422283.243,653.182,106.485,902.436,7.7
JPN,1990,4393.256,1064.218069,1269344.297,1992.809,1262.694,2201.665,9.2
JPN,1991,4354.152,1076.181254,1283806.639,2041.252,1253.714,2158.6110000000003,8.9
JPN,1992,4202.171,1085.9851339999998,1295622.421,2012.215,1210.82,2086.105,8.9
JPN,1993,4108.528,1078.906798,1291402.475,1997.527,1165.35,2025.752,9.2
JPN,1994,4122.91,1131.255096,1352440.558,2034.071,1222.766,2022.316,9.1
JPN,1995,4074.279,1141.765443,1373829.195,2094.751,1213.246,1995.186,8.9
JPN,1996,3994.302,1155.176577,1386758.6209999998,2080.392,1168.0120000000002,2005.521,9.0
JPN,1997,3958.254,1145.734142,1378821.167,2104.569,1203.704,1937.978,8.8
JPN,1998,3794.442,1107.7504749999998,1330314.704,2007.036,1128.528,1782.76,8.7
JPN,1999,3758.526,1146.904713,1353673.088,2047.072,1146.0780000000002,1771.986,8.8
JPN,2000,3793.651,1162.454902,1373314.24,2056.502,1139.914,1791.18,8.6
JPN,2001,3601.413,1151.029493,1347572.011,2035.353,1133.1080000000002,1621.371,8.6
JPN,2002,3472.362,1187.550228,1371624.64,2083.009,1123.957,1554.031,8.4
JPN,2003,3400.246,1195.269481,1378462.833,2063.679,1096.961,1493.635,8.4
JPN,2004,3302.375,1189.345692,1369840.028,1993.773,1066.651,1450.9350000000002,8.2
JPN,2005,2979.028,1196.6343920000002,1377474.657,1968.804,1018.59,1404.186,8.5
JPN,2006,2984.6960000000004,1174.4532840000002,1356090.85,1884.31,977.876,1368.145,7.9
JPN,2007,2977.0530000000003,1210.940793,1391311.127,1793.833,933.984,1304.593,7.7
JPN,2008,2780.013,1143.566075,1318517.709,1659.035,866.886,1174.28,7.5
JPN,2009,2683.256,1089.886247,1246559.358,1570.874,808.857,1074.851,7.4
JPN,2010,3321.416,1146.131841,1300056.9,1574.303,778.135,1078.043,7.3
JPN,2011,2747.516,1202.245617,1350751.702,1510.56,733.621,1022.85,7.3
JPN,2012,2828.343,1242.399422,1393605.078,1464.022,729.798,986.461,7.2
JPN,2013,2742.952,1254.416246,1405361.454,1404.953,721.018,982.984,7.4
JPN,2014,2641.875,1204.406554,1356521.6830000002,1349.699,712.5310000000001,950.162,7.1
JPN,2015,2741.237,1165.989108,1317846.565,1291.932,672.2890000000001,939.038,7.2
JPN,2016,3231.283,1152.469429,1300157.016,1393.034,637.944,945.399,7.2
JPN,2017,3370.056,1138.015041,1286746.418,1305.908,597.6429999999999,929.541,7.2
JPN,2018,3267.902,1098.455314,1242725.535,1266.515,591.906,913.776,7.2
JPN,2019,3201.935,1061.725279,1207751.989,1227.456,583.8580000000001,888.663,7.1
JPN,2020,2824.808,1002.604724,1144941.573,1157.648,575.92,842.2660000000001,6.7
KOR,1999,904.167,388.81852,469378.689,1095.326,495.114,654.8580000000001,9.2
KOR,2000,919.727,433.957344,502692.154,1146.73,501.201,694.838,8.9
KOR,2001,862.916,442.664047,515965.862,1244.754,498.03,723.207,8.5
KOR,2002,840.0360000000001,445.740083,538417.17,1268.3380000000002,484.034,729.4739999999999,9.2
KOR,2003,822.231,447.913919,548773.238,1390.583,478.941,747.649,9.3
KOR,2004,833.9449999999999,472.159616,557023.355,1406.1750000000002,456.096,787.6460000000001,9.3
KOR,2005,805.2900000000001,470.112117,561483.7130000001,1333.8429999999998,416.939,745.648,9.0
KOR,2006,847.072,477.352085,567009.5160000001,1301.291,455.706,783.89,9.2
KOR,2007,818.466,490.363786,580352.7609999999,1212.158,410.793,861.6930000000001,9.3
KOR,2008,710.321,501.974473,594003.329,1066.226,426.501,843.394,9.5
KOR,2009,826.678,515.369454,598013.4380000001,1034.7,395.59,833.893,8.9
KOR,2010,774.953,565.055653,656062.0589999999,1082.463,409.848,847.022,8.9
KOR,2011,724.508,588.260776,684717.111,1060.844,442.649,863.948,8.9
KOR,2012,710.9399999999999,589.996327,688049.036,1096.467,425.965,901.393,9.0
KOR,2013,703.496,589.111419,697322.628,1112.072,412.684,903.258,8.7
KOR,2014,599.582,577.10858,692114.368,1157.9679999999998,349.923,894.9,8.9
KOR,2015,728.953,596.777107,692589.526,1177.466,359.117,979.705,9.1
KOR,2016,732.301,603.653636,693625.992,1269.75,365.88,992.42,8.7
KOR,2017,754.487,614.928358,710757.228,1210.0069999999998,321.595,1015.849,8.7
KOR,2018,747.656,620.7066090000001,727059.2640000001,1172.703,306.735,1003.944,8.5
KOR,2019,692.284,602.243691,701383.969,1104.987,278.058,989.371,8.3
LTU,1995,269.249,19.827798,22492.041,92.746,97.839,110.2,7.9
LTU,1996,289.439,20.532261,23475.425,97.122,97.299,112.346,7.9
LTU,1997,288.772,20.387975,23027.741,103.287,89.63499999999999,111.855,8.7
LTU,1998,281.695,21.424867,23919.218,105.469,110.31,102.214,8.0
LTU,1999,250.863,18.961409,21104.069,90.03500000000001,82.34,90.884,8.6
LTU,2000,227.506,17.583397,19499.061,78.17,50.182,81.14099999999999,9.7
LTU,2001,226.325,18.452148,20271.871,80.309,54.887,78.422,10.5
LTU,2002,225.999,18.842722,20631.937,81.773,48.115,79.633,11.1
LTU,2003,222.405,19.36017,20798.92,78.268,30.989,80.161,11.3
LTU,2004,219.441,20.253956,21599.027,79.175,31.99,79.87700000000001,12.2
LTU,2005,224.689,21.465933,22446.451,82.094,36.004999999999995,80.15,12.5
LTU,2006,231.139,21.954435,22762.947,81.025,33.291,83.185,13.2
LTU,2007,231.037,22.78546,24737.588,82.89,29.267,82.578,13.9
LTU,2008,228.28,22.922600000000003,23839.815,81.334,25.678,82.982,13.9
LTU,2009,215.385,21.018104,19832.363,69.815,25.5,76.42,13.1
LTU,2010,208.058,21.944006,20748.378,74.08099999999999,23.605,75.613,13.5
LTU,2011,198.951,21.735805,21111.332,72.781,24.917,73.999,14.7
LTU,2012,194.593,22.030575,21092.859,73.22800000000001,22.088,73.92,14.7
LTU,2013,181.636,21.840252,19961.205,68.905,19.182,73.3,14.5
LTU,2014,171.987,21.882057,19863.894,73.004,17.392,72.217,14.2
LTU,2015,162.94,22.119093,20161.856,75.658,20.095,70.85900000000001,14.0
LTU,2016,160.964,22.490728,20227.059,75.787,19.662,70.311,13.2
LTU,2017,159.127,22.891757,20351.854,74.181,17.666,69.957,12.3
LTU,2018,161.184,23.481175,20020.441,75.057,17.652,70.518,11.2
LTU,2019,153.883,23.877656,20251.744,74.463,15.944,71.146,11.1
LTU,2020,146.862,23.87715,20172.876,73.02,15.158,64.674,11.4
LUX,1990,1696.885,41.275619,12755.729,146.606,59.197,100.629,15.3
LUX,1991,1637.96,42.768352,13387.782,165.465,60.06099999999999,104.298,14.4
LUX,1992,1487.183,41.375149,13151.737,164.213,57.370000000000005,96.796,14.3
LUX,1993,1512.565,42.033037,13314.764,154.991,59.999,87.316,13.9
LUX,1994,1272.2240000000002,38.8634,12478.523,141.204,54.032,78.593,13.7
LUX,1995,732.9190000000001,32.095746,10103.188,119.111,31.763,71.968,13.7
LUX,1996,667.104,32.198623,10165.951,118.27100000000002,29.894,68.22800000000001,13.4
LUX,1997,454.144,30.660141,9517.34,117.708,20.143,63.597,13.2
LUX,1998,199.974,28.891573,8611.104,114.226,11.094,58.80200000000001,13.0
LUX,1999,194.739,29.934772,9072.292,121.691,11.325,56.299,13.0
LUX,2000,152.16,31.645071,9657.079,133.945,11.936,52.803,13.4
LUX,2001,160.31,33.249852000000004,10160.221,139.103,14.033,51.593,13.3
LUX,2002,146.326,35.034963999999995,10939.789,139.195,10.603,51.115,13.1
LUX,2003,135.711,36.232439,11391.926,145.90800000000002,9.514,46.451,12.7
LUX,2004,136.356,39.882303,12768.746,172.091,8.536,50.582,12.5
LUX,2005,122.791,40.343316,13021.769,176.20499999999998,8.239,47.613,12.3
LUX,2006,114.923,39.71179,12851.617,157.679,9.295,41.761,12.4
LUX,2007,118.035,38.114137,12261.765,140.821,7.409000000000001,37.703,12.2
LUX,2008,100.707,37.570149,12151.024,129.309,5.346,41.044,12.0
LUX,2009,89.368,35.614979,11607.435,113.953,5.211,37.097,11.9
LUX,2010,85.956,36.818402000000006,12183.03,115.153,5.016,34.682,11.9
LUX,2011,78.854,36.097615,12063.708,115.468,3.819,33.975,11.8
LUX,2012,79.75999999999999,35.206879,11826.406,106.138,4.336,34.453,11.8
LUX,2013,76.741,33.761713,11302.073,94.926,4.423,32.671,11.4
LUX,2014,71.259,32.393396,10804.823,87.446,4.048,30.235,11.6
LUX,2015,59.119,31.253949,10331.982,76.405,3.599,28.868,11.5
LUX,2016,60.08,30.634468,10095.096,67.69800000000001,2.397,28.788,11.4
LUX,2017,59.77,30.675786,10276.941,58.84,2.564,28.461,11.3
LUX,2018,52.921,31.041307,10580.651,53.051,2.377,27.882,11.1
LUX,2019,55.684,31.175475,10757.315,49.22,2.381,29.622,11.0
LVA,1990,659.95,25.827406,26032.475,133.262,138.164,122.755,6.7
LVA,1991,605.922,25.591457,24141.847,128.50799999999998,112.493,117.4,6.7
LVA,1992,542.418,21.342925,19369.431,104.975,96.495,106.102,6.9
LVA,1993,549.937,18.531535,15911.553,92.228,91.387,98.439,8.0
LVA,1994,525.756,16.426940000000002,13963.833,78.862,93.172,92.543,9.6
LVA,1995,496.149,14.99254,12594.898,72.396,69.263,90.929,9.1
LVA,1996,502.544,15.103572,12644.478,72.201,78.331,91.713,8.4
LVA,1997,473.554,14.850937,12085.437,69.131,62.036,86.903,8.4
LVA,1998,455.553,14.667839,11581.168,64.256,56.377,83.529,8.9
LVA,1999,458.749,14.190166,10794.911999999998,62.446,45.693,80.269,8.8
LVA,2000,427.473,13.951156,10172.077,60.534,25.261000000000003,78.35900000000001,7.1
LVA,2001,428.329,14.577275,10764.629,65.121,20.44,82.922,6.7
LVA,2002,415.208,14.904721,10732.63,63.701,18.644,81.636,7.4
LVA,2003,413.375,15.494371,10925.929999999998,66.443,16.323999999999998,81.047,8.2
LVA,2004,399.746,15.939639,10867.512,66.007,13.405,80.345,8.8
LVA,2005,347.048,16.60061,11025.296,65.568,12.653,75.026,9.9
LVA,2006,348.272,17.600694,11494.609,67.334,12.191,74.656,10.4
LVA,2007,323.478,18.450290000000003,11941.419,67.641,11.828,73.57300000000001,12.1
LVA,2008,297.43600000000004,17.988214,11480.648,61.666,9.611,66.401,11.8
LVA,2009,306.637,16.615957,10795.593,58.028,9.721,65.06700000000001,9.9
LVA,2010,247.083,17.097541,11863.536,60.066,6.381,60.276,9.8
LVA,2011,249.257,16.730252,11071.694,56.811,6.354,61.039,10.1
LVA,2012,247.817,16.97556,10889.683,57.44200000000001,6.594,60.35,10.2
LVA,2013,219.727,17.091939,10805.791,56.518,5.854,58.228,10.4
LVA,2014,208.732,17.163727,10717.949,56.158,5.817,58.337,10.6
LVA,2015,172.78,17.515608,10750.22,55.248,5.368,54.11,10.8
LVA,2016,169.401,17.709011,10747.595,52.763000000000005,5.184,52.197,11.3
LVA,2017,180.275,17.939644,10781.647,53.361,5.449,53.248,10.9
LVA,2018,185.931,18.504289,11278.179,54.931,5.828,59.519,11.0
LVA,2019,173.679,18.617631,11137.682,52.648,5.601,54.416,11.6
LVA,2020,153.813,18.277543,10488.659,48.988,5.359,51.263,12.1
MEX,1999,7570.782999999999,343.99992100000003,569148.146,1439.242,2885.819,2626.322,4.9
MEX,2005,42372.218,420.575135,636932.187,2810.771,3131.005,5212.52,5.0
MEX,2008,33335.329,442.909402,736259.242,3235.934,2261.514,6082.659000000001,4.0
MEX,2016,8310.172,454.955879,785546.7919999999,1922.54,1372.091,2230.025,4.4
MEX,2018,8426.046,425.290567,765606.9040000001,2319.291,1720.27,2781.213,4.8
NLD,1990,1215.099,164.446559,221795.868,690.7990000000001,208.524,646.388,9.9
NLD,1991,1110.78,170.350539,229727.232,679.348,193.942,607.878,10.0
NLD,1992,1067.591,169.052237,230166.261,664.6669999999999,182.812,559.1220000000001,10.0
NLD,1993,1037.978,173.370782,230479.326,647.316,170.909,535.003,9.7
NLD,1994,986.837,172.902955,231214.887,603.429,156.731,497.751,9.7
NLD,1995,976.248,177.70274,231320.533,587.3320000000001,143.56300000000002,464.018,9.8
NLD,1996,962.454,187.830894,241677.654,573.304,130.009,434.156,9.9
NLD,1997,904.624,180.282191,233343.448,539.418,114.55,398.617,10.1
NLD,1998,866.526,180.794879,233555.025,521.89,105.391,402.15400000000005,9.9
NLD,1999,834.8380000000001,175.366912,221085.097,514.69,98.638,380.465,10.1
NLD,2000,798.91,176.207322,219468.7,493.093,81.447,359.474,10.1
NLD,2001,797.2479999999999,181.370316,220596.95,479.302,82.098,328.708,10.0
NLD,2002,786.813,181.653642,218270.05,463.594,74.03800000000001,312.27,9.8
NLD,2003,782.344,184.719079,219007.328,460.319,69.069,305.021,9.7
NLD,2004,794.295,186.568709,220492.54,444.787,71.708,283.914,9.6
NLD,2005,778.8100000000001,182.32966,214680.102,437.548,70.057,289.02000000000004,9.6
NLD,2006,794.966,178.112344,209536.582,431.967,70.154,283.918,9.6
NLD,2007,780.8040000000001,179.145298,208090.555,413.538,65.908,287.072,9.6
NLD,2008,789.3050000000001,179.942973,207954.054,404.107,55.159,282.204,9.7
NLD,2009,739.3499999999999,174.81211100000002,202312.961,367.106,41.104,282.65900000000005,9.4
NLD,2010,741.5060000000001,185.852343,214249.531,359.831,37.339,294.0,9.1
NLD,2011,719.045,173.162075,199934.9,344.462,36.377,289.765,9.0
NLD,2012,682.237,171.785685,195593.425,322.11,36.365,281.75699999999995,9.1
NLD,2013,646.183,171.370967,195289.643,311.323,31.997,277.266,8.7
NLD,2014,613.6229999999999,163.962726,187064.672,285.14,31.77,262.469,8.4
NLD,2015,609.1550000000001,171.81257399999998,194027.367,281.64,32.531,270.868,8.3
NLD,2016,590.793,173.043356,194655.917,265.001,29.325000000000003,266.739,8.2
NLD,2017,585.8729999999999,170.239341,192002.373,253.179,27.755,267.081,8.3
NLD,2018,566.692,165.991632,186770.471,245.019,26.03,260.223,8.3
NLD,2019,547.7520000000001,160.74258,180947.297,228.929,23.846,256.178,8.2
NLD,2020,477.21,144.675208,164377.217,205.504,20.559,286.515,7.8
NOR,1990,980.781,40.192408,50724.402,246.123,61.183,402.525,5.0
NOR,1991,922.237,38.846762,48350.382,238.182,52.14,400.071,4.9
NOR,1992,878.1110000000001,41.933765,46717.664,243.254,45.136,431.249,4.7
NOR,1993,883.9530000000001,43.77264,48609.956,249.41,43.413,455.233,4.6
NOR,1994,873.197,45.677072,50513.753,255.24,43.228,474.485,4.7
NOR,1995,847.6410000000001,45.169867,50846.12,268.985,42.478,492.718,4.8
NOR,1996,818.2819999999999,46.436363,53729.599,280.367,41.323,496.471,5.0
NOR,1997,801.826,48.538765000000005,53705.603,290.668,38.263,495.286,5.3
NOR,1998,776.042,50.357414,53777.578,291.865,36.615,485.606,5.2
NOR,1999,743.04,51.96399,54753.643,282.704,35.851,495.256,5.5
NOR,2000,722.7860000000001,46.691165,54086.2,266.225,32.898,507.366,5.7
NOR,2001,705.978,47.82984999999999,55310.869,264.132,30.943,519.335,5.5
NOR,2002,696.689,47.537116,54184.85,256.77,27.952,466.412,5.9
NOR,2003,681.263,50.121388,54959.588,258.898,28.052,408.821,6.0
NOR,2004,661.768,50.885799,55440.048,256.954,29.979,363.789,6.2
NOR,2005,659.5060000000001,49.95582,54483.505,257.24,28.008000000000003,304.333,6.4
NOR,2006,636.42,51.038357000000005,54580.645,257.296,25.82,268.016,6.5
NOR,2007,620.2810000000001,51.759146,56284.816,260.965,23.651,259.304,6.6
NOR,2008,607.751,50.993081,54893.331000000006,253.047,23.873,219.087,6.8
NOR,2009,551.659,51.132931,52551.94,239.764,17.750999999999998,198.981,6.7
NOR,2010,571.117,54.064782,54936.295,244.326,22.337,202.82,6.6
NOR,2011,541.88,52.997266,54010.049,241.625,22.019,191.973,6.4
NOR,2012,535.449,52.823738,53391.304,236.948,20.083,192.529,6.2
NOR,2013,502.917,53.43221,53625.638,232.474,20.625,191.058,6.2
NOR,2014,480.434,53.69515,53917.189000000006,230.318,20.715,202.981,6.1
NOR,2015,487.861,54.460992000000005,54373.291,219.672,20.215000000000003,197.044,6.0
NOR,2016,484.042,53.741158,53457.242000000006,208.794,18.839,194.205,6.0
NOR,2017,490.113,53.69730199999999,52688.797,203.127,18.56,191.361,6.0
NOR,2018,491.347,53.277204,52712.891,199.379,19.732000000000003,187.26,6.0
NOR,2019,488.214,52.43544,50967.748,190.447,19.711,168.926,6.1
NOR,2020,493.479,50.966451000000006,49223.784,177.86,18.577,182.161,7.2
NZL,1990,782.484,32.049316,64739.162,132.048,75.883,186.061,10.3
NZL,1991,765.658,32.095959,65707.226,132.668,72.636,184.756,9.9
NZL,1992,772.5989999999999,34.035322,66853.906,143.994,78.531,189.725,9.8
NZL,1993,775.305,33.749287,66712.496,146.15800000000002,76.52499999999999,189.655,9.3
NZL,1994,809.3499999999999,34.203785,67877.977,150.954,77.041,197.479,9.5
NZL,1995,813.308,34.347062,68413.315,154.41,80.494,199.441,9.3
NZL,1996,810.967,35.579333,70570.446,161.192,78.916,199.24,8.8
NZL,1997,828.593,38.113512,73400.92300000001,170.191,75.793,208.508,8.7
NZL,1998,831.372,37.602367,71205.53300000001,162.90099999999998,73.806,209.933,8.7
NZL,1999,846.085,39.331283,72994.5,172.813,78.902,213.07,8.9
NZL,2000,844.8380000000001,40.317189,74869.875,181.108,83.105,213.116,8.9
NZL,2001,851.688,42.836079,77775.828,189.764,88.684,214.557,8.7
NZL,2002,872.318,42.775165,77702.115,193.139,89.495,216.503,9.1
NZL,2003,889.5840000000001,44.917807,79847.214,201.243,105.686,218.78,8.9
NZL,2004,908.913,44.35911,79688.733,194.108,100.879,223.489,9.1
NZL,2005,897.813,45.85574,81771.952,203.989,108.708,221.953,9.3
NZL,2006,897.06,45.940718,81792.904,202.691,104.102,222.971,9.3
NZL,2007,914.342,44.731308,79692.19499999999,197.736,95.378,225.428,9.2
NZL,2008,888.385,45.549723,79369.031,201.322,102.279,223.78000000000003,9.5
NZL,2009,868.124,42.342145,76665.124,189.01,86.86,220.87,9.3
NZL,2010,882.016,42.248857,77345.797,188.315,84.465,222.097,9.6
NZL,2011,865.636,41.545724,77123.736,187.511,84.81,220.97,9.5
NZL,2012,855.927,43.494533,79104.85500000001,197.254,90.646,219.233,9.2
NZL,2013,852.898,43.259869,78447.662,197.368,87.313,218.99,9.2
NZL,2014,846.23,43.37473,79230.164,197.701,85.258,219.622,9.1
NZL,2015,853.373,43.667819,79054.136,196.99,86.79299999999999,224.092,8.7
NZL,2016,866.6519999999999,42.799349,76946.543,188.241,78.45400000000001,226.865,8.9
NZL,2017,877.115,44.742751,78527.70999999999,198.212,79.884,230.365,8.8
NZL,2018,863.7810000000001,44.377196,78792.376,201.966,80.271,228.611,8.8
NZL,2019,866.649,46.033546,80005.85800000001,208.275,89.669,229.66,8.8
NZL,2020,786.629,43.291215,77345.85299999999,194.421,82.232,211.022,8.7
POL,1990,3724.69,355.041599,474566.8,1157.533,2749.7650000000003,850.821,8.3
POL,1991,4395.169,356.420886,463192.196,1145.9910000000002,2681.655,894.242,8.8
POL,1992,4415.783,347.860357,450868.447,1147.575,2372.0370000000003,877.9730000000001,8.3
POL,1993,5097.488,348.959406,450949.14,1153.886,2332.382,966.557,8.4
POL,1994,4778.87,343.119212,444839.162,1137.818,2219.932,962.811,8.3
POL,1995,4854.871999999999,343.437838,446743.545,1115.2949999999998,2152.074,962.68,8.1
POL,1996,5009.785000000001,359.63118799999995,460395.564,1146.219,2195.358,977.697,8.1
POL,1997,4616.89,348.257996,450024.08,1085.6950000000002,1989.299,947.798,8.6
POL,1998,4003.035,321.990092,419400.723,987.371,1795.115,878.677,8.4
POL,1999,4025.041,312.610082,407542.446,955.764,1608.408,867.3489999999999,8.3
POL,2000,3462.599,299.231377,394003.025,896.346,1395.656,833.582,8.4
POL,2001,3265.583,298.30003600000003,392533.232,869.8190000000001,1358.668,801.318,7.8
POL,2002,3268.02,292.190945,382311.816,833.64,1276.581,815.336,8.1
POL,2003,3113.532,302.999945,395548.93500000006,842.386,1245.8000000000002,781.7320000000001,9.1
POL,2004,3131.232,306.78499700000003,400809.927,857.112,1211.678,810.784,9.2
POL,2005,3149.015,306.371105,400719.189,884.604,1190.55,807.831,9.1
POL,2006,3391.509,318.558167,415352.191,896.492,1263.495,865.163,9.9
POL,2007,3144.872,316.924687,414663.708,888.0849999999999,1171.1470000000002,847.2339999999999,10.3
POL,2008,3240.821,312.247403,407867.879,859.155,937.323,869.159,10.8
POL,2009,3213.644,301.951973,389837.033,842.611,817.42,821.658,10.2
POL,2010,3468.98,318.313273,407247.534,859.357,882.284,788.707,10.0
POL,2011,3152.532,314.087965,405809.29,838.36,828.982,785.32,10.3
POL,2012,3174.559,307.79125700000003,397911.061,800.349,798.898,764.9079999999999,10.2
POL,2013,3057.281,303.216685,393891.768,759.6949999999999,759.51,716.1120000000001,10.8
POL,2014,2790.323,290.018514,381074.62,707.116,710.426,708.346,10.5
POL,2015,2732.603,293.65799,383405.3,686.853,688.978,728.2779999999999,10.5
POL,2016,2848.757,304.420908,394325.53,692.087,582.1619999999999,754.738,10.5
POL,2017,2802.023,317.300218,409013.82,720.958,573.703,756.051,10.6
POL,2018,2633.866,315.800416,409014.596,689.774,540.96,718.269,10.7
POL,2019,2311.274,298.926774,386396.429,642.948,456.165,685.4110000000001,11.0
POL,2020,2260.103,282.954741,371322.114,608.804,443.103,688.531,10.9
PRT,1990,872.7180000000001,47.602592,59479.312000000005,284.638,349.545,273.54200000000003,14.4
PRT,1991,885.621,49.37669,61403.652,300.452,339.01800000000003,275.825,14.0
PRT,1992,917.73,53.438028,65249.666,323.726,403.349,281.587,13.6
PRT,1993,886.617,52.307798,63751.866,312.86,340.578,267.854,13.4
PRT,1994,894.5250000000001,53.72086,64659.097,312.686,316.874,267.242,13.3
PRT,1995,904.931,57.10115,69313.257,325.297,353.96599999999995,262.27,12.8
PRT,1996,873.9190000000001,55.434497,67019.484,305.27,288.88300000000004,262.272,12.1
PRT,1997,854.3100000000001,57.620573,70206.441,307.73,302.144,266.84,11.8
PRT,1998,820.7860000000001,62.493633,75066.087,321.82,353.835,270.098,11.7
PRT,1999,783.739,69.010644,83176.777,334.358,363.436,260.478,13.2
PRT,2000,743.9559999999999,68.622184,82428.03,327.899,323.539,260.354,12.8
PRT,2001,693.956,68.586555,81947.85200000001,324.939,304.498,253.121,12.6
PRT,2002,670.656,72.57489699999999,86403.244,331.003,303.434,246.258,12.5
PRT,2003,644.263,67.677576,81306.923,304.03200000000004,202.706,234.241,12.2
PRT,2004,611.905,68.97475,84528.633,306.91,206.424,226.747,12.3
PRT,2005,569.211,72.305798,86497.453,308.538,207.801,214.035,12.0
PRT,2006,533.1279999999999,67.418023,81657.23199999999,284.747,180.624,205.057,11.8
PRT,2007,504.624,65.74161000000001,79332.96900000001,273.258,172.47400000000002,197.454,11.5
PRT,2008,461.85,63.982438,76907.798,253.655,114.102,187.15,11.5
PRT,2009,437.238,64.026554,73817.093,239.971,78.712,172.424,11.5
PRT,2010,436.048,58.801335,69536.437,221.403,68.902,172.856,11.3
PRT,2011,400.924,58.204931,68064.621,202.753,62.349,161.4,10.9
PRT,2012,385.966,56.630308,66083.094,187.897,57.187,153.84699999999998,9.8
PRT,2013,363.721,54.771204,64162.884000000005,183.753,52.556,151.618,9.5
PRT,2014,344.223,54.005055,64047.915,180.809,47.557,158.276,10.2
PRT,2015,352.557,58.010899,68185.227,183.863,50.05800000000001,159.821,10.3
PRT,2016,337.512,57.648215,66358.36200000001,176.233,50.009,157.222,10.4
PRT,2017,354.969,62.061653,71410.93000000001,179.40200000000002,51.765,159.559,10.4
PRT,2018,309.076,58.870184,67771.58200000001,172.768,49.422,158.32500000000002,10.4
PRT,2019,319.121,54.549682,64121.739,165.928,48.370000000000005,160.80599999999998,10.4
RUS,2008,16413.817,1566.888333,2054056.698,3835.832,4707.933,2909.351,18.4
RUS,2009,15742.155,1452.921104,1918812.312,3694.855,4543.795,2945.612,16.1
RUS,2010,15470.894,1542.058168,2011939.303,3761.231,4543.688,2914.324,15.8
RUS,2011,15950.8,1618.072898,2069045.904,3674.524,4493.211,2997.824,15.4
RUS,2012,16231.561,1621.359744,2093898.453,3476.106,4461.942,2580.898,14.8
RUS,2013,15891.974,1581.743162,2033837.079,3446.852,4336.006,2853.748,14.1
RUS,2014,15624.892,1564.715133,2029115.228,3402.495,4159.723,2760.059,14.0
RUS,2015,15637.082,1546.023609,2023995.775,3404.093,4224.66,2734.551,13.3
RUS,2016,15970.144,1522.490692,2023439.583,3483.59,4138.021,2774.79,13.0
RUS,2017,16277.098,1550.15746,2070222.509,3559.073,3834.939,2760.673,11.1
RUS,2018,16709.028,1614.9305490000002,2132716.579,3542.966,3728.22,2911.696,11.1
SVK,1990,1227.783,68.141844,73752.58899999999,162.232,166.027,306.712,13.4
SVK,1991,1132.279,60.328153,64355.591,143.253,160.697,284.305,13.7
SVK,1992,1065.886,54.679172,58635.836,132.814,157.397,269.075,12.7
SVK,1993,948.614,52.940931,55253.257,130.712,150.237,238.25,12.1
SVK,1994,857.8319999999999,49.906974,52696.514,131.525,146.44899999999998,219.836,10.6
SVK,1995,777.043,50.705629,53189.889,133.543,142.933,206.19,10.3
SVK,1996,728.389,50.63411,53007.821,133.143,139.916,198.786,10.7
SVK,1997,663.245,50.72845,52829.47,133.399,138.821,183.378,10.8
SVK,1998,676.587,49.121515,52127.978,133.051,139.59799999999998,184.033,10.0
SVK,1999,646.1419999999999,48.273148,50863.72,128.042,136.69,175.19400000000002,10.0
SVK,2000,641.8990000000001,46.102231,48995.28,130.68099999999998,139.042,175.193,11.0
SVK,2001,657.252,46.748026,51266.159,132.704,146.042,176.765,10.8
SVK,2002,564.353,46.340369,49879.421,124.655,117.798,161.12,10.8
SVK,2003,593.857,47.049645,49982.79,122.076,121.09,160.356,9.9
SVK,2004,602.602,45.863452,50689.388,121.656,110.655,160.746,10.1
SVK,2005,650.6179999999999,47.202253,50675.718,125.72,102.217,171.036,11.0
SVK,2006,597.188,46.604264,50454.33,117.639,100.454,163.864,10.6
SVK,2007,592.609,46.115258,48708.4,117.002,81.72099999999999,156.95499999999998,10.7
SVK,2008,546.904,46.093204,49223.265,118.777,80.07300000000001,152.18400000000003,11.2
SVK,2009,480.211,42.865949,44963.709,106.315,74.294,142.808,10.7
SVK,2010,529.058,45.112279,45775.058000000005,103.953,80.17699999999999,142.933,10.1
SVK,2011,490.646,43.454943,44848.202,95.439,79.45,139.304,10.2
SVK,2012,506.092,41.831081,42459.225,91.345,67.57,137.024,10.1
SVK,2013,460.624,42.4054,42139.0,81.723,61.345,131.726,9.9
SVK,2014,375.48,39.861089,40147.612,78.374,52.736,111.387,10.1
SVK,2015,429.33,40.414719,40877.112,80.347,79.242,128.541,10.2
SVK,2016,438.937,41.216826,41326.279,74.906,31.151,128.082,9.9
SVK,2017,441.312,43.439477,42427.08,74.282,33.051,125.647,9.7
SVK,2018,371.091,43.088078,42284.192,73.491,24.014000000000003,115.711,10.1
SVK,2019,334.122,41.218531,39963.053,68.996,18.5,112.038,10.3
SVK,2020,329.71,39.032841,37194.701,65.807,15.681,108.361,10.2
SVN,1990,437.628,23.338758,18807.056,112.944,304.507,97.782,13.8
SVN,1991,416.303,22.057375,17456.538,104.471,281.487,94.012,13.2
SVN,1992,410.813,21.520548,17440.993,103.128,290.581,92.145,13.6
SVN,1993,435.872,22.6775,17676.692,110.367,287.465,93.026,14.3
SVN,1994,425.298,22.783313,18091.434,114.593,278.06600000000003,94.397,13.4
SVN,1995,426.183,23.973911,18872.744,113.558,187.43,94.442,13.4
SVN,1996,440.064,25.093948,19473.391000000003,116.582,174.256,99.42600000000002,12.0
SVN,1997,403.461,25.824084,20014.012,117.499,180.511,94.501,11.2
SVN,1998,354.803,25.612995,19610.815,103.448,165.727,88.226,8.3
SVN,1999,328.051,24.995537,18995.483,92.14,144.75400000000002,84.028,10.6
SVN,2000,309.558,24.590959,18778.812,88.557,139.89999999999998,82.71600000000001,11.2
SVN,2001,326.136,25.735062,20050.629,89.588,95.071,83.532,13.0
SVN,2002,276.539,26.101149,20328.796,88.237,94.215,77.44800000000001,11.6
SVN,2003,278.647,26.061574,19997.838,83.251,89.799,76.633,11.2
SVN,2004,260.226,26.546438,20396.652,81.22800000000001,75.781,73.444,13.5
SVN,2005,274.776,26.919759,20653.608,82.815,59.524,72.372,10.3
SVN,2006,242.295,27.542141,20844.046,82.879,24.907,69.043,12.2
SVN,2007,250.106,27.730525,21030.819,80.745,21.076,68.839,11.0
SVN,2008,237.853,29.127127,21754.043,87.057,17.547,65.676,11.0
SVN,2009,212.827,26.65766,19576.179,72.35900000000001,14.804,60.277,10.5
SVN,2010,213.269,27.098927,19807.588,71.149,15.31,58.989,10.3
SVN,2011,208.403,27.084975,19725.617,69.905,16.759,55.266000000000005,10.6
SVN,2012,199.063,26.247779,19092.418,67.703,15.633,53.035,11.0
SVN,2013,198.037,25.417027,18390.932,63.58,14.436,51.731,9.5
SVN,2014,169.411,23.884426,16734.236,57.555,11.621,47.767,10.9
SVN,2015,180.547,24.072528,16920.663,52.122,8.3,48.206,11.5
SVN,2016,179.387,25.099316,17798.644999999997,51.252,7.091,48.468,10.5
SVN,2017,171.64100000000002,25.503517,17879.077,50.540000000000006,7.488,47.737,10.1
SVN,2018,155.682,25.612833,17697.676,48.258,7.357,47.157,10.0
SVN,2019,143.576,25.277376,17213.062,43.337,6.614,45.576,11.1
SVN,2020,128.594,23.792373,15982.39,37.335,5.933,44.455,9.8
SWE,1990,1227.686,63.564164000000005,71486.66399999999,324.598,115.257,411.039,6.4
SWE,1991,1278.18,64.509292,71596.089,329.13300000000004,113.369,393.615,6.3
SWE,1992,1207.794,67.026924,71260.856,313.354,105.304,371.246,6.3
SWE,1993,1095.168,66.642879,71476.271,298.369,93.305,334.273,6.2
SWE,1994,1115.315,68.80981299999999,73948.71800000001,301.689,91.703,327.417,6.3
SWE,1995,1049.991,68.504868,73334.479,288.925,79.124,310.539,6.2
SWE,1996,1020.27,74.222399,77247.73300000001,283.103,77.289,305.075,6.0
SWE,1997,928.725,68.056569,72353.894,270.53,67.262,281.414,5.9
SWE,1998,873.794,69.26041599999999,72742.45099999999,259.853,63.651,268.969,5.8
SWE,1999,804.255,68.375853,69610.64499999999,252.461,52.524,259.59000000000003,6.1
SWE,2000,728.0550000000001,64.529465,68356.815,248.918,49.753,248.291,6.2
SWE,2001,681.533,63.805348,69136.306,237.588,47.257,237.041,6.5
SWE,2002,642.637,65.483719,69743.024,229.02,47.233,231.679,6.9
SWE,2003,618.84,66.856718,70079.279,224.483,46.805,231.684,6.9
SWE,2004,571.612,65.479331,69418.052,220.709,41.8,228.528,6.5
SWE,2005,559.6469999999999,62.277632,66548.29400000001,216.876,40.388,226.604,6.5
SWE,2006,521.504,61.25287,66191.005,214.27,40.183,220.919,6.8
SWE,2007,511.391,60.085323,65041.986,208.892,35.291,226.605,7.0
SWE,2008,489.433,59.01726,62634.785,199.463,32.68,216.429,7.0
SWE,2009,471.28,55.787665,58401.535,184.936,29.977,199.371,7.3
SWE,2010,458.128,60.901537000000005,64382.514,189.269,31.855,194.725,7.4
SWE,2011,435.429,58.00104,60018.614,181.587,29.042,191.849,7.3
SWE,2012,405.487,55.717593,57114.544,173.728,28.412,182.56,7.2
SWE,2013,397.66,54.556124,55479.324,169.305,25.799,173.844,7.3
SWE,2014,384.465,53.724032,53734.954,166.72899999999998,22.815,169.258,7.2
SWE,2015,369.895,54.223128,53562.69,161.965,19.609,169.82,7.1
SWE,2016,371.317,54.097212,53473.636,158.844,20.368,161.91,7.2
SWE,2017,362.674,54.064158,52567.887,152.68,19.664,153.45999999999998,7.0
SWE,2018,339.704,52.648859,51789.258,148.103,19.144,148.707,7.2
SWE,2019,330.465,52.457577,50612.163,138.934,18.056,149.00500000000002,7.1
SWE,2020,315.073,51.284086,46218.493,129.852,16.733,146.364,7.5
TUR,1990,2060.017,136.32786099999998,219530.134,258.964,1717.157,912.63,1.4
TUR,1991,2096.92,139.286117,226798.767,276.357,1807.835,941.795,1.4
TUR,1992,2128.461,144.207179,233136.574,301.788,1845.895,954.472,1.5
TUR,1993,2092.644,150.449535,240775.903,298.75300000000004,1714.3049999999998,962.703,1.6
TUR,1994,6173.196000000001,147.97308800000002,234391.814,1103.8680000000002,1755.497,1365.161,1.6
TUR,1995,5847.643,161.72047899999998,248253.063,1057.044,1840.195,1326.206,1.7
TUR,1996,6382.121,178.437706,267585.796,1209.84,1970.24,1394.282,1.6
TUR,1997,7452.989,186.318421,278818.369,1426.602,2143.237,1493.227,1.6
TUR,1998,8328.848,186.507553,280323.447,1575.497,2222.5420000000004,1586.476,1.6
TUR,1999,2276.889,185.961404,277781.183,557.449,2131.965,1022.283,1.6
TUR,2000,8864.463,209.156509,298921.406,1519.606,2277.521,1632.423,1.5
TUR,2001,8058.101,190.481138,279744.431,1414.496,2013.445,1495.632,1.4
TUR,2002,5980.098,200.55759,285627.692,1086.472,1900.482,1310.298,1.4
TUR,2003,5164.796,211.238607,304799.351,984.769,1817.83,1238.79,1.5
TUR,2004,4233.478,215.901162,314428.221,1396.6229999999998,1806.134,1197.604,1.4
TUR,2005,3800.693,224.743046,337579.93100000004,1325.917,2032.525,1126.892,1.3
TUR,2006,3628.226,249.183619,358007.701,1294.492,2191.532,1106.108,1.2
TUR,2007,3470.187,275.16778600000004,391702.589,1242.769,2559.425,1000.69,1.3
TUR,2008,3632.485,271.354961,388500.024,1155.273,2594.915,1100.644,1.5
TUR,2009,3619.588,269.967158,395182.627,1083.974,2699.956,1108.916,1.5
TUR,2010,3497.063,276.863992,398798.617,1012.213,2591.538,1118.774,1.5
TUR,2011,3061.98,296.621198,428623.364,967.42,2657.948,1091.648,1.5
TUR,2012,3273.704,308.00777,448190.42,944.922,2770.779,1150.813,1.6
TUR,2013,2431.9080000000004,295.298612,440201.082,878.472,1980.809,1087.669,1.4
TUR,2014,2302.096,317.361546,459495.461,863.7040000000001,2178.675,1081.261,1.5
TUR,2015,2549.44,329.393757,474973.607,867.667,1966.758,1123.877,1.4
TUR,2016,2346.679,349.308963,501114.227,880.723,2275.2090000000003,1100.881,1.3
TUR,2017,2171.255,389.268201,528572.51,868.668,2383.652,1127.862,1.4
TUR,2018,1657.614,385.471858,523114.46,872.888,2549.157,1105.772,1.4
TUR,2019,1766.357,377.222887,508732.033,900.3380000000001,2555.336,1132.161,1.3
TUR,2020,1930.142,377.476204,523997.101,875.363,2195.1780000000003,1174.712,1.2
USA,1990,130309.417,4824.24233,6487356.937,22921.431,21008.528,21063.043,9.3
USA,1991,126152.975,4786.549535,6418431.561000001,22708.687,20367.909,20856.09,8.7
USA,1992,122003.192,4858.625301,6534905.603,22793.239,20102.454,20636.382,8.7
USA,1993,117315.127,4973.829132,6639551.05,22878.595,19820.512,20264.681,8.4
USA,1994,112831.081,5045.294991999999,6745192.426,22737.341,19425.491,19972.327,8.3
USA,1995,108799.32,5095.060232,6821959.338,22489.084,16945.801000000003,19649.077,8.1
USA,1996,103660.66,5252.079902,7023555.700999999,22201.8,16727.558,17302.005,8.2
USA,1997,100698.74,5521.180887,7079232.828,22331.449,17148.581000000002,17105.069000000003,8.1
USA,1998,98511.227,5567.738048,7124710.096,22011.794,17243.479,16512.652000000002,8.1
USA,1999,93895.892,5586.1190240000005,7169911.123000001,20584.022,15913.107,16026.583,8.2
USA,2000,92409.175,5752.510335999999,7369189.089,20334.335000000003,14819.443,15383.748,8.3
USA,2001,88841.379,5724.5357730000005,7253547.762,19461.766,14463.831,15202.435,8.3
USA,2002,80094.165,5567.223879,7293303.094,21707.522,13611.368,15545.183,8.3
USA,2003,77870.456,5632.587172,7352727.705999999,20516.003,13406.942,15200.182,8.4
USA,2004,75641.81700000001,5710.75474,7464390.410999999,19314.273,13191.231,14838.193,8.5
USA,2005,73409.481,5725.164482,7477383.664,18442.938,13189.658,14459.943,8.5
USA,2006,70941.454,5624.0062,7407946.322,17415.804,11893.784,14594.857,8.6
USA,2007,68473.63799999999,5708.397534,7511472.893999999,16388.749,10598.001,14729.774,8.7
USA,2008,61396.388,5533.51922,7294565.706999999,15302.902,9332.715,13572.855,8.7
USA,2009,55112.212,5140.416218,6840763.841,14267.02,8208.931,13421.691,8.7
USA,2010,56037.725,5372.3897400000005,7058220.726,13424.535,6973.634,13641.416,8.6
USA,2011,55571.547000000006,5147.785384000001,6907225.403999999,13045.641,5809.245,13891.047,8.7
USA,2012,53746.989,4922.009709999999,6670554.784,12462.759,4535.396000000001,13633.910000000002,8.9
USA,2013,51922.591,5057.894675,6841682.74,11879.920999999998,4347.935,13376.805,8.8
USA,2014,50098.217,5065.914428,6898547.263,11348.486,4188.965,13119.697,8.8
USA,2015,48257.459,4947.660664,6737379.65,10522.392,3525.068,12616.242,8.8
USA,2016,44060.17,4857.276243,6578452.723999999,9268.062,2850.709,11823.174,8.9
USA,2017,42876.571,4779.911727,6561844.623000001,8742.867,2187.75,11472.184,8.9
USA,2018,43154.349,4928.986024,6754852.315,8219.880000000001,2124.176,11771.101,8.9
USA,2019,41324.09,4763.089220000001,6617937.032000001,7737.923,1766.927,11014.041,9.0
USA,2020,40538.863,4275.188096,6025991.791,7265.791999999999,1583.3339999999998,10912.564,9.2
